CLAIM_FROM_MONTH,0295T,0296T,0297T,0298T,0464T,11100,11101,11102,11103,11104,11105,11106,11107,21310,23500,23600,25600,25605,27447,27500,27750,27786,28470,28510,29826,29827,38505,38525,62270,71250,71260,71270,71271,75557,75561,75563,75565,75574,76700,80061,81025,81240,81241,82150,82274,82465,82542,82570,82653,82784,82785,83497,83516,83520,83690,83721,83993,84150,84478,85025,85240,85244,85245,85246,85247,85250,85260,85270,85300,85303,85305,85306,85379,85384,85390,85576,85597,85610,85652,85730,86003,86038,86051,86052,86053,86140,86146,86147,86148,86160,86161,86162,86235,86255,86256,86258,86317,86355,86357,86359,86360,86362,86363,86364,86665,86769,86790,87045,87177,87338,88305,88314,88341,88342,88344,88356,88399,91065,92552,92553,92557,92588,92625,93000,93005,93010,93040,93041,93042,93224,93225,93226,93227,93241,93242,93243,93244,93245,93246,93247,93248,93281,93303,93304,93306,93307,93308,93452,93456,93460,93660,94761,94762,95004,95024,95044,95700,95705,95706,95707,95708,95709,95710,95711,95712,95713,95714,95715,95716,95717,95718,95719,95720,95721,95722,95723,95724,95812,95813,95816,95819,95860,95861,95864,95865,95867,95868,95869,95870,95885,95886,95887,95907,95908,95909,95910,95911,95912,95913,95921,95922,95923,95924,95943,95992,95999,96110,96111,96112,96113,96116,96118,96119,96120,96121,96125,96127,96130,96131,96132,96133,96136,96137,96138,96139,96146
2018-01-01,,45.0,566.0,88.0,,10190.0,1047.0,,,,,,,,36.0,,293.0,15.0,48.0,,19.0,58.0,22.0,,55.0,14.0,,,304.0,27478.0,43766.0,358.0,,17.0,73.0,,93.0,290.0,56957.0,1022846.0,515262.0,1458.0,1779.0,65355.0,49706.0,46162.0,13973.0,249397.0,,37173.0,20991.0,1758.0,41851.0,15666.0,357477.0,30317.0,1913.0,,28788.0,3061748.0,1593.0,64.0,1008.0,1337.0,267.0,80.0,,50.0,677.0,727.0,299.0,840.0,42337.0,5746.0,1082.0,648.0,381.0,459286.0,134448.0,196207.0,38387.0,64320.0,,,,159252.0,2947.0,4766.0,727.0,16122.0,298.0,1366.0,17470.0,11722.0,3615.0,,20623.0,2999.0,2423.0,9727.0,17495.0,,,,9789.0,,589.0,11998.0,11968.0,10641.0,362033.0,597.0,8023.0,41545.0,392.0,1443.0,,290.0,54111.0,1734.0,27595.0,8249.0,49.0,185016.0,553566.0,959826.0,3237.0,15207.0,10188.0,2891.0,2409.0,4191.0,2180.0,,,,,,,,,,25388.0,5770.0,210538.0,757.0,4542.0,15.0,,,42.0,22414.0,3823.0,19324.0,2421.0,247.0,,,,,,,,,,,,,,,,,,,,,,1629.0,1126.0,7388.0,7422.0,,309.0,,13.0,,,,45.0,1782.0,18923.0,135.0,34.0,506.0,1009.0,1988.0,3631.0,2052.0,1968.0,1983.0,219.0,5089.0,822.0,1233.0,103.0,,261960.0,9970.0,,,2166.0,3779.0,1350.0,1179.0,,684.0,146929.0,,,,,,,,,
2018-02-01,,108.0,705.0,192.0,,9802.0,1176.0,,,,,,,,13.0,,385.0,16.0,78.0,,,22.0,,,15.0,,,,221.0,23265.0,36996.0,249.0,,,65.0,,73.0,235.0,52115.0,963031.0,435756.0,1656.0,2031.0,56867.0,49406.0,43223.0,11986.0,233761.0,,33842.0,20460.0,1445.0,40162.0,14903.0,305556.0,27039.0,1760.0,,27211.0,2733730.0,1400.0,80.0,1002.0,1291.0,277.0,50.0,,60.0,611.0,664.0,337.0,795.0,37551.0,4938.0,884.0,823.0,356.0,406863.0,124537.0,173767.0,38915.0,60749.0,,,,144054.0,2600.0,4354.0,644.0,14424.0,204.0,1214.0,15923.0,11155.0,3159.0,,18024.0,2627.0,2197.0,8532.0,15806.0,,,,9622.0,,464.0,10359.0,11445.0,10385.0,337171.0,452.0,7619.0,38696.0,407.0,1075.0,,375.0,51545.0,1562.0,25635.0,6916.0,70.0,170310.0,482500.0,831991.0,3046.0,14368.0,8086.0,2858.0,2405.0,4360.0,2067.0,,,,,,,,,,22642.0,4763.0,190552.0,768.0,3883.0,,,16.0,51.0,20302.0,3307.0,18762.0,2281.0,121.0,,,,,,,,,,,,,,,,,,,,,,1517.0,1310.0,7307.0,6614.0,,301.0,,,,,,44.0,1353.0,17631.0,129.0,67.0,432.0,948.0,1908.0,3012.0,2138.0,1704.0,2201.0,162.0,5225.0,906.0,1139.0,77.0,14.0,224830.0,9147.0,,,1830.0,3362.0,1230.0,1138.0,,442.0,139342.0,,,,,,,,,
2018-03-01,14.0,112.0,908.0,276.0,,11276.0,1254.0,,,,,,,,13.0,,422.0,38.0,127.0,,,50.0,35.0,,27.0,40.0,,,309.0,27596.0,42410.0,300.0,,12.0,131.0,,118.0,320.0,62282.0,1069839.0,496021.0,1629.0,1940.0,62962.0,55646.0,47104.0,13016.0,254825.0,,38399.0,24694.0,1054.0,44641.0,16866.0,348658.0,30465.0,1915.0,,29755.0,2959978.0,1572.0,67.0,1112.0,1433.0,302.0,78.0,,57.0,672.0,732.0,371.0,842.0,43575.0,5582.0,991.0,664.0,416.0,452845.0,137519.0,195294.0,48737.0,67361.0,,,,159196.0,3048.0,4925.0,710.0,15644.0,279.0,1261.0,18250.0,12349.0,3629.0,,20677.0,2965.0,2422.0,8723.0,16206.0,,,,10317.0,,920.0,12151.0,12859.0,11677.0,374407.0,499.0,9148.0,44388.0,384.0,1191.0,12.0,455.0,60786.0,1914.0,28652.0,9431.0,83.0,189474.0,528885.0,916808.0,3886.0,14946.0,9153.0,3444.0,2684.0,4972.0,2480.0,,,,,,,,,,26041.0,5182.0,219524.0,1010.0,4457.0,,,,22.0,18494.0,4009.0,21549.0,3028.0,208.0,,,,,,,,,,,,,,,,,,,,,,2052.0,1512.0,8545.0,7479.0,28.0,406.0,,,13.0,,,89.0,1754.0,19108.0,103.0,94.0,429.0,1184.0,2148.0,3440.0,2613.0,2240.0,2277.0,196.0,5457.0,955.0,1169.0,94.0,,259064.0,10712.0,,,1924.0,3663.0,1396.0,1228.0,,239.0,160875.0,,,,,,,,,
2018-04-01,15.0,106.0,889.0,191.0,,11231.0,1243.0,,,,,,,,,,666.0,84.0,52.0,,,87.0,47.0,,31.0,30.0,,,269.0,25878.0,40153.0,298.0,,18.0,162.0,,202.0,294.0,60114.0,1037886.0,485924.0,1408.0,1715.0,61172.0,53480.0,47439.0,12921.0,245292.0,,37341.0,26129.0,1069.0,43144.0,16208.0,345306.0,29866.0,2040.0,,28844.0,2880200.0,1761.0,93.0,1133.0,1460.0,293.0,57.0,,41.0,583.0,671.0,358.0,814.0,42156.0,5359.0,927.0,736.0,302.0,440740.0,134227.0,190128.0,52607.0,66689.0,,,,155072.0,2827.0,4656.0,650.0,15975.0,269.0,1373.0,18299.0,12275.0,3625.0,,20877.0,2947.0,2366.0,9041.0,16783.0,,,,9443.0,,769.0,12963.0,12933.0,11482.0,367721.0,477.0,8012.0,42625.0,378.0,1116.0,,483.0,63653.0,2226.0,28295.0,9139.0,16.0,189325.0,512296.0,878350.0,3761.0,14567.0,8272.0,3584.0,2816.0,4788.0,2547.0,,,,,,,,,,24698.0,5043.0,211696.0,855.0,4311.0,19.0,,13.0,59.0,18737.0,3380.0,25235.0,3674.0,262.0,,,,,,,,,,,,,,,,,,,,,,1737.0,1509.0,8543.0,7437.0,22.0,303.0,,,,,,91.0,1534.0,18952.0,113.0,92.0,516.0,907.0,1977.0,3404.0,2089.0,2111.0,2048.0,207.0,4766.0,865.0,960.0,64.0,,270368.0,10441.0,,,1888.0,3555.0,1329.0,867.0,,213.0,162667.0,,,,,,,,,
2018-05-01,14.0,188.0,1048.0,183.0,,12689.0,1431.0,,,,,,,14.0,,,1019.0,124.0,48.0,,14.0,80.0,55.0,,13.0,,,,318.0,27656.0,43631.0,364.0,,,198.0,,109.0,321.0,62338.0,1036744.0,504437.0,1418.0,1770.0,62154.0,53299.0,48165.0,13386.0,247884.0,,38790.0,27368.0,1112.0,44624.0,17074.0,355504.0,29682.0,2048.0,,29609.0,2945162.0,1926.0,117.0,1357.0,1674.0,368.0,97.0,27.0,78.0,665.0,756.0,356.0,867.0,44378.0,5166.0,1035.0,741.0,391.0,457086.0,138762.0,199498.0,54744.0,68393.0,,,,159728.0,3173.0,4964.0,634.0,16176.0,243.0,1269.0,19226.0,12884.0,3642.0,,20358.0,2952.0,2479.0,9237.0,17093.0,,,,9541.0,,1075.0,12781.0,12869.0,11396.0,390329.0,440.0,9143.0,47145.0,383.0,1085.0,12.0,486.0,64053.0,2063.0,29441.0,8479.0,75.0,200227.0,530167.0,900535.0,3782.0,15269.0,8797.0,3728.0,3006.0,4913.0,2616.0,,,,,,,,,,26248.0,5156.0,222399.0,864.0,4462.0,15.0,,47.0,42.0,18888.0,4047.0,29657.0,4507.0,308.0,,,,,,,,,,,,,,,,,,,,,,1686.0,1446.0,8709.0,7787.0,37.0,347.0,,,,,,63.0,1869.0,21458.0,147.0,120.0,584.0,1228.0,2091.0,4045.0,2338.0,2173.0,2074.0,239.0,4633.0,990.0,1117.0,120.0,,276523.0,10544.0,,,2110.0,4084.0,1394.0,1216.0,,401.0,170539.0,,,,,,,,,
2018-06-01,36.0,198.0,946.0,201.0,,11128.0,1182.0,,,,,,,,12.0,,456.0,27.0,50.0,,27.0,,13.0,,,,,,339.0,25329.0,39889.0,354.0,,22.0,70.0,,116.0,357.0,55554.0,967417.0,459848.0,1279.0,1549.0,55496.0,49168.0,47450.0,11195.0,223670.0,,33065.0,22708.0,792.0,38635.0,16161.0,330788.0,28060.0,1721.0,,28123.0,2727213.0,1590.0,88.0,996.0,1369.0,271.0,55.0,,35.0,661.0,763.0,335.0,841.0,39783.0,5045.0,914.0,631.0,350.0,425640.0,125010.0,187800.0,45291.0,59993.0,,,,144779.0,2550.0,4317.0,692.0,13963.0,207.0,1153.0,16569.0,11060.0,3358.0,,18981.0,2646.0,2211.0,8294.0,15395.0,,,,7421.0,,883.0,11762.0,12090.0,10016.0,348904.0,409.0,8267.0,41066.0,321.0,1058.0,,427.0,66189.0,1736.0,24827.0,7545.0,71.0,169586.0,493508.0,845594.0,3182.0,13366.0,8251.0,3137.0,2237.0,4212.0,2091.0,,,,,,,,,,23165.0,4454.0,199780.0,661.0,3955.0,,,31.0,56.0,15648.0,3249.0,24162.0,3465.0,156.0,,,,,,,,,,,,,,,,,,,,,,1493.0,1098.0,7219.0,6796.0,18.0,224.0,,,,,,54.0,1367.0,17119.0,139.0,56.0,443.0,856.0,1741.0,3370.0,1910.0,1897.0,1983.0,236.0,4304.0,607.0,1097.0,81.0,,245109.0,8563.0,,,1733.0,3218.0,1049.0,984.0,,401.0,161837.0,,,,,,,,,
2018-07-01,,170.0,845.0,190.0,,10796.0,1144.0,,,,,,,,,,404.0,13.0,74.0,,20.0,,41.0,,12.0,,,,370.0,23867.0,41173.0,289.0,,,131.0,,84.0,389.0,55043.0,993041.0,477747.0,1481.0,1797.0,57751.0,47373.0,51983.0,10863.0,225384.0,,33549.0,21154.0,908.0,39120.0,17183.0,348205.0,27870.0,1776.0,,28678.0,2840497.0,1593.0,104.0,1048.0,1458.0,300.0,64.0,,61.0,708.0,800.0,378.0,924.0,41413.0,5285.0,934.0,678.0,414.0,436456.0,127130.0,190710.0,43964.0,60891.0,,,,148127.0,2711.0,4469.0,701.0,14204.0,240.0,1231.0,17081.0,10930.0,3213.0,,19250.0,2627.0,2245.0,8371.0,15795.0,,,,7332.0,,1011.0,12778.0,12902.0,10110.0,341411.0,321.0,7953.0,40084.0,319.0,831.0,15.0,349.0,83437.0,1950.0,25012.0,7353.0,57.0,169518.0,515482.0,890262.0,3313.0,12951.0,8821.0,2938.0,2348.0,4134.0,1993.0,,,,,,,,,,24290.0,4871.0,201120.0,870.0,4217.0,15.0,,,41.0,17799.0,3144.0,21598.0,2820.0,203.0,,,,,,,,,,,,,,,,,,,,,,1673.0,1191.0,7136.0,6757.0,40.0,283.0,,,,22.0,,69.0,1262.0,16947.0,201.0,54.0,442.0,883.0,1709.0,3210.0,1923.0,1742.0,1871.0,214.0,4183.0,413.0,1188.0,34.0,,270893.0,8177.0,,,1735.0,3397.0,1313.0,1334.0,,421.0,191452.0,,,,,,,,,
2018-08-01,33.0,203.0,918.0,268.0,,13307.0,1465.0,,,,,,,,,,497.0,46.0,54.0,,,17.0,,12.0,13.0,,,,514.0,26935.0,42519.0,361.0,,16.0,140.0,,153.0,410.0,62548.0,1087916.0,504584.0,1414.0,1774.0,60067.0,51102.0,62725.0,12305.0,239582.0,,38519.0,23517.0,1515.0,46360.0,19249.0,351553.0,30091.0,2200.0,,31173.0,2998112.0,1873.0,92.0,1267.0,1592.0,400.0,82.0,,60.0,679.0,803.0,362.0,900.0,42111.0,5887.0,1049.0,726.0,413.0,445656.0,137150.0,196435.0,51272.0,66708.0,,,,158284.0,3089.0,5065.0,842.0,15679.0,317.0,1277.0,18965.0,12733.0,3686.0,,21322.0,3159.0,2798.0,9155.0,17353.0,,,,8494.0,,797.0,14290.0,15243.0,12184.0,385559.0,330.0,10066.0,47607.0,350.0,859.0,14.0,520.0,112652.0,2573.0,30465.0,11584.0,77.0,194163.0,531529.0,910351.0,3514.0,13067.0,8106.0,3828.0,2794.0,5040.0,2798.0,,,,,,,,,,27872.0,5548.0,220694.0,976.0,4735.0,16.0,,16.0,90.0,18086.0,3542.0,24243.0,3115.0,123.0,,,,,,,,,,,,,,,,,,,,,,1991.0,1656.0,7952.0,7753.0,,252.0,,,,19.0,,189.0,1724.0,20652.0,160.0,31.0,526.0,1166.0,1945.0,3905.0,2380.0,2206.0,1816.0,217.0,4095.0,632.0,1111.0,15.0,,323472.0,9122.0,,,1895.0,4036.0,1540.0,1723.0,,689.0,258740.0,,,,,,,,,
2018-09-01,68.0,184.0,931.0,214.0,,10498.0,1092.0,,,,,,,,,,637.0,125.0,33.0,33.0,,74.0,13.0,,,,,,370.0,22488.0,37466.0,373.0,,,76.0,,136.0,310.0,52145.0,899073.0,443007.0,1243.0,1560.0,52102.0,43860.0,45297.0,11602.0,206232.0,,32837.0,20167.0,782.0,41064.0,17493.0,324035.0,24306.0,1945.0,,26514.0,2641794.0,1564.0,50.0,1056.0,1399.0,312.0,80.0,20.0,71.0,550.0,611.0,267.0,750.0,39238.0,4885.0,856.0,594.0,364.0,393730.0,119382.0,177117.0,43517.0,56700.0,,,,140437.0,2573.0,4123.0,650.0,13340.0,219.0,1085.0,16654.0,10585.0,3069.0,,17298.0,2839.0,2430.0,8053.0,14984.0,,,,7516.0,,446.0,11755.0,11855.0,10382.0,319389.0,335.0,7514.0,37713.0,331.0,551.0,,454.0,69734.0,1769.0,22354.0,10059.0,57.0,158114.0,496734.0,853336.0,3047.0,12106.0,8514.0,2660.0,2150.0,3909.0,1900.0,,,,,,,,,,22649.0,4447.0,183028.0,721.0,4232.0,,,15.0,64.0,16426.0,3046.0,18358.0,2409.0,88.0,,,,,,,,,,,,,,,,,,,,,,1560.0,977.0,6484.0,5804.0,16.0,153.0,,,,,,138.0,1093.0,16156.0,157.0,,287.0,655.0,1393.0,3002.0,1942.0,1731.0,1388.0,116.0,3231.0,390.0,634.0,,,246097.0,6809.0,,,1507.0,3025.0,1129.0,1279.0,,352.0,168112.0,,,,,,,,,
2018-10-01,129.0,325.0,1203.0,344.0,,13768.0,1615.0,,,,,,,,34.0,,910.0,154.0,53.0,41.0,,102.0,,,18.0,,,,353.0,27425.0,41652.0,457.0,,17.0,150.0,,130.0,395.0,62966.0,1028665.0,491470.0,1635.0,1999.0,56963.0,49070.0,49333.0,12694.0,237803.0,,40604.0,23255.0,944.0,47635.0,18591.0,332474.0,29019.0,2361.0,,30318.0,2864891.0,2145.0,74.0,1347.0,1760.0,338.0,76.0,16.0,47.0,769.0,849.0,336.0,976.0,40888.0,5593.0,1174.0,679.0,456.0,431410.0,138818.0,191123.0,51781.0,67464.0,,,,161835.0,3140.0,4910.0,948.0,16774.0,246.0,1269.0,19318.0,12879.0,3792.0,,18909.0,3497.0,3009.0,9653.0,17814.0,,,,9965.0,,693.0,12668.0,12881.0,11887.0,387942.0,557.0,10326.0,48695.0,361.0,736.0,14.0,549.0,76222.0,1942.0,31497.0,10155.0,31.0,201459.0,504315.0,887814.0,3882.0,12797.0,8245.0,4267.0,2803.0,4510.0,2493.0,,,,,,,,,,27717.0,5498.0,221814.0,1033.0,4475.0,,,31.0,118.0,17070.0,3781.0,25398.0,3324.0,156.0,,,,,,,,,,,,,,,,,,,,,,2186.0,1272.0,8997.0,7303.0,45.0,254.0,,,,17.0,,215.0,1582.0,20368.0,287.0,12.0,546.0,934.0,1865.0,4181.0,2324.0,2044.0,1478.0,159.0,4172.0,874.0,1050.0,17.0,,284482.0,8124.0,,,1608.0,4471.0,1721.0,1513.0,,430.0,205900.0,,,,,,,,,
2018-11-01,49.0,163.0,958.0,174.0,,9523.0,1033.0,,,,,,,,29.0,,366.0,35.0,35.0,,12.0,83.0,24.0,,,,,,266.0,23986.0,36374.0,274.0,,13.0,88.0,,107.0,308.0,50200.0,856516.0,435450.0,1173.0,1448.0,48772.0,39910.0,40316.0,11566.0,205930.0,,34686.0,19889.0,736.0,39969.0,17864.0,306668.0,23465.0,2095.0,,26332.0,2560032.0,1618.0,79.0,1108.0,1432.0,315.0,72.0,,50.0,623.0,687.0,326.0,813.0,36887.0,5558.0,1150.0,451.0,352.0,400100.0,121516.0,173260.0,40174.0,56915.0,,,,143771.0,2777.0,4429.0,643.0,14383.0,275.0,1202.0,16925.0,10655.0,3142.0,,16787.0,2755.0,2391.0,7742.0,14737.0,,,,8591.0,,613.0,10253.0,10134.0,10046.0,327770.0,408.0,8170.0,40652.0,311.0,568.0,18.0,351.0,59690.0,1406.0,23607.0,8036.0,31.0,157208.0,454298.0,820122.0,2727.0,11875.0,7563.0,2683.0,2075.0,3717.0,1810.0,,,,,,,,,,23538.0,4672.0,183688.0,937.0,3834.0,,,,117.0,16830.0,3425.0,18785.0,2363.0,78.0,,,,,,,,,,,,,,,,,,,,,,1590.0,997.0,6621.0,5698.0,,130.0,,,17.0,,,180.0,1158.0,16357.0,154.0,26.0,326.0,711.0,1342.0,3039.0,1700.0,1819.0,1277.0,99.0,3257.0,634.0,787.0,14.0,,232739.0,6267.0,,,1244.0,3605.0,1340.0,1314.0,,262.0,175149.0,,,,,,,,,
2018-12-01,41.0,158.0,1012.0,179.0,,7311.0,796.0,,,,,,,,12.0,,285.0,44.0,20.0,,12.0,68.0,30.0,,12.0,,,,239.0,24000.0,34258.0,290.0,,,55.0,,102.0,308.0,47749.0,799182.0,428418.0,1065.0,1328.0,48698.0,36780.0,37202.0,10629.0,188486.0,,32457.0,18232.0,627.0,36584.0,18047.0,327578.0,21932.0,2238.0,,26013.0,2565413.0,1247.0,46.0,869.0,1227.0,270.0,47.0,,41.0,561.0,623.0,275.0,739.0,40803.0,6905.0,984.0,660.0,307.0,402973.0,112865.0,182489.0,35937.0,50990.0,,,,142933.0,2667.0,4066.0,732.0,12518.0,255.0,1232.0,15238.0,9438.0,2834.0,,16492.0,2927.0,2563.0,7961.0,14670.0,,,,8161.0,,444.0,10493.0,10277.0,9905.0,280024.0,365.0,6866.0,33509.0,276.0,464.0,22.0,330.0,45192.0,1318.0,18961.0,6897.0,32.0,135441.0,470479.0,854662.0,2496.0,12222.0,8791.0,2219.0,1930.0,3421.0,1608.0,,,,,,,,,17.0,21340.0,4410.0,175813.0,864.0,3829.0,,,,33.0,17405.0,3505.0,14189.0,1668.0,58.0,,,,,,,,,,,,,,,,,,,,,,1296.0,884.0,6132.0,5352.0,,115.0,,,,,,106.0,890.0,12711.0,44.0,,311.0,493.0,1148.0,2432.0,1321.0,1205.0,1346.0,57.0,2803.0,434.0,593.0,14.0,,197639.0,5180.0,,,982.0,2982.0,969.0,1184.0,,116.0,143591.0,,,,,,,,,
2019-01-01,93.0,276.0,1239.0,231.0,,25.0,,7556.0,735.0,1451.0,273.0,153.0,47.0,14.0,,,313.0,,62.0,,15.0,73.0,,,,,14.0,13.0,388.0,30237.0,44550.0,422.0,,31.0,173.0,,160.0,410.0,60622.0,1103840.0,538448.0,1594.0,2022.0,58463.0,51504.0,48763.0,13379.0,251571.0,,44567.0,25439.0,884.0,50630.0,27748.0,372790.0,30296.0,2858.0,,31650.0,3112022.0,1933.0,53.0,1404.0,1719.0,415.0,64.0,12.0,65.0,829.0,798.0,324.0,1015.0,47878.0,8578.0,1157.0,816.0,386.0,466214.0,148228.0,217890.0,50650.0,69637.0,,,,180414.0,3468.0,5668.0,946.0,17854.0,393.0,1679.0,21374.0,13593.0,3550.0,,22115.0,3960.0,3334.0,11619.0,21841.0,,,,10778.0,,650.0,14087.0,13771.0,13191.0,382948.0,437.0,10660.0,50557.0,473.0,689.0,48.0,542.0,65903.0,2316.0,30781.0,9187.0,71.0,205448.0,545807.0,979723.0,3645.0,12869.0,10476.0,3400.0,2905.0,4633.0,2614.0,,,,,,,,,25.0,28990.0,6379.0,229813.0,1000.0,4949.0,,,14.0,106.0,19075.0,4734.0,24040.0,2857.0,165.0,,,,,,,,,,,,,,,,,,,,,,1811.0,1346.0,8846.0,7945.0,37.0,235.0,,,17.0,19.0,,218.0,1146.0,19673.0,120.0,53.0,354.0,945.0,1748.0,3957.0,2193.0,1979.0,2391.0,172.0,4624.0,836.0,797.0,36.0,,288135.0,180.0,6026.0,779.0,1911.0,97.0,,,182.0,385.0,221332.0,23328.0,7505.0,2961.0,1797.0,6870.0,5025.0,5999.0,2137.0,1794.0
2019-02-01,38.0,319.0,1321.0,210.0,19.0,,,6641.0,656.0,1269.0,184.0,223.0,22.0,12.0,14.0,,340.0,12.0,64.0,,,17.0,22.0,,45.0,16.0,14.0,,268.0,27482.0,37156.0,373.0,,,135.0,,162.0,422.0,55120.0,1018461.0,474086.0,1387.0,1688.0,52968.0,50123.0,44927.0,13605.0,229572.0,,40673.0,24594.0,994.0,44654.0,24593.0,341080.0,26973.0,2740.0,,29975.0,2860620.0,1835.0,61.0,1171.0,1649.0,413.0,83.0,15.0,76.0,650.0,701.0,322.0,830.0,44950.0,7928.0,1029.0,912.0,428.0,429710.0,134794.0,203631.0,48819.0,63535.0,,,,166012.0,3435.0,5357.0,869.0,16241.0,429.0,1621.0,19671.0,12650.0,3309.0,,18853.0,3760.0,3225.0,9927.0,18745.0,,,,10312.0,,754.0,12531.0,12389.0,12267.0,355971.0,325.0,9123.0,45368.0,333.0,542.0,49.0,414.0,58173.0,1836.0,27069.0,7168.0,44.0,181828.0,503246.0,901499.0,3147.0,12602.0,8254.0,2791.0,2703.0,4713.0,2408.0,,,,,,,,,21.0,26832.0,5342.0,210036.0,905.0,4281.0,,,15.0,100.0,17555.0,4275.0,20204.0,2188.0,202.0,,,,,,,,,,,,,,,,,,,,,,1928.0,1163.0,8344.0,7179.0,32.0,275.0,,,12.0,27.0,,116.0,1104.0,17174.0,139.0,38.0,326.0,870.0,1406.0,3378.0,1959.0,1599.0,2074.0,139.0,3757.0,739.0,663.0,,,245669.0,149.0,5850.0,886.0,1209.0,17.0,,,94.0,120.0,201421.0,25380.0,8321.0,2733.0,1982.0,7342.0,5049.0,5060.0,1808.0,2120.0
2019-03-01,105.0,367.0,1521.0,308.0,48.0,,,7676.0,679.0,1240.0,331.0,252.0,39.0,,13.0,,649.0,66.0,45.0,,,130.0,41.0,,52.0,,,,408.0,32054.0,44207.0,380.0,,,131.0,,132.0,541.0,63901.0,1127799.0,517374.0,1452.0,1796.0,59532.0,59510.0,53315.0,13934.0,246648.0,,44699.0,29807.0,717.0,48793.0,27325.0,393431.0,30335.0,3399.0,,36463.0,3160248.0,2165.0,69.0,1452.0,1958.0,535.0,99.0,13.0,110.0,818.0,923.0,420.0,1068.0,52292.0,8686.0,1335.0,1073.0,501.0,472596.0,148946.0,228179.0,56423.0,71427.0,,,,182658.0,3840.0,6054.0,1042.0,17658.0,325.0,1737.0,22109.0,14151.0,3726.0,,22283.0,3911.0,3231.0,10243.0,19233.0,,,,11572.0,,703.0,14611.0,14566.0,13605.0,386333.0,306.0,10278.0,49476.0,393.0,492.0,13.0,469.0,65510.0,1991.0,30687.0,8012.0,59.0,199602.0,572882.0,1009662.0,3480.0,14255.0,9918.0,3679.0,2951.0,5124.0,2729.0,,,,,,,,,23.0,28815.0,5718.0,237691.0,891.0,5307.0,17.0,,33.0,79.0,19281.0,4405.0,24936.0,3205.0,322.0,,,,,,,,,,,,,,,,,,,,,,2046.0,1561.0,9326.0,8568.0,,261.0,,,14.0,,,142.0,1422.0,20075.0,159.0,81.0,382.0,1046.0,1979.0,3798.0,2253.0,1654.0,2203.0,193.0,4314.0,979.0,763.0,57.0,,274660.0,82.0,6952.0,1534.0,1504.0,,,,321.0,154.0,221076.0,26752.0,8826.0,3495.0,2352.0,8406.0,5717.0,5599.0,2358.0,2000.0
2019-04-01,59.0,510.0,1766.0,380.0,,,,8438.0,741.0,1336.0,303.0,287.0,38.0,13.0,,,961.0,106.0,79.0,,,51.0,,,87.0,25.0,,,373.0,31566.0,44786.0,463.0,,15.0,198.0,,208.0,605.0,63102.0,1129580.0,524802.0,1383.0,1872.0,57874.0,58287.0,51388.0,14198.0,247392.0,,45620.0,32070.0,723.0,50236.0,27233.0,386325.0,32411.0,3443.0,,32581.0,3139963.0,2382.0,75.0,1673.0,2157.0,447.0,110.0,16.0,76.0,753.0,868.0,377.0,968.0,49345.0,7864.0,1515.0,1086.0,489.0,463152.0,152849.0,222507.0,63795.0,71793.0,,,,185113.0,4012.0,6262.0,1109.0,18539.0,379.0,1760.0,22977.0,14412.0,3740.0,,22804.0,4211.0,3485.0,10964.0,20622.0,,,,10805.0,,685.0,15156.0,15169.0,13655.0,413149.0,355.0,11322.0,54428.0,350.0,573.0,14.0,692.0,69832.0,1902.0,34526.0,8123.0,63.0,211170.0,550767.0,966408.0,3328.0,13840.0,9709.0,4248.0,2984.0,5220.0,2980.0,,,,,,,,,,30423.0,5938.0,241512.0,1120.0,5219.0,,,,79.0,17822.0,4304.0,30198.0,4201.0,151.0,,,,,,,,,,,,,,,,,,,,,,2146.0,1298.0,9723.0,9266.0,20.0,227.0,13.0,,13.0,13.0,,123.0,1607.0,21728.0,117.0,82.0,428.0,1092.0,2074.0,4163.0,2098.0,2001.0,2975.0,271.0,4798.0,826.0,714.0,66.0,12.0,296468.0,,6862.0,1306.0,1853.0,,,,311.0,241.0,233176.0,26938.0,8822.0,3764.0,2445.0,9388.0,6046.0,6622.0,2317.0,1317.0
2019-05-01,165.0,462.0,1896.0,325.0,,,,9009.0,866.0,1496.0,426.0,248.0,41.0,13.0,15.0,,1012.0,110.0,75.0,,26.0,94.0,38.0,,,,,,296.0,32074.0,45387.0,363.0,,,222.0,,242.0,642.0,63771.0,1092462.0,533668.0,1320.0,1804.0,56349.0,55968.0,47548.0,14153.0,241923.0,,44399.0,30783.0,861.0,48507.0,27487.0,394020.0,30326.0,3310.0,,30113.0,3132999.0,2104.0,100.0,1586.0,2003.0,459.0,99.0,28.0,87.0,750.0,845.0,366.0,986.0,51245.0,8205.0,1407.0,939.0,493.0,471035.0,151640.0,227862.0,58393.0,70776.0,,,,184285.0,3985.0,5791.0,1190.0,17987.0,355.0,1731.0,21715.0,13999.0,3749.0,,23218.0,4051.0,3284.0,10641.0,20417.0,,,,10847.0,,760.0,14836.0,14710.0,13070.0,419948.0,445.0,11515.0,55381.0,471.0,632.0,29.0,584.0,67416.0,2166.0,34503.0,7886.0,56.0,210619.0,567216.0,985039.0,3272.0,13903.0,9542.0,3977.0,3186.0,5356.0,2969.0,,,,,,,,,17.0,30256.0,5758.0,243671.0,1101.0,5424.0,,,,109.0,18282.0,4197.0,30607.0,4184.0,101.0,,,,,,,,,,,,,,,,,,,,,,2198.0,1416.0,9103.0,8962.0,24.0,264.0,,,,,,244.0,1505.0,22133.0,158.0,36.0,467.0,1154.0,2194.0,4272.0,2196.0,2046.0,3318.0,241.0,4856.0,762.0,773.0,71.0,,294595.0,12.0,6999.0,1614.0,2283.0,,,,671.0,270.0,235306.0,27652.0,8863.0,4101.0,2807.0,9760.0,6443.0,7523.0,2569.0,1662.0
2019-06-01,91.0,340.0,1740.0,327.0,,,,7824.0,663.0,912.0,245.0,245.0,90.0,14.0,,,656.0,44.0,39.0,,,51.0,37.0,,28.0,27.0,,,217.0,27030.0,41899.0,354.0,,,114.0,,177.0,602.0,55220.0,1027593.0,475157.0,1282.0,1664.0,52069.0,50858.0,47106.0,13384.0,218518.0,,38455.0,27191.0,949.0,42253.0,25354.0,372417.0,27389.0,3123.0,,28556.0,2915755.0,1874.0,35.0,1349.0,1683.0,393.0,70.0,18.0,58.0,677.0,723.0,303.0,907.0,46716.0,7998.0,1128.0,711.0,394.0,437855.0,136604.0,215653.0,51626.0,62936.0,,,,166626.0,3442.0,5212.0,1026.0,15480.0,242.0,1463.0,19244.0,12706.0,3133.0,,21850.0,3669.0,2978.0,9255.0,17789.0,,,,8703.0,,685.0,13585.0,13702.0,11406.0,370104.0,382.0,9465.0,44735.0,436.0,565.0,14.0,434.0,71103.0,1855.0,33640.0,6605.0,58.0,181763.0,530140.0,920826.0,3009.0,13161.0,9563.0,3223.0,2345.0,4375.0,2389.0,,,,,,,,,19.0,26638.0,5087.0,214038.0,1053.0,4788.0,14.0,,25.0,75.0,14918.0,3992.0,25785.0,3386.0,170.0,,,,,,,,,,,,,,,,,,,,,,1922.0,1358.0,7786.0,7463.0,,234.0,,,,,,207.0,1441.0,17853.0,153.0,13.0,335.0,777.0,1631.0,3352.0,1854.0,1682.0,2729.0,255.0,3947.0,638.0,556.0,47.0,,261808.0,110.0,6173.0,1299.0,1737.0,,,,727.0,295.0,222779.0,11196.0,5529.0,3176.0,2039.0,7649.0,4651.0,5708.0,1908.0,1211.0
2019-07-01,154.0,422.0,1988.0,314.0,,,,9137.0,970.0,1174.0,237.0,176.0,34.0,,,,494.0,43.0,47.0,,12.0,,,15.0,13.0,28.0,,,322.0,29996.0,45167.0,291.0,,29.0,121.0,,180.0,561.0,58120.0,1122546.0,499412.0,1322.0,1737.0,55425.0,52813.0,56203.0,14382.0,234626.0,,42253.0,27918.0,585.0,47548.0,27805.0,390529.0,30759.0,3327.0,,30524.0,3150548.0,2193.0,101.0,1508.0,2006.0,455.0,93.0,37.0,77.0,808.0,852.0,386.0,1001.0,48855.0,8389.0,1231.0,805.0,486.0,463486.0,149357.0,225361.0,53790.0,67705.0,,,,180127.0,3707.0,5703.0,983.0,17237.0,314.0,1629.0,21020.0,13591.0,3261.0,,23723.0,4004.0,3169.0,9841.0,19247.0,,,,8946.0,,790.0,15799.0,16640.0,12879.0,392776.0,327.0,10995.0,51589.0,399.0,479.0,,500.0,97376.0,2427.0,48188.0,8211.0,74.0,198091.0,561771.0,973151.0,3404.0,13950.0,10272.0,3255.0,2639.0,5041.0,2269.0,,,,,,,,,,29592.0,5861.0,229499.0,873.0,4839.0,,,,44.0,16427.0,4423.0,26881.0,3457.0,145.0,,,,,,,,,,,,,,,,,,,,,,2206.0,1313.0,8514.0,8160.0,14.0,236.0,13.0,,,,,175.0,1604.0,19125.0,152.0,51.0,355.0,875.0,1735.0,3592.0,2028.0,2009.0,2836.0,492.0,4120.0,851.0,622.0,49.0,13.0,317810.0,20.0,6848.0,1319.0,2308.0,,,,938.0,354.0,291053.0,9341.0,5366.0,3548.0,2306.0,8213.0,5490.0,7370.0,2430.0,981.0
2019-08-01,13.0,395.0,1961.0,551.0,,,,10189.0,1137.0,1243.0,406.0,195.0,14.0,15.0,,,559.0,97.0,52.0,,12.0,31.0,31.0,27.0,28.0,,15.0,,388.0,30136.0,45695.0,361.0,,,199.0,,117.0,626.0,60171.0,1161490.0,504951.0,1203.0,1650.0,55922.0,51859.0,63542.0,13952.0,234985.0,,43363.0,28682.0,677.0,49261.0,29560.0,389243.0,30727.0,3550.0,,31294.0,3201057.0,2414.0,88.0,1733.0,2199.0,589.0,99.0,32.0,100.0,810.0,944.0,386.0,1068.0,48713.0,8525.0,1336.0,877.0,409.0,458695.0,150940.0,225883.0,55765.0,69182.0,,,,182670.0,3912.0,5830.0,1103.0,17578.0,432.0,1575.0,21139.0,14274.0,3541.0,,24084.0,3982.0,3312.0,9977.0,19889.0,,,,9363.0,,818.0,16463.0,17609.0,13856.0,406477.0,417.0,11482.0,53343.0,410.0,612.0,16.0,511.0,134007.0,2837.0,61514.0,9520.0,93.0,205010.0,564935.0,983630.0,3477.0,14580.0,10365.0,3787.0,2830.0,5114.0,2449.0,,,,,,,,,17.0,30410.0,6331.0,234439.0,923.0,5227.0,,,,47.0,16861.0,5067.0,25770.0,3285.0,123.0,,,,,,,,,,,,,,,,,,,,,,2402.0,1376.0,8470.0,8465.0,70.0,247.0,,,15.0,,,328.0,1622.0,20099.0,154.0,31.0,317.0,1021.0,1970.0,4238.0,1990.0,1999.0,2707.0,620.0,3844.0,766.0,663.0,19.0,,357720.0,50.0,7380.0,1077.0,2525.0,,,,1087.0,353.0,361995.0,11344.0,5370.0,3497.0,2392.0,7788.0,5407.0,7305.0,2127.0,1108.0
2019-09-01,23.0,496.0,1976.0,445.0,,,,8829.0,1043.0,1275.0,250.0,242.0,75.0,16.0,,,1021.0,141.0,25.0,,,79.0,66.0,23.0,23.0,12.0,,,271.0,28628.0,43719.0,349.0,,,99.0,,69.0,489.0,56200.0,1043540.0,492621.0,1118.0,1498.0,53010.0,47607.0,48744.0,12902.0,224702.0,,41769.0,26536.0,590.0,46458.0,29532.0,381856.0,27527.0,3725.0,,27813.0,3075405.0,2245.0,87.0,1545.0,1965.0,401.0,116.0,,58.0,716.0,818.0,339.0,942.0,48914.0,7696.0,941.0,784.0,363.0,443095.0,146997.0,220375.0,50151.0,65812.0,,,,181603.0,3915.0,5770.0,1147.0,17003.0,454.0,1513.0,20563.0,13206.0,3537.0,,21854.0,3877.0,3291.0,9918.0,18848.0,,,,10098.0,,670.0,14644.0,15154.0,12859.0,384107.0,380.0,10465.0,50158.0,371.0,622.0,15.0,345.0,92572.0,2239.0,71754.0,7943.0,46.0,195188.0,566582.0,971634.0,2952.0,14157.0,10474.0,3410.0,2764.0,4763.0,2363.0,,,,,,,,,16.0,29003.0,5513.0,219672.0,869.0,5467.0,,,51.0,98.0,17486.0,5057.0,23824.0,2766.0,118.0,,,,,,,,,,,,,,,,,,,,,,2062.0,1381.0,8059.0,7402.0,,188.0,14.0,,,,,110.0,1415.0,18505.0,139.0,75.0,292.0,941.0,1629.0,3394.0,2045.0,1758.0,2969.0,474.0,3916.0,564.0,478.0,81.0,,306798.0,94.0,7714.0,1161.0,2288.0,,,,971.0,137.0,287768.0,17757.0,6104.0,3455.0,2027.0,7047.0,4815.0,6818.0,1727.0,834.0
2019-10-01,35.0,605.0,2272.0,497.0,,,,10511.0,1294.0,1435.0,306.0,306.0,85.0,17.0,53.0,,938.0,144.0,51.0,,41.0,84.0,85.0,,41.0,,,,334.0,34584.0,49499.0,346.0,,27.0,166.0,,196.0,936.0,66331.0,1182594.0,543820.0,1370.0,1801.0,58492.0,54140.0,51468.0,15128.0,249521.0,,48232.0,29691.0,622.0,52719.0,34102.0,388712.0,30639.0,4498.0,,29632.0,3279351.0,2831.0,115.0,1876.0,2488.0,492.0,123.0,38.0,108.0,988.0,1054.0,584.0,1284.0,51163.0,8607.0,1345.0,652.0,450.0,474129.0,163633.0,238266.0,57008.0,74835.0,,,,200896.0,4758.0,7024.0,1207.0,19921.0,718.0,1701.0,23719.0,15580.0,4130.0,,24881.0,4771.0,4034.0,12628.0,22913.0,,,,12064.0,,998.0,14860.0,15677.0,14253.0,445206.0,439.0,13232.0,61262.0,523.0,572.0,24.0,563.0,96831.0,2680.0,122135.0,8687.0,50.0,229731.0,588208.0,995692.0,3743.0,14096.0,9846.0,4278.0,3600.0,5638.0,2795.0,,,,,,,,,17.0,33652.0,6666.0,254937.0,1207.0,5615.0,,,32.0,86.0,18477.0,5291.0,30251.0,3710.0,251.0,,,,,,,,,,,,,,,,,,,,,,2889.0,1695.0,10092.0,9274.0,13.0,287.0,32.0,,13.0,,,129.0,1925.0,23372.0,252.0,81.0,468.0,1212.0,2263.0,4652.0,2433.0,2175.0,2988.0,687.0,4185.0,791.0,770.0,93.0,17.0,334457.0,84.0,10990.0,1675.0,3192.0,,,,1230.0,221.0,323293.0,26052.0,10214.0,5101.0,3090.0,9681.0,7035.0,8839.0,2609.0,1084.0
2019-11-01,18.0,438.0,2015.0,357.0,,,,7068.0,742.0,1051.0,349.0,265.0,64.0,,,,379.0,29.0,37.0,,,41.0,50.0,,14.0,,,,250.0,29094.0,40459.0,251.0,,,97.0,,62.0,567.0,53759.0,963101.0,463066.0,1048.0,1393.0,49124.0,42671.0,41405.0,14652.0,207146.0,,39925.0,24114.0,516.0,45102.0,29762.0,360673.0,23536.0,3699.0,,25277.0,2865784.0,2086.0,102.0,1429.0,1812.0,421.0,92.0,29.0,72.0,659.0,756.0,444.0,943.0,45649.0,7630.0,1192.0,611.0,364.0,415018.0,136353.0,208867.0,42746.0,59524.0,,,,172605.0,3328.0,5314.0,806.0,15138.0,416.0,1312.0,18525.0,12698.0,3222.0,,21072.0,3750.0,3148.0,10305.0,18300.0,,,,10073.0,,750.0,12191.0,12308.0,12071.0,358902.0,437.0,9805.0,47594.0,265.0,573.0,18.0,481.0,76237.0,1914.0,113498.0,6760.0,53.0,174783.0,526780.0,904207.0,2726.0,12889.0,9376.0,2924.0,2629.0,4644.0,1950.0,,,,,,,,,21.0,27120.0,5274.0,208319.0,1006.0,4524.0,,13.0,,92.0,17884.0,4497.0,20774.0,2697.0,137.0,,,,,,,,,,,,,,,,,,,,,,2208.0,1197.0,8101.0,6956.0,12.0,260.0,28.0,,,,,131.0,1455.0,16803.0,116.0,26.0,233.0,811.0,1335.0,3549.0,1847.0,1586.0,2221.0,447.0,3402.0,707.0,613.0,80.0,,257841.0,106.0,8731.0,1291.0,2142.0,,,,838.0,174.0,247273.0,18896.0,7682.0,3464.0,2066.0,7468.0,5006.0,6482.0,1661.0,880.0
2019-12-01,40.0,420.0,2227.0,471.0,,,,5667.0,628.0,1066.0,451.0,215.0,73.0,16.0,12.0,,285.0,,57.0,,14.0,34.0,29.0,,,,,,210.0,28627.0,41414.0,175.0,,,49.0,,47.0,627.0,51231.0,890655.0,472306.0,861.0,1177.0,48522.0,38803.0,35293.0,14973.0,201249.0,,37303.0,20810.0,538.0,40679.0,28368.0,375349.0,22482.0,3385.0,,23784.0,2885326.0,1666.0,72.0,1141.0,1551.0,362.0,97.0,36.0,75.0,657.0,741.0,380.0,850.0,46167.0,7677.0,1137.0,558.0,314.0,419363.0,130011.0,207452.0,35303.0,54687.0,,,,170550.0,3287.0,4912.0,849.0,14861.0,522.0,1242.0,16932.0,12115.0,3166.0,,19370.0,3853.0,3325.0,10052.0,18114.0,,,,9313.0,47.0,535.0,11043.0,11220.0,11323.0,327578.0,534.0,8770.0,41872.0,260.0,603.0,,445.0,63133.0,1475.0,112216.0,5801.0,27.0,155722.0,543398.0,945601.0,2437.0,13125.0,9458.0,2417.0,2261.0,4285.0,2000.0,,,,,,,,,13.0,25798.0,5310.0,202664.0,1061.0,4814.0,,,,20.0,19496.0,4675.0,17722.0,1956.0,36.0,,,,,,,,,,,,,,,,,,,,,,2115.0,1286.0,7302.0,6677.0,,168.0,,,,,,109.0,1006.0,14224.0,112.0,43.0,189.0,562.0,1044.0,2971.0,1284.0,1411.0,1826.0,467.0,2736.0,510.0,531.0,32.0,,246749.0,118.0,7747.0,1205.0,1792.0,,,,812.0,207.0,217317.0,16394.0,6572.0,3344.0,1782.0,6712.0,4405.0,6377.0,1625.0,895.0
2020-01-01,22.0,736.0,2586.0,425.0,,,,9035.0,1069.0,1636.0,464.0,305.0,81.0,15.0,16.0,,416.0,83.0,62.0,,18.0,69.0,42.0,,58.0,12.0,,,112.0,37318.0,50316.0,533.0,,38.0,165.0,,155.0,748.0,63157.0,1249406.0,578566.0,1136.0,1534.0,58634.0,51526.0,50577.0,16718.0,281738.0,,50472.0,28749.0,640.0,55497.0,33624.0,409193.0,32040.0,4842.0,,30910.0,3465467.0,2535.0,110.0,1834.0,2266.0,452.0,137.0,16.0,86.0,1031.0,996.0,545.0,1201.0,53064.0,8486.0,1463.0,795.0,499.0,479839.0,170201.0,239870.0,49440.0,75421.0,,,,210563.0,5075.0,6842.0,1359.0,21052.0,609.0,1827.0,24030.0,16115.0,4007.0,,24685.0,5049.0,4126.0,13873.0,24559.0,,,,13126.0,,874.0,14075.0,15183.0,15466.0,422241.0,536.0,11957.0,57545.0,441.0,626.0,,490.0,85324.0,2389.0,132427.0,7438.0,68.0,230601.0,625521.0,1077638.0,3200.0,14463.0,11543.0,3323.0,2891.0,5424.0,2632.0,,,,,,,,,13.0,33622.0,6988.0,252718.0,1118.0,6074.0,20.0,,15.0,71.0,18169.0,4926.0,26177.0,2831.0,167.0,2133.0,21.0,,,244.0,275.0,,16.0,,264.0,323.0,993.0,449.0,,971.0,12.0,7947.0,,,,74.0,2849.0,1266.0,9979.0,8652.0,16.0,313.0,,,16.0,,,223.0,1830.0,22431.0,223.0,33.0,546.0,1594.0,2127.0,4450.0,2174.0,2236.0,2067.0,397.0,3842.0,771.0,587.0,132.0,12.0,343094.0,136.0,11065.0,1866.0,2896.0,,,,690.0,290.0,314829.0,23728.0,10520.0,4952.0,2885.0,9675.0,6156.0,7736.0,2294.0,990.0
2020-02-01,21.0,585.0,2953.0,616.0,,,,7997.0,925.0,1450.0,447.0,310.0,22.0,,30.0,,546.0,49.0,51.0,31.0,37.0,106.0,82.0,20.0,26.0,28.0,12.0,,41.0,33175.0,42642.0,263.0,,27.0,121.0,,97.0,698.0,58884.0,1157298.0,483488.0,1373.0,1753.0,51195.0,54899.0,46670.0,13300.0,253010.0,,46543.0,28701.0,543.0,51392.0,31003.0,366921.0,28912.0,4809.0,,28754.0,3147236.0,2478.0,109.0,1609.0,2071.0,416.0,134.0,35.0,114.0,911.0,1028.0,481.0,1204.0,47350.0,7788.0,1181.0,716.0,397.0,438199.0,154054.0,222303.0,50073.0,70349.0,,,,190381.0,4765.0,6552.0,1443.0,19045.0,510.0,1730.0,22881.0,15127.0,3923.0,,23223.0,4165.0,3513.0,11388.0,20414.0,,,,12214.0,,938.0,12780.0,14391.0,14368.0,386874.0,435.0,10889.0,52136.0,345.0,495.0,12.0,489.0,78101.0,2142.0,121889.0,6743.0,29.0,201607.0,568079.0,959139.0,3248.0,13602.0,9708.0,3196.0,3069.0,5675.0,2464.0,,,,,,,,,20.0,28721.0,5874.0,232824.0,1111.0,5152.0,,,,74.0,15046.0,3715.0,23099.0,2523.0,114.0,1917.0,24.0,,,393.0,121.0,,,41.0,214.0,227.0,753.0,488.0,,734.0,24.0,7835.0,14.0,,15.0,,2404.0,1327.0,8242.0,7636.0,,192.0,,,,,,135.0,1448.0,20084.0,227.0,28.0,282.0,1048.0,1751.0,4205.0,2126.0,1849.0,2413.0,420.0,4043.0,761.0,617.0,154.0,,282622.0,46.0,10380.0,1680.0,2366.0,,,,508.0,70.0,276212.0,22713.0,8753.0,4014.0,2626.0,8774.0,5950.0,8296.0,1975.0,1073.0
2020-03-01,14.0,455.0,3216.0,618.0,,,,4635.0,547.0,781.0,262.0,331.0,16.0,,16.0,,435.0,12.0,20.0,79.0,,29.0,35.0,,,,15.0,,45.0,28822.0,37621.0,231.0,,,59.0,,29.0,269.0,39741.0,825941.0,384893.0,963.0,1309.0,38223.0,38753.0,31641.0,10134.0,195842.0,,33484.0,20069.0,653.0,37341.0,27925.0,295823.0,19695.0,3519.0,,22677.0,2596279.0,1595.0,53.0,1061.0,1376.0,265.0,110.0,12.0,95.0,771.0,740.0,404.0,839.0,42268.0,7018.0,910.0,632.0,367.0,379993.0,118227.0,182808.0,33549.0,49695.0,,,,154523.0,3737.0,5075.0,1075.0,14045.0,360.0,1284.0,16944.0,10482.0,2806.0,,16356.0,3113.0,2614.0,8291.0,15531.0,,,,8153.0,,449.0,9467.0,10933.0,10379.0,280142.0,357.0,8980.0,37260.0,300.0,454.0,,209.0,49577.0,1006.0,118093.0,4341.0,34.0,129472.0,473676.0,825226.0,2202.0,11959.0,7257.0,2332.0,1978.0,4192.0,1939.0,,,,,,,,,21.0,21579.0,4444.0,172521.0,720.0,3707.0,,,,25.0,10700.0,3151.0,15226.0,1961.0,48.0,1119.0,42.0,,,360.0,48.0,,,,175.0,155.0,521.0,323.0,,459.0,106.0,4839.0,25.0,,27.0,52.0,1773.0,831.0,5307.0,5363.0,36.0,156.0,,,,,,71.0,702.0,12611.0,89.0,,112.0,470.0,1032.0,2452.0,1260.0,1452.0,995.0,333.0,2207.0,551.0,481.0,67.0,,218515.0,27.0,6086.0,1060.0,1735.0,,,,481.0,57.0,192890.0,14791.0,5692.0,2944.0,1843.0,6564.0,4235.0,8283.0,1416.0,810.0
2020-04-01,,251.0,1828.0,102.0,,,,1365.0,224.0,463.0,252.0,272.0,,,,,116.0,46.0,,18.0,14.0,20.0,,,,,,,37.0,14569.0,25589.0,150.0,,,12.0,,15.0,48.0,13166.0,367835.0,233860.0,501.0,700.0,23424.0,12771.0,11722.0,5342.0,110909.0,,17166.0,7314.0,586.0,19249.0,22832.0,198569.0,7924.0,1967.0,,12369.0,1708836.0,588.0,,424.0,663.0,113.0,38.0,,75.0,348.0,429.0,169.0,499.0,46797.0,7792.0,1220.0,363.0,214.0,276102.0,75217.0,123277.0,12217.0,25231.0,,,,123722.0,2227.0,2994.0,571.0,7482.0,119.0,651.0,8398.0,4833.0,1265.0,,6496.0,1596.0,1282.0,4042.0,8509.0,,,,3048.0,30002.0,205.0,4725.0,5500.0,4713.0,91843.0,292.0,4123.0,11259.0,116.0,323.0,,27.0,19329.0,260.0,77501.0,1451.0,,45320.0,307377.0,649373.0,1135.0,9152.0,5455.0,1109.0,685.0,2007.0,722.0,,,,,,,,,,12658.0,2271.0,81749.0,432.0,3100.0,,,,31.0,6255.0,1681.0,4690.0,1002.0,13.0,497.0,26.0,,,98.0,,,,,152.0,,401.0,140.0,,211.0,31.0,2048.0,,,,,653.0,288.0,2541.0,2260.0,,15.0,,,,,,16.0,244.0,5505.0,42.0,,,130.0,262.0,1286.0,615.0,972.0,294.0,384.0,988.0,400.0,153.0,,,151078.0,12.0,2972.0,603.0,1214.0,,,,523.0,50.0,102902.0,7504.0,3354.0,2365.0,1131.0,4992.0,2932.0,7367.0,671.0,238.0
2020-05-01,,420.0,2117.0,184.0,,,,2797.0,325.0,558.0,217.0,244.0,22.0,17.0,15.0,,280.0,,,,,19.0,,14.0,31.0,32.0,,,16.0,24247.0,42022.0,269.0,,,60.0,,30.0,277.0,26526.0,655807.0,313261.0,708.0,1008.0,36035.0,21393.0,20350.0,6257.0,162506.0,,27571.0,13759.0,587.0,30364.0,28071.0,280626.0,14861.0,3052.0,,16397.0,2272523.0,1116.0,34.0,875.0,1173.0,289.0,44.0,,78.0,669.0,709.0,324.0,784.0,64647.0,11299.0,1756.0,651.0,311.0,355594.0,112902.0,179542.0,23661.0,43917.0,,,,164514.0,3317.0,4581.0,889.0,12616.0,284.0,1042.0,14108.0,8717.0,2293.0,,11051.0,2787.0,2250.0,6839.0,13357.0,,,,4665.0,214044.0,516.0,6786.0,7340.0,7335.0,205217.0,245.0,6343.0,26362.0,145.0,259.0,,99.0,39014.0,788.0,77561.0,2927.0,,85084.0,409830.0,796737.0,1947.0,11993.0,7534.0,1751.0,1533.0,3315.0,1138.0,,,,,,,,,,20830.0,4175.0,147636.0,636.0,5041.0,,,,,9301.0,1716.0,8475.0,1446.0,15.0,1224.0,42.0,,,139.0,135.0,,,,198.0,79.0,839.0,342.0,22.0,498.0,68.0,4531.0,,,20.0,,1400.0,624.0,4190.0,4063.0,,251.0,,,,,,41.0,554.0,10642.0,133.0,,133.0,334.0,742.0,2128.0,1086.0,1205.0,480.0,354.0,1323.0,345.0,228.0,,,231030.0,14.0,4578.0,1031.0,1129.0,,,,453.0,78.0,152504.0,8869.0,3248.0,2485.0,1323.0,5003.0,3317.0,6626.0,827.0,387.0
2020-06-01,,673.0,2841.0,547.0,,,,6832.0,710.0,876.0,176.0,407.0,,,,,548.0,112.0,78.0,68.0,,22.0,29.0,15.0,103.0,54.0,13.0,,58.0,34382.0,52103.0,326.0,,16.0,172.0,,160.0,602.0,47036.0,1099876.0,419629.0,750.0,1168.0,49101.0,36782.0,40332.0,8446.0,238363.0,,40885.0,22060.0,645.0,45029.0,34602.0,337253.0,25981.0,4456.0,,25740.0,2901882.0,2193.0,104.0,1636.0,1891.0,451.0,110.0,27.0,152.0,844.0,952.0,464.0,1094.0,64683.0,11267.0,1994.0,905.0,426.0,421108.0,152342.0,217626.0,38390.0,66394.0,,,,201347.0,4762.0,6593.0,1236.0,18427.0,456.0,1522.0,21584.0,13955.0,3846.0,,18641.0,4107.0,3381.0,10836.0,19915.0,,,,6441.0,236032.0,991.0,9190.0,10356.0,11630.0,349129.0,277.0,10274.0,49191.0,318.0,304.0,,200.0,83434.0,1805.0,97267.0,5934.0,29.0,165529.0,489689.0,894408.0,2873.0,13778.0,9296.0,2856.0,2785.0,4983.0,2157.0,,,,,,,,,18.0,31063.0,6760.0,216441.0,874.0,6334.0,,,13.0,15.0,9199.0,2220.0,19493.0,2539.0,171.0,1791.0,20.0,,,287.0,98.0,,17.0,73.0,242.0,143.0,1005.0,337.0,,829.0,61.0,6792.0,,,15.0,34.0,2176.0,1168.0,7513.0,7026.0,,374.0,14.0,17.0,13.0,,,155.0,1182.0,19221.0,253.0,27.0,320.0,960.0,1489.0,3737.0,1694.0,1900.0,1428.0,454.0,2978.0,573.0,450.0,,,321927.0,23.0,7632.0,1383.0,1591.0,,,,618.0,116.0,267551.0,7847.0,4150.0,3400.0,1767.0,6922.0,4452.0,8402.0,1566.0,441.0
2020-07-01,,952.0,3233.0,688.0,,,,8086.0,890.0,1167.0,196.0,464.0,,32.0,,,405.0,103.0,91.0,28.0,,21.0,37.0,15.0,27.0,12.0,,,73.0,35065.0,52464.0,282.0,,,144.0,,120.0,723.0,53705.0,1176822.0,462111.0,798.0,1291.0,49460.0,41229.0,49800.0,8071.0,241904.0,,42775.0,22985.0,608.0,48007.0,35734.0,354644.0,28603.0,4681.0,,29079.0,3025855.0,2425.0,59.0,1645.0,2175.0,514.0,137.0,13.0,128.0,1028.0,1046.0,540.0,1276.0,79874.0,13366.0,2253.0,1088.0,567.0,436133.0,153431.0,231318.0,40167.0,69140.0,,,,214787.0,4759.0,6748.0,1121.0,18164.0,460.0,1495.0,21624.0,14720.0,4190.0,,21825.0,4126.0,3390.0,11193.0,20051.0,,,,6796.0,230664.0,1050.0,10251.0,11280.0,12116.0,373891.0,241.0,11122.0,54048.0,393.0,324.0,16.0,303.0,97728.0,2272.0,110226.0,6785.0,63.0,186401.0,533205.0,972402.0,3115.0,15451.0,10089.0,2697.0,2815.0,5163.0,2593.0,,,,,,,,,,31980.0,7306.0,231608.0,828.0,6624.0,,,,13.0,11403.0,2409.0,21135.0,2826.0,59.0,1771.0,,,,295.0,110.0,,,14.0,267.0,127.0,995.0,398.0,,931.0,99.0,7417.0,,,,29.0,2179.0,1282.0,8296.0,7039.0,,403.0,29.0,,12.0,,,172.0,1418.0,21493.0,249.0,75.0,374.0,1001.0,1861.0,4359.0,1865.0,2262.0,1984.0,427.0,3699.0,643.0,513.0,90.0,,325724.0,,8712.0,1573.0,1666.0,,,,506.0,164.0,328788.0,7661.0,4576.0,3439.0,1917.0,7709.0,4739.0,7395.0,1758.0,422.0
2020-08-01,14.0,759.0,3182.0,813.0,,,,8234.0,751.0,1054.0,203.0,466.0,59.0,,,,457.0,47.0,110.0,,,19.0,45.0,17.0,12.0,26.0,,,61.0,32584.0,51415.0,311.0,,,224.0,,94.0,642.0,55501.0,1183598.0,459641.0,827.0,1153.0,49472.0,43433.0,52701.0,7919.0,237812.0,,42498.0,22878.0,566.0,48546.0,36132.0,365656.0,28618.0,4784.0,,29084.0,3024626.0,2369.0,114.0,1679.0,2044.0,526.0,110.0,36.0,164.0,965.0,1122.0,559.0,1264.0,71309.0,12950.0,2391.0,1076.0,568.0,436410.0,152110.0,234138.0,38671.0,68193.0,,,,207658.0,4876.0,6757.0,1218.0,17925.0,404.0,1708.0,22499.0,14642.0,4125.0,,22649.0,3721.0,3124.0,10331.0,18910.0,,,,6643.0,183998.0,1287.0,10235.0,11734.0,12680.0,374022.0,248.0,10938.0,52596.0,347.0,299.0,,249.0,115183.0,2614.0,106596.0,7385.0,44.0,186028.0,536823.0,961593.0,3305.0,15139.0,9650.0,3085.0,2624.0,4982.0,2526.0,,,,,,,,,14.0,31463.0,6308.0,231244.0,694.0,6545.0,,,27.0,31.0,11387.0,2172.0,21319.0,2691.0,119.0,1833.0,,,,305.0,71.0,,15.0,18.0,257.0,188.0,1124.0,576.0,,979.0,65.0,8319.0,,,,67.0,2010.0,1166.0,7495.0,7271.0,,343.0,12.0,,25.0,,,135.0,1507.0,21188.0,255.0,30.0,325.0,1110.0,1685.0,4445.0,2031.0,2277.0,2154.0,586.0,3580.0,562.0,402.0,57.0,,339125.0,,8979.0,1677.0,1752.0,,,,693.0,111.0,355036.0,8166.0,4152.0,3471.0,1880.0,7137.0,4169.0,6646.0,1905.0,397.0
2020-09-01,15.0,870.0,3579.0,796.0,,,,9049.0,955.0,1356.0,317.0,416.0,30.0,,,,484.0,62.0,61.0,,13.0,,18.0,21.0,39.0,14.0,,,63.0,32995.0,50710.0,350.0,,,195.0,,139.0,787.0,58466.0,1241211.0,484451.0,1016.0,1371.0,50527.0,48266.0,53117.0,8333.0,253790.0,,45507.0,23889.0,571.0,51423.0,38282.0,365782.0,30163.0,5074.0,,29926.0,3090288.0,2743.0,120.0,1801.0,2299.0,583.0,109.0,,122.0,1025.0,1124.0,546.0,1274.0,62722.0,11717.0,2161.0,1272.0,511.0,439709.0,161068.0,233482.0,41275.0,72848.0,,,,205522.0,5346.0,7296.0,1305.0,18852.0,455.0,1671.0,23247.0,15959.0,4454.0,,22532.0,3957.0,3364.0,11158.0,20394.0,,,,7534.0,149457.0,1347.0,10856.0,12011.0,13664.0,403833.0,301.0,12982.0,59564.0,413.0,349.0,13.0,316.0,106828.0,2612.0,100958.0,7840.0,31.0,205569.0,533834.0,952213.0,3603.0,14709.0,9944.0,3393.0,3062.0,5391.0,2317.0,,,,,,,,,23.0,32682.0,6166.0,241846.0,686.0,6700.0,,,,38.0,12666.0,2437.0,21651.0,2990.0,68.0,1973.0,21.0,,,391.0,93.0,,,12.0,267.0,168.0,1101.0,602.0,,877.0,125.0,8510.0,,,30.0,72.0,2141.0,1285.0,7892.0,7237.0,,369.0,30.0,,15.0,,,247.0,1637.0,22552.0,338.0,50.0,303.0,1311.0,1934.0,5022.0,1866.0,2432.0,1784.0,725.0,3367.0,648.0,480.0,33.0,,356614.0,,9965.0,1683.0,2137.0,,,,862.0,204.0,357454.0,16759.0,6461.0,3778.0,2034.0,7966.0,5188.0,7362.0,2204.0,631.0
2020-10-01,25.0,1165.0,3783.0,897.0,,,,9910.0,993.0,1205.0,238.0,402.0,35.0,15.0,,,406.0,26.0,128.0,49.0,13.0,,18.0,14.0,122.0,69.0,,,115.0,36483.0,53062.0,396.0,,,263.0,,188.0,966.0,62920.0,1318854.0,494801.0,1062.0,1593.0,51506.0,55313.0,54560.0,9037.0,262779.0,,49021.0,25987.0,458.0,55130.0,40862.0,372965.0,32622.0,5664.0,,31011.0,3214210.0,3099.0,97.0,2197.0,2714.0,688.0,160.0,20.0,133.0,1191.0,1198.0,626.0,1392.0,67170.0,12456.0,2505.0,1188.0,542.0,455715.0,170658.0,240140.0,46462.0,79354.0,,,,218613.0,5766.0,7973.0,1455.0,21401.0,493.0,1691.0,25845.0,17119.0,5155.0,,23583.0,4045.0,3494.0,11341.0,21275.0,,,,7956.0,142264.0,1566.0,11023.0,12558.0,14714.0,434083.0,268.0,14715.0,64123.0,442.0,331.0,13.0,385.0,104556.0,2738.0,107314.0,8547.0,74.0,212021.0,559687.0,1006498.0,3992.0,14708.0,10129.0,3911.0,3410.0,5714.0,2755.0,,,,,,,,,,34591.0,6593.0,256033.0,574.0,6850.0,,,,25.0,13354.0,2431.0,24568.0,3146.0,68.0,2287.0,33.0,,,708.0,127.0,,,37.0,298.0,93.0,1282.0,557.0,,986.0,134.0,9415.0,,15.0,40.0,86.0,2345.0,1463.0,9251.0,7799.0,13.0,484.0,13.0,,21.0,16.0,,250.0,1626.0,23630.0,388.0,48.0,461.0,1248.0,1915.0,4668.0,2042.0,2794.0,2091.0,672.0,3740.0,795.0,508.0,41.0,,345010.0,40.0,10681.0,1878.0,2879.0,,,,848.0,170.0,363144.0,21595.0,9343.0,4256.0,2191.0,8993.0,6277.0,7482.0,2358.0,727.0
2020-11-01,40.0,795.0,3851.0,808.0,,,,7837.0,752.0,1102.0,232.0,424.0,67.0,15.0,,,293.0,55.0,54.0,39.0,12.0,,,,63.0,31.0,,,70.0,33892.0,49215.0,271.0,,,212.0,,164.0,723.0,52108.0,1130007.0,452565.0,819.0,1191.0,44527.0,45444.0,43363.0,8994.0,228860.0,,44425.0,22208.0,520.0,48146.0,37719.0,345145.0,27892.0,4988.0,,27059.0,2950887.0,2700.0,122.0,2026.0,2390.0,544.0,124.0,,148.0,923.0,954.0,463.0,1152.0,78935.0,12236.0,2860.0,1132.0,506.0,426872.0,153980.0,223380.0,40195.0,67616.0,,,,211499.0,4958.0,6896.0,1198.0,17799.0,366.0,1433.0,21616.0,15125.0,4005.0,,20590.0,3586.0,3080.0,9843.0,18112.0,,,,7225.0,123910.0,1488.0,9086.0,9855.0,12386.0,381499.0,212.0,12693.0,54293.0,426.0,258.0,13.0,266.0,86285.0,2323.0,95224.0,7169.0,65.0,175193.0,543089.0,985653.0,2973.0,13522.0,9777.0,2969.0,3294.0,5597.0,2868.0,,,,,,,,,,32305.0,6088.0,219110.0,572.0,6852.0,,,,12.0,12484.0,2032.0,19203.0,2487.0,28.0,2189.0,35.0,,,470.0,49.0,,25.0,13.0,350.0,134.0,1314.0,496.0,15.0,818.0,79.0,7708.0,,,16.0,121.0,2088.0,1334.0,7921.0,6464.0,15.0,354.0,,,18.0,,,177.0,1337.0,20075.0,367.0,28.0,314.0,984.0,1494.0,3849.0,1585.0,2097.0,1824.0,587.0,3178.0,651.0,462.0,,,326777.0,19.0,9188.0,1387.0,2311.0,,,,739.0,178.0,302664.0,18978.0,8824.0,3820.0,1961.0,8620.0,6040.0,6320.0,2062.0,403.0
2020-12-01,67.0,930.0,3948.0,887.0,,,,7281.0,737.0,1080.0,187.0,332.0,19.0,,,,173.0,,72.0,52.0,,,,,27.0,26.0,,,30.0,33802.0,50995.0,310.0,,,293.0,,192.0,812.0,52105.0,1089659.0,459614.0,875.0,1228.0,43630.0,40750.0,38521.0,10020.0,225304.0,,44929.0,20566.0,731.0,47671.0,38178.0,331334.0,26115.0,5052.0,,27179.0,2956749.0,2536.0,102.0,1824.0,2140.0,577.0,128.0,,116.0,892.0,977.0,569.0,1242.0,96025.0,14362.0,3183.0,1019.0,487.0,434234.0,155162.0,222567.0,37190.0,65465.0,,,,224971.0,5122.0,7112.0,1295.0,18536.0,378.0,1436.0,21764.0,14765.0,3975.0,,19543.0,3765.0,3132.0,10204.0,18255.0,,,,7181.0,141691.0,1477.0,8932.0,9739.0,12357.0,375073.0,167.0,12506.0,53696.0,379.0,185.0,29.0,277.0,69109.0,2104.0,98618.0,6722.0,63.0,161121.0,544385.0,1013525.0,2969.0,13455.0,10266.0,3090.0,3302.0,5569.0,2947.0,,,,,,,,,18.0,32936.0,6847.0,221698.0,469.0,7815.0,,,12.0,,12236.0,2051.0,17551.0,2265.0,,2080.0,17.0,,,398.0,82.0,,15.0,12.0,393.0,110.0,1446.0,401.0,,910.0,45.0,7647.0,,,,95.0,2466.0,1185.0,8022.0,6539.0,67.0,246.0,,,,,,180.0,1230.0,20689.0,320.0,,363.0,870.0,1616.0,4044.0,1677.0,2316.0,1397.0,565.0,2844.0,718.0,441.0,83.0,,343502.0,23.0,9167.0,1415.0,2434.0,,,,751.0,87.0,283433.0,18044.0,8125.0,3401.0,1835.0,9526.0,6165.0,6742.0,2219.0,414.0
2021-01-01,,,,,,,,8179.0,775.0,1181.0,167.0,361.0,18.0,,,,175.0,27.0,74.0,21.0,,22.0,20.0,,121.0,20.0,,,41.0,35419.0,55256.0,312.0,3102.0,,197.0,,132.0,802.0,53832.0,1252322.0,494795.0,972.0,1438.0,49695.0,44118.0,44380.0,10424.0,257306.0,,49843.0,23178.0,411.0,53904.0,40233.0,367804.0,29298.0,5710.0,,30780.0,3210822.0,2980.0,115.0,2079.0,2586.0,652.0,126.0,16.0,113.0,1136.0,1183.0,630.0,1453.0,103622.0,15095.0,3692.0,1118.0,650.0,448920.0,172368.0,236106.0,42840.0,73410.0,,,,244926.0,5984.0,8109.0,1390.0,21296.0,527.0,1596.0,24289.0,17269.0,4394.0,,21013.0,3949.0,3343.0,11452.0,20079.0,,,,8216.0,166035.0,1217.0,10037.0,10571.0,13469.0,386285.0,214.0,12966.0,56142.0,562.0,235.0,15.0,248.0,70684.0,1974.0,97810.0,6501.0,77.0,194458.0,587884.0,1076273.0,3188.0,14139.0,11217.0,2992.0,3456.0,5534.0,2736.0,,220.0,1910.0,259.0,,537.0,2277.0,554.0,16.0,36208.0,6937.0,237232.0,421.0,8342.0,,,,,13123.0,2219.0,19295.0,2429.0,54.0,2236.0,17.0,,,435.0,85.0,,27.0,16.0,349.0,151.0,1558.0,461.0,12.0,1003.0,115.0,8027.0,,14.0,,117.0,2151.0,1312.0,8758.0,6860.0,18.0,358.0,,,30.0,13.0,,112.0,1603.0,23333.0,292.0,13.0,383.0,1301.0,1951.0,4436.0,1709.0,2538.0,2170.0,446.0,3722.0,725.0,520.0,52.0,,382085.0,16.0,10156.0,1760.0,2880.0,,,,746.0,198.0,315340.0,20258.0,9285.0,3862.0,1934.0,10142.0,6972.0,6792.0,2142.0,1016.0
2021-02-01,,,,,,,,7907.0,830.0,1060.0,134.0,275.0,16.0,,12.0,,211.0,17.0,74.0,,,18.0,14.0,,119.0,40.0,,,45.0,31650.0,47510.0,258.0,3294.0,,225.0,,161.0,742.0,52814.0,1264885.0,449392.0,995.0,1525.0,47397.0,52682.0,44208.0,9903.0,254719.0,,49552.0,23476.0,405.0,54590.0,38939.0,351425.0,30071.0,5658.0,,29954.0,3047454.0,2934.0,125.0,2147.0,2608.0,628.0,117.0,,106.0,1150.0,1266.0,613.0,1486.0,78277.0,11532.0,3022.0,846.0,645.0,428111.0,169772.0,225489.0,42807.0,75207.0,,,,220619.0,5750.0,7889.0,1397.0,21133.0,411.0,1511.0,24611.0,17153.0,4331.0,,19489.0,3826.0,3166.0,10626.0,18555.0,,,,8205.0,132078.0,1127.0,9696.0,10719.0,14139.0,394716.0,223.0,13553.0,57839.0,373.0,300.0,14.0,236.0,75054.0,1874.0,95920.0,6046.0,39.0,184675.0,536143.0,969130.0,2835.0,12857.0,9447.0,3106.0,3259.0,5094.0,2960.0,29.0,433.0,2219.0,286.0,,515.0,2604.0,582.0,19.0,33688.0,6070.0,234202.0,414.0,7598.0,15.0,,,,10924.0,2316.0,17408.0,2181.0,37.0,2125.0,,,,382.0,123.0,,16.0,32.0,313.0,125.0,1157.0,424.0,,924.0,43.0,8095.0,,,,118.0,2269.0,1364.0,8207.0,6756.0,46.0,337.0,29.0,,47.0,15.0,,154.0,1158.0,21421.0,283.0,,378.0,1039.0,1705.0,4172.0,1398.0,2260.0,1919.0,395.0,3465.0,649.0,550.0,128.0,,345493.0,,9643.0,1589.0,2632.0,,,,727.0,88.0,307405.0,20374.0,8701.0,3584.0,1920.0,9951.0,6293.0,5691.0,1931.0,563.0
2021-03-01,,,,,,,,12784.0,1315.0,1734.0,276.0,267.0,24.0,,13.0,,466.0,100.0,185.0,,29.0,15.0,33.0,,115.0,91.0,14.0,,57.0,43826.0,64128.0,381.0,6513.0,25.0,379.0,,342.0,1275.0,76836.0,1656238.0,568722.0,1354.0,2012.0,60919.0,68303.0,60375.0,12291.0,322191.0,,65371.0,33169.0,462.0,69341.0,46296.0,437511.0,40436.0,7552.0,,38942.0,3771017.0,3923.0,137.0,2855.0,3545.0,905.0,190.0,37.0,139.0,1369.0,1465.0,710.0,1639.0,83696.0,13609.0,3761.0,1274.0,881.0,518353.0,211668.0,275916.0,62397.0,97517.0,,,,267500.0,7841.0,10545.0,2049.0,26683.0,564.0,2138.0,32079.0,22585.0,5696.0,,25731.0,5232.0,4451.0,14154.0,23877.0,,,,10410.0,141205.0,1254.0,12921.0,13905.0,18459.0,516879.0,297.0,18577.0,79426.0,637.0,387.0,28.0,383.0,103128.0,2863.0,121234.0,8979.0,123.0,271266.0,660018.0,1145549.0,3712.0,15276.0,12042.0,4699.0,4948.0,7272.0,4248.0,32.0,655.0,2856.0,531.0,12.0,789.0,3528.0,1051.0,27.0,43858.0,8334.0,317303.0,732.0,8929.0,18.0,,52.0,75.0,15270.0,3347.0,30854.0,4272.0,84.0,3248.0,46.0,,,878.0,110.0,,12.0,61.0,475.0,138.0,1796.0,744.0,18.0,1342.0,76.0,10344.0,,15.0,33.0,145.0,3375.0,2160.0,12378.0,10089.0,72.0,637.0,14.0,,25.0,35.0,,264.0,2160.0,31291.0,548.0,29.0,619.0,1843.0,2953.0,6534.0,2733.0,3280.0,2861.0,451.0,5025.0,897.0,785.0,251.0,,481759.0,18.0,14219.0,2769.0,3232.0,,,,683.0,192.0,415542.0,27479.0,13543.0,5430.0,3025.0,14310.0,9743.0,7594.0,3239.0,769.0
2021-04-01,,,,,,,,11936.0,1324.0,1563.0,186.0,255.0,26.0,,14.0,,798.0,181.0,150.0,,,52.0,20.0,,115.0,77.0,,,43.0,39581.0,61367.0,297.0,5096.0,13.0,307.0,,196.0,1336.0,70239.0,1468256.0,547675.0,1159.0,1804.0,58135.0,59924.0,53424.0,10724.0,285767.0,,60025.0,32961.0,247.0,65872.0,43709.0,448049.0,37020.0,6983.0,,34784.0,3621765.0,4029.0,150.0,2896.0,3494.0,848.0,188.0,38.0,142.0,1270.0,1342.0,661.0,1493.0,89054.0,13287.0,3270.0,1438.0,847.0,507490.0,197445.0,274654.0,60918.0,89740.0,,,,254657.0,6855.0,9511.0,1731.0,24186.0,592.0,1963.0,29469.0,21592.0,5257.0,,24304.0,4628.0,3910.0,12426.0,20965.0,,,,9838.0,114250.0,1148.0,13445.0,13701.0,17758.0,480460.0,267.0,17574.0,73686.0,652.0,312.0,,282.0,87800.0,2593.0,113033.0,7756.0,61.0,240652.0,670613.0,1146550.0,3266.0,14212.0,13187.0,4127.0,4049.0,6448.0,3369.0,30.0,569.0,2517.0,342.0,26.0,790.0,3206.0,786.0,16.0,38074.0,7063.0,294753.0,561.0,8452.0,29.0,15.0,,,16452.0,3071.0,31826.0,4509.0,70.0,2831.0,16.0,,,790.0,168.0,,24.0,57.0,433.0,181.0,1794.0,494.0,16.0,1286.0,112.0,9633.0,,12.0,34.0,121.0,3231.0,1957.0,11372.0,9545.0,41.0,469.0,12.0,,14.0,,,298.0,1602.0,27266.0,412.0,27.0,411.0,1500.0,2463.0,5803.0,2147.0,2429.0,2590.0,402.0,4603.0,692.0,815.0,187.0,,416854.0,21.0,12691.0,2255.0,2694.0,,,,623.0,218.0,372787.0,26149.0,12244.0,4584.0,2367.0,13034.0,8777.0,6826.0,2323.0,703.0
2021-05-01,,,,,,,,10066.0,1143.0,1082.0,115.0,260.0,37.0,12.0,13.0,,836.0,166.0,233.0,,,21.0,27.0,19.0,79.0,15.0,20.0,,48.0,37853.0,60897.0,328.0,4695.0,13.0,246.0,,162.0,1166.0,65353.0,1338673.0,525902.0,1189.0,1720.0,56464.0,55821.0,46683.0,10659.0,261546.0,,55443.0,31047.0,254.0,60965.0,40503.0,461587.0,33744.0,6538.0,,31778.0,3512917.0,3586.0,137.0,2650.0,3253.0,809.0,152.0,16.0,125.0,1155.0,1200.0,582.0,1374.0,82083.0,12788.0,3371.0,1339.0,724.0,480783.0,186525.0,263091.0,56690.0,83590.0,,,,243174.0,6462.0,8899.0,1571.0,22450.0,490.0,1771.0,27474.0,19216.0,4942.0,,24064.0,4121.0,3498.0,11058.0,19261.0,,,,9287.0,86979.0,804.0,12780.0,13484.0,16244.0,448400.0,210.0,15494.0,67297.0,502.0,248.0,,300.0,79339.0,2267.0,96583.0,6813.0,39.0,216547.0,677627.0,1145778.0,2935.0,15079.0,14061.0,3851.0,3578.0,5428.0,3089.0,30.0,632.0,2444.0,358.0,60.0,597.0,3045.0,611.0,18.0,34584.0,6152.0,276266.0,706.0,8330.0,18.0,,25.0,49.0,17786.0,3560.0,30690.0,4148.0,66.0,2510.0,31.0,,,545.0,74.0,,21.0,40.0,372.0,144.0,1428.0,701.0,22.0,1186.0,81.0,10278.0,,,20.0,128.0,3073.0,1882.0,9809.0,8502.0,,383.0,13.0,,16.0,20.0,,263.0,1502.0,24004.0,481.0,40.0,346.0,1345.0,1977.0,4688.0,1944.0,2552.0,2403.0,436.0,3997.0,536.0,600.0,178.0,,368799.0,50.0,12536.0,2679.0,2319.0,,,,665.0,132.0,330861.0,25232.0,11093.0,3989.0,2210.0,11077.0,7343.0,5987.0,1917.0,514.0
2021-06-01,,,,,,,,12287.0,1221.0,1313.0,101.0,382.0,29.0,12.0,14.0,,837.0,182.0,203.0,,16.0,,76.0,28.0,140.0,80.0,13.0,26.0,63.0,40994.0,64391.0,351.0,6241.0,,397.0,,206.0,1454.0,70393.0,1473605.0,559417.0,1356.0,1933.0,57767.0,59559.0,53047.0,10382.0,281819.0,,60056.0,32423.0,184.0,64656.0,45011.0,461956.0,36799.0,7029.0,,34596.0,3714505.0,3704.0,150.0,2797.0,3293.0,848.0,153.0,22.0,148.0,1237.0,1338.0,664.0,1520.0,73335.0,11778.0,3427.0,1197.0,792.0,463260.0,198612.0,241940.0,58172.0,88688.0,,,,250539.0,6838.0,9435.0,1736.0,24202.0,543.0,1944.0,29662.0,20297.0,5303.0,,27756.0,4778.0,3993.0,12570.0,21679.0,,,,9665.0,83291.0,923.0,14895.0,15430.0,17630.0,475534.0,102.0,16366.0,71640.0,614.0,222.0,21.0,473.0,99282.0,2569.0,79985.0,7948.0,120.0,239135.0,693539.0,1152028.0,3337.0,15440.0,12739.0,4101.0,4167.0,6071.0,3247.0,38.0,515.0,2625.0,445.0,,799.0,3144.0,803.0,22.0,38367.0,7171.0,294694.0,723.0,8159.0,21.0,,14.0,12.0,16361.0,3427.0,34230.0,4824.0,89.0,2836.0,35.0,,,674.0,123.0,,,50.0,435.0,118.0,1977.0,499.0,32.0,1265.0,92.0,9888.0,,16.0,38.0,113.0,3297.0,2139.0,11287.0,9231.0,43.0,414.0,,,17.0,,,224.0,1759.0,28025.0,578.0,17.0,395.0,1441.0,2555.0,5772.0,2350.0,2834.0,2844.0,553.0,4958.0,657.0,757.0,137.0,,420880.0,20.0,13737.0,2756.0,2945.0,,,,913.0,143.0,394185.0,17634.0,9648.0,4190.0,2173.0,11803.0,8117.0,7093.0,2317.0,701.0
2021-07-01,,,,,,,,11060.0,1108.0,1130.0,87.0,346.0,26.0,,,,471.0,106.0,143.0,,15.0,25.0,21.0,19.0,14.0,,,,63.0,39467.0,62491.0,260.0,5862.0,,339.0,,258.0,1282.0,64909.0,1429709.0,558140.0,1139.0,1700.0,56433.0,59866.0,53570.0,8271.0,267097.0,,56819.0,30162.0,182.0,61846.0,44709.0,470939.0,34415.0,7015.0,,33414.0,3706831.0,3507.0,102.0,2552.0,3160.0,797.0,157.0,16.0,125.0,1159.0,1165.0,560.0,1326.0,79068.0,12781.0,3163.0,1083.0,616.0,448674.0,189972.0,235642.0,55393.0,83496.0,,,,250404.0,6549.0,8640.0,1569.0,22657.0,518.0,1677.0,27931.0,19309.0,5042.0,,27040.0,4430.0,3799.0,11899.0,20176.0,,,,9199.0,80071.0,748.0,15824.0,16636.0,16576.0,439683.0,146.0,15185.0,65253.0,599.0,225.0,20.0,298.0,114516.0,2785.0,37565.0,7679.0,61.0,221059.0,701290.0,1171050.0,3286.0,16021.0,12394.0,3387.0,3250.0,5138.0,2869.0,23.0,439.0,2692.0,351.0,,688.0,3156.0,744.0,13.0,37734.0,6914.0,275960.0,670.0,8328.0,,,,,15396.0,3349.0,28676.0,3654.0,41.0,2575.0,29.0,,,599.0,139.0,14.0,15.0,40.0,368.0,159.0,1590.0,397.0,31.0,1225.0,48.0,10174.0,,,,124.0,3109.0,1803.0,9658.0,8022.0,17.0,385.0,15.0,13.0,12.0,34.0,,328.0,1414.0,23555.0,431.0,,321.0,1096.0,2226.0,4530.0,2164.0,2237.0,2410.0,559.0,4110.0,669.0,511.0,96.0,,423730.0,25.0,11145.0,1628.0,2541.0,,,,683.0,174.0,428873.0,13677.0,7998.0,4869.0,1920.0,10957.0,7829.0,7209.0,2349.0,537.0
2021-08-01,,,,,,,,12052.0,1205.0,1215.0,144.0,393.0,84.0,12.0,42.0,,707.0,138.0,201.0,,16.0,50.0,47.0,23.0,82.0,26.0,20.0,,56.0,39398.0,60907.0,361.0,5787.0,,350.0,,230.0,1356.0,65927.0,1454467.0,546410.0,1169.0,1806.0,54698.0,60528.0,60246.0,8008.0,269036.0,,58809.0,30905.0,166.0,63794.0,48851.0,442435.0,34206.0,7256.0,,36006.0,3751506.0,3715.0,113.0,2640.0,3132.0,872.0,160.0,28.0,148.0,1221.0,1283.0,577.0,1494.0,102595.0,15715.0,3436.0,1020.0,782.0,443273.0,193807.0,233008.0,58490.0,82845.0,,,,275003.0,6633.0,9093.0,1674.0,23079.0,473.0,1915.0,28278.0,20176.0,5110.0,,28250.0,4354.0,3599.0,11643.0,20337.0,,,,9663.0,103443.0,955.0,14923.0,17494.0,17133.0,444126.0,121.0,15509.0,65435.0,622.0,199.0,12.0,396.0,145693.0,3449.0,38113.0,9284.0,93.0,238486.0,703980.0,1175907.0,3265.0,15517.0,13035.0,3978.0,3572.0,5492.0,2961.0,,561.0,2868.0,555.0,15.0,709.0,3256.0,894.0,17.0,39708.0,7453.0,273848.0,617.0,8189.0,,12.0,13.0,,12834.0,3093.0,29101.0,3702.0,111.0,2543.0,20.0,,,691.0,92.0,18.0,,15.0,324.0,75.0,1756.0,494.0,17.0,1123.0,45.0,9711.0,,,25.0,155.0,3136.0,1694.0,10049.0,8500.0,,293.0,28.0,,21.0,15.0,,333.0,1663.0,25209.0,389.0,12.0,402.0,1402.0,2228.0,5071.0,2325.0,2230.0,2136.0,648.0,3932.0,799.0,497.0,126.0,,464602.0,48.0,12586.0,1934.0,2591.0,,,,664.0,160.0,511186.0,17026.0,9188.0,5450.0,2482.0,10871.0,8690.0,7246.0,2183.0,375.0
2021-09-01,,,,,,,,10994.0,1145.0,1058.0,64.0,453.0,60.0,,59.0,,1287.0,338.0,253.0,,,91.0,69.0,,15.0,18.0,,,74.0,37437.0,58447.0,340.0,4947.0,,324.0,,160.0,1199.0,64922.0,1362204.0,525222.0,1119.0,1590.0,51920.0,55362.0,67833.0,8042.0,268219.0,,58950.0,30121.0,136.0,63812.0,47053.0,417023.0,32550.0,7483.0,,50923.0,3576995.0,3642.0,98.0,2579.0,3245.0,875.0,182.0,30.0,134.0,1166.0,1205.0,568.0,1408.0,96080.0,14033.0,3361.0,1034.0,677.0,430470.0,192674.0,228322.0,57373.0,82651.0,,,,268992.0,6103.0,8581.0,1482.0,22712.0,520.0,1802.0,27838.0,19771.0,5049.0,,27467.0,4525.0,3757.0,12116.0,20590.0,,,,10668.0,94751.0,927.0,14335.0,16765.0,17042.0,427909.0,116.0,14836.0,63089.0,601.0,202.0,14.0,396.0,104388.0,2421.0,33470.0,7893.0,81.0,232126.0,653642.0,1118539.0,2861.0,14403.0,11394.0,3695.0,3280.0,5181.0,2710.0,36.0,635.0,2843.0,541.0,,659.0,3378.0,824.0,,38513.0,6972.0,261827.0,481.0,8690.0,22.0,,,,12174.0,2919.0,26996.0,3272.0,90.0,2384.0,23.0,,,531.0,109.0,,12.0,54.0,351.0,145.0,1615.0,462.0,39.0,1145.0,29.0,8563.0,,,20.0,159.0,2861.0,1634.0,9042.0,7737.0,15.0,256.0,,,18.0,14.0,,178.0,1739.0,24907.0,343.0,,421.0,1310.0,2217.0,5338.0,2014.0,2117.0,1987.0,450.0,3431.0,549.0,529.0,77.0,,416722.0,24.0,11729.0,2057.0,2500.0,,,,650.0,90.0,424764.0,23709.0,10679.0,5428.0,2275.0,10567.0,8546.0,7213.0,1978.0,318.0
2021-10-01,,,,,,,,11003.0,1098.0,987.0,97.0,438.0,123.0,,49.0,,1120.0,171.0,192.0,,18.0,97.0,55.0,12.0,84.0,36.0,,,32.0,38366.0,58543.0,393.0,5764.0,24.0,391.0,,220.0,1329.0,66974.0,1394991.0,523280.0,1233.0,1923.0,52583.0,57696.0,62125.0,8127.0,271446.0,,61341.0,31478.0,155.0,65839.0,45290.0,418813.0,33240.0,7950.0,,46993.0,3557626.0,3544.0,121.0,2562.0,3053.0,823.0,180.0,21.0,190.0,1346.0,1230.0,596.0,1455.0,82192.0,13107.0,3324.0,1282.0,725.0,429937.0,194941.0,229513.0,57631.0,84821.0,,,,259572.0,6693.0,9019.0,1486.0,22847.0,547.0,1775.0,28970.0,20313.0,5411.0,,26283.0,4594.0,3996.0,12169.0,20550.0,,,,11873.0,87641.0,754.0,14286.0,16280.0,16847.0,439061.0,86.0,14932.0,65113.0,723.0,182.0,22.0,316.0,90525.0,3587.0,34013.0,8553.0,54.0,236873.0,647570.0,1115070.0,2809.0,14500.0,10832.0,4026.0,3321.0,5147.0,3061.0,31.0,705.0,2823.0,620.0,37.0,687.0,3063.0,814.0,19.0,38547.0,7181.0,268780.0,477.0,9125.0,14.0,,12.0,,12333.0,3129.0,29251.0,3437.0,28.0,2695.0,13.0,,,620.0,105.0,17.0,,54.0,377.0,84.0,1862.0,450.0,41.0,1087.0,29.0,9431.0,,,,168.0,2963.0,1833.0,10113.0,8643.0,52.0,274.0,,,30.0,29.0,,199.0,1699.0,24278.0,390.0,45.0,347.0,1048.0,2070.0,5021.0,2115.0,2463.0,2361.0,472.0,3828.0,572.0,570.0,167.0,,397684.0,13.0,11913.0,2372.0,2480.0,,,,691.0,220.0,392872.0,27970.0,12497.0,5525.0,2362.0,11132.0,9091.0,7640.0,2305.0,412.0
2021-11-01,,,,,,,,9836.0,891.0,904.0,97.0,404.0,84.0,17.0,38.0,,704.0,84.0,280.0,,,63.0,72.0,12.0,36.0,,16.0,,46.0,35629.0,53367.0,346.0,5433.0,,320.0,,189.0,1308.0,60520.0,1302028.0,513800.0,1025.0,1581.0,48298.0,51994.0,48162.0,8159.0,257052.0,,57966.0,29611.0,127.0,62386.0,42651.0,400565.0,30744.0,7480.0,,35775.0,3418360.0,3389.0,124.0,2417.0,2964.0,706.0,240.0,26.0,150.0,1207.0,1156.0,512.0,1289.0,76032.0,11596.0,3095.0,1024.0,689.0,411701.0,183630.0,214489.0,53566.0,78800.0,,,,246381.0,6348.0,8499.0,1165.0,21395.0,527.0,1698.0,27633.0,19346.0,5232.0,,25300.0,4689.0,3996.0,11695.0,19515.0,,,,11055.0,69473.0,732.0,12340.0,14404.0,15821.0,420962.0,140.0,14207.0,61697.0,529.0,234.0,,371.0,88361.0,3529.0,33277.0,7618.0,54.0,226307.0,618248.0,1077490.0,2783.0,13289.0,10712.0,3775.0,2932.0,4662.0,3007.0,30.0,577.0,2789.0,623.0,15.0,846.0,3266.0,957.0,,36998.0,7089.0,257157.0,552.0,7960.0,,,38.0,,13311.0,2781.0,28602.0,3281.0,91.0,2446.0,29.0,,19.0,481.0,78.0,,14.0,52.0,323.0,165.0,1658.0,470.0,35.0,1084.0,39.0,8765.0,12.0,,,181.0,2745.0,1819.0,10052.0,7645.0,46.0,228.0,,,,,,169.0,1601.0,23629.0,373.0,,262.0,1157.0,2022.0,4881.0,1959.0,2386.0,2237.0,644.0,3613.0,483.0,514.0,144.0,,384211.0,,11465.0,2135.0,2579.0,,,,884.0,238.0,373872.0,25661.0,11308.0,5685.0,2333.0,11231.0,9118.0,7746.0,2210.0,467.0
2021-12-01,,,,,,,,8087.0,750.0,739.0,59.0,373.0,101.0,,20.0,,394.0,56.0,76.0,,,32.0,31.0,,,26.0,,,17.0,35458.0,52992.0,316.0,4812.0,,181.0,16.0,133.0,1293.0,56110.0,1159876.0,499223.0,952.0,1415.0,45341.0,45594.0,37960.0,7828.0,231761.0,,52451.0,26060.0,117.0,55982.0,42583.0,395233.0,27911.0,6983.0,,28617.0,3323038.0,2916.0,74.0,2184.0,2682.0,565.0,150.0,22.0,121.0,1075.0,1057.0,500.0,1280.0,86183.0,12835.0,3094.0,971.0,578.0,400351.0,168316.0,208199.0,47225.0,69924.0,,,,239109.0,5962.0,7930.0,1150.0,19394.0,510.0,1524.0,24221.0,17072.0,4531.0,,22499.0,4363.0,3616.0,10968.0,18193.0,,,,9836.0,68677.0,547.0,11413.0,13625.0,14552.0,379706.0,99.0,12823.0,54375.0,594.0,196.0,17.0,231.0,68132.0,2597.0,28757.0,6784.0,57.0,190975.0,636900.0,1106916.0,2892.0,13849.0,11500.0,3093.0,2492.0,4250.0,2632.0,83.0,599.0,2956.0,523.0,19.0,769.0,3482.0,948.0,15.0,34232.0,5817.0,239198.0,512.0,8324.0,,,14.0,14.0,13391.0,2936.0,23882.0,2678.0,28.0,2134.0,,,,236.0,88.0,,12.0,55.0,287.0,114.0,1727.0,315.0,27.0,1209.0,29.0,8363.0,,,,171.0,2589.0,1720.0,8879.0,6960.0,14.0,197.0,,,,13.0,,221.0,1189.0,20465.0,275.0,32.0,272.0,873.0,1476.0,4231.0,1646.0,2070.0,2106.0,432.0,3658.0,707.0,415.0,105.0,,348568.0,,9556.0,1868.0,2211.0,,,,558.0,124.0,308442.0,20997.0,9929.0,4984.0,2040.0,10218.0,8060.0,7067.0,1903.0,319.0
2022-01-01,,,,,,,,8303.0,808.0,693.0,67.0,404.0,110.0,,16.0,,433.0,66.0,119.0,,,40.0,32.0,,12.0,,,,60.0,34127.0,52638.0,344.0,3724.0,,252.0,,102.0,1000.0,52974.0,1221944.0,489865.0,1073.0,1545.0,44117.0,48422.0,38457.0,8167.0,260077.0,1290.0,54484.0,25196.0,102.0,24862.0,39166.0,380710.0,29353.0,7094.0,,29685.0,3355168.0,2897.0,92.0,2101.0,2554.0,620.0,146.0,24.0,143.0,1153.0,1092.0,507.0,1368.0,106353.0,13788.0,3599.0,970.0,576.0,395866.0,172905.0,206945.0,44609.0,70276.0,36.0,18.0,,253589.0,6462.0,8727.0,1626.0,20723.0,477.0,1590.0,24902.0,6829.0,2032.0,7638.0,23639.0,4376.0,3675.0,11400.0,19471.0,107.0,,22414.0,10006.0,71875.0,662.0,10104.0,13395.0,14650.0,365120.0,99.0,12641.0,53597.0,626.0,197.0,12.0,244.0,64142.0,2007.0,30114.0,6766.0,57.0,203967.0,643337.0,1122335.0,2414.0,12706.0,11115.0,3065.0,2301.0,4120.0,2491.0,53.0,599.0,2830.0,437.0,14.0,708.0,3098.0,722.0,20.0,35658.0,6799.0,233278.0,463.0,9365.0,,,13.0,,12498.0,2479.0,24027.0,2203.0,64.0,2355.0,,,,340.0,153.0,,13.0,55.0,298.0,91.0,2129.0,484.0,63.0,1079.0,57.0,8033.0,,22.0,12.0,240.0,2543.0,1535.0,8815.0,6943.0,44.0,177.0,13.0,,13.0,,,208.0,1263.0,20990.0,306.0,,315.0,868.0,1710.0,3897.0,1647.0,1939.0,2226.0,378.0,3278.0,621.0,13.0,115.0,29.0,367733.0,,10735.0,2083.0,2626.0,,,,624.0,315.0,311355.0,22981.0,10898.0,5051.0,2289.0,10328.0,8155.0,7895.0,2214.0,444.0
2022-02-01,,,,,,,,9443.0,878.0,1077.0,120.0,468.0,139.0,,25.0,,480.0,80.0,226.0,,16.0,67.0,51.0,12.0,,,,,18.0,34474.0,48503.0,246.0,4700.0,,268.0,,112.0,1339.0,59541.0,1386064.0,486902.0,1095.0,1593.0,47133.0,61595.0,45343.0,8424.0,282318.0,1600.0,59484.0,30635.0,125.0,26910.0,36516.0,377865.0,31850.0,7834.0,,32417.0,3309205.0,3343.0,94.0,2484.0,2985.0,634.0,138.0,15.0,148.0,1146.0,1175.0,568.0,1426.0,73674.0,11147.0,2980.0,1066.0,610.0,382321.0,183901.0,203625.0,54011.0,81339.0,39.0,13.0,,238879.0,7112.0,9430.0,1567.0,22939.0,547.0,1890.0,28983.0,7024.0,2475.0,9245.0,25645.0,4671.0,3990.0,11871.0,20334.0,132.0,,27467.0,11721.0,57338.0,765.0,12984.0,15299.0,16854.0,413021.0,112.0,14163.0,62616.0,650.0,198.0,21.0,311.0,83250.0,2108.0,32102.0,7660.0,64.0,231817.0,569870.0,995048.0,2653.0,11037.0,8853.0,3749.0,2670.0,4684.0,3078.0,85.0,844.0,3357.0,543.0,,825.0,3248.0,752.0,,35690.0,6802.0,247948.0,493.0,7429.0,,13.0,,13.0,12137.0,2536.0,26373.0,2806.0,45.0,2420.0,,,,382.0,105.0,,12.0,71.0,287.0,27.0,2105.0,435.0,32.0,1110.0,28.0,8960.0,,15.0,,166.0,2536.0,1634.0,9832.0,7707.0,73.0,289.0,13.0,,14.0,12.0,,326.0,1515.0,23550.0,330.0,,376.0,1143.0,1982.0,4482.0,1997.0,2398.0,2927.0,609.0,3949.0,585.0,,102.0,17.0,394556.0,,11125.0,2295.0,2983.0,,,,820.0,234.0,349858.0,24372.0,11123.0,5447.0,2216.0,11520.0,8267.0,8165.0,2165.0,630.0
2022-03-01,,,,,,,,13641.0,1574.0,1414.0,95.0,542.0,166.0,,,,1103.0,148.0,416.0,,30.0,63.0,81.0,,27.0,12.0,14.0,,59.0,44264.0,62279.0,420.0,8492.0,,442.0,13.0,234.0,2124.0,82188.0,1704011.0,629956.0,1420.0,2077.0,60516.0,77837.0,55686.0,10441.0,341037.0,2007.0,74283.0,39976.0,160.0,31183.0,43230.0,501798.0,40187.0,9960.0,,38792.0,4046260.0,4528.0,200.0,3462.0,4013.0,968.0,275.0,17.0,149.0,1538.0,1518.0,642.0,1760.0,75672.0,13396.0,3560.0,1560.0,769.0,464541.0,222988.0,251672.0,72187.0,101655.0,48.0,,17.0,283873.0,8926.0,11811.0,2275.0,28231.0,710.0,2322.0,36677.0,8907.0,3072.0,11413.0,30521.0,5596.0,4787.0,14431.0,23767.0,132.0,14.0,34798.0,14991.0,50284.0,933.0,16271.0,19508.0,21517.0,520032.0,171.0,20303.0,83172.0,921.0,260.0,13.0,568.0,107016.0,3080.0,44545.0,10399.0,73.0,307106.0,701019.0,1197747.0,4022.0,13576.0,11812.0,5225.0,3431.0,5793.0,3767.0,117.0,1240.0,4667.0,1200.0,,1412.0,4786.0,1561.0,29.0,44847.0,8743.0,324064.0,660.0,8987.0,17.0,,52.0,38.0,15090.0,3255.0,40266.0,4924.0,138.0,3670.0,,,,684.0,145.0,,40.0,99.0,540.0,239.0,2346.0,738.0,49.0,1658.0,118.0,12398.0,,,20.0,211.0,3996.0,2492.0,13720.0,10745.0,29.0,507.0,17.0,,24.0,49.0,,324.0,2192.0,32199.0,548.0,,633.0,1739.0,3055.0,5994.0,2950.0,3350.0,3690.0,632.0,5019.0,940.0,,135.0,45.0,501239.0,13.0,15156.0,3037.0,4249.0,,,,975.0,277.0,455517.0,30504.0,14941.0,7144.0,3323.0,14764.0,10990.0,9856.0,3123.0,685.0
2022-04-01,,,,,,,,11540.0,1265.0,1354.0,110.0,498.0,136.0,,30.0,,882.0,113.0,375.0,,,67.0,42.0,,69.0,38.0,,,72.0,38675.0,56493.0,260.0,7832.0,,399.0,,271.0,1574.0,69509.0,1476094.0,562833.0,1200.0,1659.0,52698.0,65866.0,48826.0,8935.0,292098.0,1891.0,64951.0,36618.0,86.0,27474.0,38657.0,471279.0,34236.0,9012.0,,33719.0,3687018.0,4053.0,134.0,2926.0,3547.0,849.0,233.0,,175.0,1319.0,1378.0,595.0,1562.0,67861.0,11218.0,3361.0,1345.0,587.0,422713.0,195003.0,226281.0,68129.0,88282.0,27.0,21.0,14.0,249610.0,7636.0,10145.0,1830.0,24194.0,574.0,1799.0,30921.0,7482.0,2458.0,10070.0,27210.0,4715.0,3969.0,11757.0,19650.0,106.0,,31154.0,11977.0,37300.0,671.0,13892.0,17083.0,18984.0,461446.0,96.0,16473.0,70672.0,652.0,212.0,12.0,445.0,91840.0,2533.0,37258.0,8753.0,97.0,246069.0,670785.0,1126273.0,3230.0,13206.0,10544.0,4051.0,2931.0,4930.0,2998.0,81.0,1132.0,4047.0,874.0,,1087.0,4216.0,1348.0,,38365.0,6690.0,279437.0,500.0,7230.0,,,12.0,12.0,14279.0,2774.0,35054.0,4325.0,70.0,3133.0,,,12.0,643.0,135.0,,14.0,115.0,421.0,178.0,2148.0,646.0,32.0,1238.0,60.0,10579.0,,12.0,12.0,148.0,3271.0,2036.0,11201.0,9285.0,16.0,390.0,15.0,,13.0,27.0,,260.0,1591.0,25636.0,496.0,,348.0,1419.0,2145.0,4685.0,2375.0,2615.0,2909.0,395.0,4103.0,698.0,,98.0,53.0,428089.0,31.0,12529.0,2439.0,3240.0,,,,617.0,224.0,373182.0,23494.0,12320.0,6312.0,2992.0,12735.0,9241.0,8882.0,3013.0,524.0
2022-05-01,,,,,,,,12304.0,1364.0,1129.0,102.0,469.0,160.0,,31.0,,1253.0,234.0,337.0,,,82.0,85.0,,23.0,,,,39.0,52402.0,46246.0,381.0,7408.0,14.0,289.0,,286.0,1621.0,67786.0,1425429.0,555938.0,1281.0,1857.0,52859.0,65080.0,46901.0,9292.0,289580.0,1798.0,63744.0,35957.0,111.0,26355.0,37698.0,483026.0,33344.0,8718.0,,34390.0,3751527.0,3899.0,178.0,2936.0,3491.0,803.0,191.0,,133.0,1272.0,1278.0,605.0,1567.0,72786.0,12021.0,3634.0,1301.0,681.0,438197.0,196750.0,238090.0,67262.0,86765.0,33.0,,,259058.0,7293.0,9671.0,1652.0,24128.0,526.0,1909.0,30453.0,7298.0,2519.0,10027.0,28089.0,4498.0,3822.0,11899.0,19987.0,118.0,,30225.0,12675.0,37336.0,857.0,13703.0,16740.0,18861.0,470120.0,123.0,17121.0,72835.0,693.0,243.0,,453.0,80126.0,2270.0,37693.0,8188.0,46.0,251022.0,709274.0,1171493.0,3245.0,13718.0,10745.0,4384.0,2832.0,4548.0,2851.0,81.0,1035.0,4317.0,919.0,21.0,1085.0,4151.0,1327.0,13.0,37548.0,6193.0,282940.0,535.0,7591.0,,,,19.0,15789.0,2834.0,38320.0,5037.0,119.0,3078.0,,,,429.0,96.0,,42.0,100.0,400.0,135.0,2357.0,671.0,42.0,1220.0,80.0,11080.0,13.0,16.0,13.0,193.0,3249.0,2186.0,11591.0,9789.0,,381.0,17.0,,14.0,18.0,,351.0,1713.0,26869.0,452.0,,339.0,1283.0,2330.0,4819.0,2203.0,2822.0,3172.0,293.0,4149.0,702.0,,40.0,32.0,416825.0,45.0,13513.0,2985.0,3335.0,,,,647.0,150.0,361523.0,23539.0,12717.0,5964.0,2863.0,13003.0,9881.0,8691.0,2647.0,356.0
2022-06-01,,,,,,,,12876.0,1424.0,1227.0,76.0,573.0,158.0,,19.0,,822.0,80.0,309.0,,,37.0,65.0,,,,13.0,,38.0,54987.0,44977.0,306.0,8063.0,,387.0,,265.0,1877.0,67715.0,1483229.0,552883.0,1260.0,1714.0,51498.0,63269.0,49917.0,9829.0,294932.0,1788.0,62681.0,35007.0,90.0,27515.0,35751.0,456642.0,34211.0,8673.0,,33283.0,3734386.0,3888.0,136.0,2848.0,3370.0,790.0,206.0,17.0,107.0,1251.0,1310.0,583.0,1606.0,69558.0,12411.0,3247.0,1252.0,583.0,435410.0,194753.0,233469.0,63767.0,86734.0,19.0,,,254240.0,7408.0,9750.0,1746.0,24266.0,560.0,1895.0,30592.0,6904.0,2692.0,9772.0,29823.0,4781.0,4024.0,11967.0,20243.0,95.0,,29139.0,11650.0,35973.0,875.0,13085.0,16537.0,18023.0,464641.0,125.0,16604.0,70143.0,729.0,239.0,16.0,469.0,94372.0,2709.0,38903.0,9202.0,58.0,254205.0,685830.0,1122576.0,3383.0,13140.0,9948.0,4188.0,2543.0,4482.0,2524.0,75.0,1207.0,3962.0,866.0,17.0,1043.0,4055.0,1151.0,15.0,37171.0,6612.0,282278.0,396.0,7647.0,,,,,14614.0,2850.0,39291.0,4930.0,100.0,3013.0,,,,477.0,49.0,,42.0,84.0,433.0,143.0,2117.0,685.0,41.0,1091.0,60.0,10920.0,,31.0,14.0,169.0,3664.0,2181.0,11183.0,9456.0,12.0,436.0,,,17.0,66.0,,285.0,1943.0,27525.0,460.0,,421.0,1395.0,2399.0,5065.0,2441.0,3090.0,3748.0,466.0,5039.0,627.0,,89.0,187.0,426848.0,39.0,13701.0,2912.0,3572.0,,,,661.0,195.0,398712.0,17999.0,10922.0,5961.0,3205.0,13156.0,9649.0,8960.0,2974.0,481.0
2022-07-01,,,,,,,,9858.0,1067.0,1001.0,81.0,622.0,149.0,,32.0,,413.0,104.0,285.0,,,24.0,43.0,16.0,,,,,29.0,42377.0,49035.0,228.0,6523.0,,292.0,,183.0,1376.0,57251.0,1371139.0,508684.0,1116.0,1491.0,46831.0,58184.0,49060.0,8173.0,266679.0,1680.0,55676.0,29334.0,102.0,26295.0,32123.0,440038.0,32384.0,7827.0,,30622.0,3535804.0,3400.0,136.0,2578.0,3023.0,676.0,197.0,13.0,128.0,1127.0,1120.0,560.0,1318.0,65582.0,10885.0,3160.0,905.0,582.0,401375.0,174268.0,214507.0,51828.0,76296.0,34.0,21.0,,228441.0,6607.0,8793.0,1596.0,21761.0,486.0,1606.0,26683.0,5823.0,2148.0,8577.0,28131.0,4100.0,3513.0,10303.0,17429.0,108.0,,25822.0,10060.0,30649.0,637.0,12158.0,15733.0,16689.0,394021.0,85.0,13098.0,57808.0,630.0,142.0,14.0,412.0,101088.0,2475.0,31423.0,7529.0,57.0,210630.0,686507.0,1114568.0,2865.0,13605.0,11079.0,3454.0,2031.0,3950.0,1952.0,66.0,993.0,3605.0,704.0,12.0,929.0,3523.0,921.0,15.0,33443.0,5981.0,248238.0,269.0,7150.0,,,,,14208.0,2201.0,30473.0,3465.0,90.0,2679.0,,,,404.0,85.0,,16.0,69.0,326.0,106.0,1832.0,552.0,27.0,1317.0,59.0,10698.0,,16.0,,138.0,2730.0,1740.0,9091.0,7558.0,,302.0,12.0,,18.0,30.0,,223.0,1361.0,21367.0,462.0,,267.0,838.0,1864.0,4119.0,2097.0,2310.0,3058.0,453.0,4127.0,499.0,,37.0,131.0,405050.0,30.0,10928.0,1940.0,3035.0,,,,614.0,152.0,402126.0,14300.0,8707.0,5290.0,2810.0,10926.0,8037.0,8058.0,2537.0,337.0
2022-08-01,,,,,,,,14570.0,1739.0,1555.0,122.0,838.0,237.0,,30.0,,864.0,134.0,318.0,,,38.0,58.0,24.0,,,17.0,,41.0,43806.0,56253.0,349.0,9228.0,27.0,484.0,,387.0,1925.0,67877.0,1635584.0,602727.0,1376.0,1905.0,53734.0,69960.0,62761.0,9296.0,312477.0,2195.0,67496.0,36082.0,129.0,31487.0,37449.0,466040.0,38307.0,9619.0,14.0,35888.0,3976138.0,4091.0,175.0,3125.0,3698.0,813.0,186.0,16.0,95.0,1355.0,1432.0,669.0,1622.0,69747.0,11522.0,3373.0,1129.0,660.0,440912.0,204456.0,234484.0,67335.0,92747.0,61.0,17.0,28.0,262947.0,7980.0,10680.0,1846.0,26757.0,592.0,2101.0,32928.0,7275.0,2731.0,10307.0,33356.0,5291.0,4344.0,12315.0,21440.0,144.0,16.0,31653.0,11970.0,32447.0,909.0,14327.0,19159.0,19933.0,481829.0,122.0,17946.0,73436.0,687.0,201.0,,473.0,154738.0,3416.0,43277.0,11438.0,58.0,278886.0,721940.0,1179479.0,3682.0,14002.0,11645.0,4622.0,2897.0,5191.0,2719.0,76.0,1273.0,4166.0,1126.0,33.0,1181.0,4116.0,1071.0,,42952.0,7871.0,293411.0,336.0,8383.0,,,,,14607.0,3090.0,39097.0,4736.0,173.0,3123.0,,,,590.0,108.0,,30.0,80.0,387.0,137.0,1898.0,636.0,62.0,1321.0,108.0,11977.0,14.0,40.0,13.0,174.0,3605.0,2081.0,11849.0,9362.0,15.0,500.0,14.0,,24.0,,,400.0,1948.0,29638.0,574.0,13.0,366.0,1498.0,2268.0,5355.0,2832.0,3377.0,3636.0,137.0,4833.0,649.0,,85.0,150.0,542998.0,42.0,14581.0,2842.0,3635.0,,,,500.0,227.0,584419.0,19473.0,11444.0,6852.0,3815.0,13301.0,9712.0,9694.0,3435.0,472.0
2022-09-01,,,,,,,,11335.0,1171.0,1208.0,130.0,748.0,204.0,,14.0,,872.0,145.0,255.0,,,76.0,83.0,30.0,14.0,,17.0,,39.0,40569.0,54261.0,276.0,8471.0,,290.0,,182.0,1644.0,61928.0,1479013.0,568988.0,1180.0,1692.0,51419.0,64260.0,51326.0,9807.0,294977.0,2045.0,64688.0,34017.0,62.0,29594.0,36054.0,451605.0,32682.0,9471.0,13.0,32862.0,3775742.0,3833.0,142.0,2841.0,3460.0,769.0,260.0,15.0,129.0,1284.0,1320.0,538.0,1511.0,66742.0,11059.0,3319.0,917.0,601.0,424581.0,195626.0,225734.0,60923.0,87251.0,58.0,13.0,,254376.0,7829.0,9821.0,1545.0,25069.0,593.0,1850.0,30838.0,7086.0,2680.0,10052.0,29199.0,5036.0,4156.0,11924.0,19958.0,128.0,,30067.0,12524.0,27511.0,666.0,13516.0,16856.0,18600.0,451648.0,112.0,16437.0,68849.0,629.0,237.0,,430.0,106039.0,2368.0,35703.0,9011.0,51.0,252802.0,691679.0,1117854.0,3253.0,13689.0,11301.0,3741.0,2412.0,5076.0,2479.0,84.0,1255.0,4746.0,975.0,36.0,1149.0,4364.0,1092.0,,39020.0,7211.0,271396.0,385.0,7357.0,,,,15.0,14455.0,2966.0,33987.0,3987.0,71.0,2610.0,,23.0,,478.0,138.0,,,91.0,417.0,47.0,1729.0,520.0,49.0,1307.0,61.0,10024.0,,31.0,12.0,171.0,3504.0,1794.0,10468.0,8037.0,13.0,326.0,15.0,,,29.0,,260.0,1574.0,25760.0,532.0,,261.0,1362.0,2099.0,4651.0,2301.0,2793.0,2708.0,142.0,3751.0,538.0,,125.0,89.0,450505.0,41.0,12939.0,2704.0,3521.0,,,,544.0,598.0,474466.0,24234.0,11787.0,6703.0,3385.0,13195.0,9550.0,8472.0,2920.0,371.0
2022-10-01,,,,,,,,11167.0,1195.0,1172.0,130.0,642.0,165.0,,35.0,,837.0,123.0,337.0,,,34.0,35.0,23.0,,12.0,,,15.0,42003.0,57182.0,318.0,9728.0,,319.0,,132.0,1991.0,64182.0,1485903.0,563579.0,1151.0,1640.0,50907.0,67975.0,48807.0,10305.0,296877.0,2108.0,65334.0,34773.0,120.0,29606.0,37142.0,453900.0,30217.0,9321.0,15.0,32410.0,3766358.0,3904.0,131.0,2805.0,3382.0,752.0,208.0,16.0,157.0,1235.0,1262.0,554.0,1544.0,67145.0,11374.0,3161.0,1220.0,592.0,420798.0,195570.0,226935.0,60956.0,86651.0,50.0,16.0,15.0,256366.0,7615.0,9982.0,909.0,25441.0,574.0,1968.0,31998.0,7173.0,2719.0,9576.0,29560.0,4866.0,3952.0,11748.0,19814.0,104.0,,29780.0,13278.0,25202.0,897.0,12463.0,15942.0,19084.0,446501.0,126.0,16670.0,69161.0,605.0,225.0,,459.0,91545.0,2143.0,38019.0,9458.0,43.0,252569.0,688623.0,1136907.0,3441.0,13702.0,11314.0,4072.0,2648.0,4645.0,2718.0,124.0,1292.0,4374.0,949.0,41.0,1241.0,4158.0,1179.0,,38367.0,7038.0,273543.0,300.0,7765.0,,,12.0,17.0,15170.0,3048.0,34980.0,4120.0,80.0,2641.0,,25.0,,492.0,77.0,17.0,17.0,68.0,323.0,67.0,2147.0,480.0,58.0,1352.0,130.0,10745.0,13.0,22.0,,215.0,3359.0,1932.0,10256.0,8178.0,12.0,346.0,18.0,,18.0,28.0,,246.0,1627.0,27064.0,503.0,12.0,433.0,1363.0,2507.0,5033.0,2064.0,2773.0,2871.0,218.0,4014.0,663.0,,156.0,51.0,414263.0,40.0,13485.0,2922.0,3835.0,,,,581.0,799.0,445841.0,28448.0,13489.0,7100.0,3849.0,13110.0,9372.0,8476.0,3319.0,533.0
2022-11-01,,,,,,,,10169.0,1124.0,1113.0,130.0,633.0,209.0,,22.0,,476.0,28.0,195.0,,,46.0,27.0,23.0,32.0,,12.0,,13.0,41056.0,52214.0,289.0,9102.0,,343.0,,203.0,1927.0,58293.0,1349950.0,539873.0,1155.0,1590.0,47269.0,56683.0,43816.0,10816.0,273696.0,1828.0,62834.0,30715.0,124.0,28795.0,35924.0,431682.0,28035.0,8607.0,18.0,31235.0,3582843.0,3313.0,145.0,2530.0,2989.0,719.0,150.0,,111.0,1185.0,1167.0,583.0,1374.0,66016.0,10795.0,3233.0,982.0,615.0,399353.0,183376.0,215763.0,53620.0,79129.0,54.0,18.0,,244281.0,7396.0,9500.0,843.0,23458.0,517.0,1743.0,29825.0,6767.0,2484.0,9353.0,28787.0,4962.0,4032.0,11752.0,19824.0,104.0,14.0,28493.0,13118.0,22758.0,860.0,10529.0,14061.0,16506.0,427809.0,136.0,15585.0,65685.0,589.0,226.0,,479.0,77215.0,1909.0,36189.0,8542.0,39.0,235982.0,687174.0,1117716.0,3197.0,12226.0,10664.0,3699.0,2337.0,4527.0,2486.0,165.0,1265.0,4608.0,1235.0,40.0,1204.0,4452.0,1189.0,17.0,36534.0,6075.0,260371.0,277.0,7277.0,,,,,15700.0,2988.0,32579.0,3785.0,212.0,2950.0,,37.0,,469.0,74.0,13.0,31.0,95.0,459.0,100.0,1839.0,476.0,68.0,1324.0,137.0,9351.0,,33.0,,172.0,3255.0,1820.0,10834.0,8065.0,15.0,425.0,,,,24.0,,269.0,1633.0,25715.0,433.0,19.0,403.0,1177.0,2118.0,4487.0,2099.0,2760.0,2593.0,191.0,3724.0,643.0,,176.0,106.0,370818.0,28.0,12628.0,2530.0,3563.0,,,,497.0,537.0,404556.0,27368.0,12674.0,7049.0,3611.0,12489.0,8942.0,7884.0,2998.0,498.0
2022-12-01,,,,,,,,8230.0,795.0,1063.0,81.0,671.0,183.0,,21.0,,291.0,24.0,321.0,,18.0,59.0,37.0,14.0,,,12.0,14.0,28.0,41114.0,51680.0,295.0,7711.0,,302.0,,166.0,1644.0,55997.0,1251158.0,521279.0,1035.0,1368.0,45186.0,51555.0,38786.0,10109.0,255078.0,1849.0,58029.0,27637.0,101.0,26437.0,34056.0,419982.0,24653.0,8337.0,14.0,29483.0,3433878.0,3019.0,123.0,2260.0,2650.0,582.0,102.0,15.0,63.0,1017.0,1105.0,462.0,1224.0,65657.0,11428.0,3412.0,1097.0,527.0,393451.0,174504.0,211320.0,47719.0,73384.0,50.0,12.0,,233484.0,6589.0,8736.0,649.0,22206.0,550.0,1574.0,26561.0,6248.0,2262.0,8557.0,27527.0,4528.0,3720.0,10704.0,18271.0,91.0,,25869.0,11955.0,19793.0,795.0,10399.0,13626.0,16147.0,388962.0,84.0,14722.0,59865.0,568.0,185.0,,500.0,66383.0,2015.0,31070.0,7541.0,131.0,201758.0,661835.0,1113570.0,3167.0,12505.0,10134.0,3245.0,2030.0,3974.0,2303.0,119.0,1122.0,4349.0,938.0,30.0,1139.0,4793.0,1446.0,,33260.0,6400.0,247615.0,339.0,7404.0,,,12.0,,14191.0,2854.0,26538.0,2876.0,62.0,2813.0,,38.0,,411.0,68.0,,15.0,102.0,366.0,59.0,1747.0,535.0,249.0,1154.0,99.0,8982.0,14.0,27.0,,114.0,2803.0,1661.0,9670.0,7615.0,17.0,182.0,,,16.0,,,283.0,1287.0,22160.0,222.0,,304.0,976.0,1541.0,3925.0,2145.0,2470.0,2307.0,134.0,3397.0,872.0,,117.0,62.0,339968.0,28.0,10636.0,1847.0,2909.0,,,,322.0,231.0,342185.0,22948.0,10710.0,5553.0,2996.0,11150.0,7832.0,7098.0,2475.0,267.0
2023-01-01,,,,,,,,11940.0,1220.0,1334.0,171.0,776.0,158.0,,50.0,,523.0,20.0,338.0,,,131.0,42.0,13.0,53.0,13.0,21.0,,16.0,48272.0,64537.0,429.0,9815.0,,390.0,,200.0,2140.0,68170.0,1678846.0,653324.0,1361.0,1915.0,59055.0,72379.0,48282.0,11715.0,354171.0,2287.0,76011.0,36231.0,113.0,32500.0,40220.0,511293.0,30837.0,11120.0,13.0,35102.0,4108905.0,4281.0,194.0,3169.0,3784.0,892.0,179.0,12.0,111.0,1353.0,1340.0,695.0,1613.0,84845.0,13357.0,3771.0,1513.0,813.0,463119.0,223753.0,247624.0,64208.0,95161.0,63.0,16.0,20.0,289044.0,8716.0,11584.0,1044.0,29229.0,630.0,2123.0,34963.0,7932.0,3257.0,11182.0,33676.0,5940.0,4742.0,13457.0,23823.0,50.0,31.0,34880.0,16776.0,24229.0,912.0,13442.0,17503.0,20560.0,475274.0,115.0,18185.0,75787.0,671.0,280.0,,524.0,87132.0,2759.0,44093.0,9572.0,137.0,281487.0,780114.0,1186780.0,4314.0,12447.0,8228.0,3988.0,3355.0,5340.0,3136.0,156.0,1829.0,4769.0,1317.0,39.0,1718.0,4277.0,1663.0,21.0,42777.0,7587.0,299566.0,473.0,9022.0,,,,84.0,16280.0,3624.0,34729.0,4176.0,183.0,3979.0,23.0,,,676.0,143.0,17.0,,61.0,452.0,120.0,2544.0,694.0,170.0,1310.0,87.0,11605.0,,,12.0,176.0,3324.0,2465.0,12005.0,8518.0,15.0,316.0,29.0,,22.0,,,259.0,2030.0,30199.0,375.0,,442.0,1656.0,2658.0,5662.0,2289.0,3097.0,3043.0,164.0,4231.0,687.0,,120.0,159.0,463238.0,63.0,15084.0,2821.0,4189.0,,,,512.0,302.0,480529.0,29710.0,13741.0,7644.0,4452.0,16013.0,10477.0,8781.0,3936.0,389.0
2023-02-01,,,,,,,,11696.0,1234.0,1330.0,140.0,628.0,89.0,,21.0,,462.0,49.0,456.0,,,75.0,45.0,28.0,55.0,,22.0,13.0,25.0,45687.0,56804.0,339.0,10127.0,17.0,540.0,,317.0,2344.0,67860.0,1609618.0,572940.0,1155.0,1597.0,54671.0,78059.0,48453.0,10387.0,334966.0,2276.0,73644.0,37930.0,110.0,31270.0,37057.0,485374.0,28646.0,11113.0,12.0,35239.0,3808379.0,4224.0,193.0,3009.0,3615.0,904.0,302.0,14.0,182.0,1253.0,1361.0,541.0,1563.0,73726.0,11054.0,3362.0,1302.0,734.0,424645.0,209205.0,229777.0,65876.0,92881.0,75.0,20.0,14.0,270892.0,8307.0,10927.0,826.0,26828.0,639.0,1948.0,34444.0,7741.0,3197.0,10916.0,32198.0,5441.0,4304.0,12433.0,21624.0,80.0,14.0,34666.0,16710.0,18032.0,974.0,12976.0,17432.0,20867.0,463568.0,106.0,17971.0,75115.0,709.0,231.0,,530.0,85484.0,2831.0,42707.0,9069.0,150.0,261902.0,699422.0,1045390.0,3921.0,11126.0,6880.0,4214.0,3035.0,4695.0,2822.0,208.0,1830.0,5180.0,1368.0,73.0,1690.0,4717.0,1503.0,,38797.0,7135.0,281694.0,471.0,8127.0,,,13.0,78.0,16151.0,3510.0,33892.0,4012.0,101.0,3495.0,,,,477.0,134.0,15.0,13.0,109.0,313.0,119.0,2437.0,762.0,14.0,1203.0,88.0,10982.0,,,13.0,143.0,3323.0,2034.0,12379.0,8353.0,14.0,332.0,,,,22.0,,321.0,2167.0,27875.0,349.0,14.0,461.0,1374.0,2393.0,4812.0,2206.0,2921.0,2574.0,119.0,3631.0,691.0,,142.0,167.0,405600.0,45.0,12453.0,2372.0,3054.0,,,,422.0,266.0,464180.0,28281.0,12517.0,6884.0,4056.0,15122.0,10194.0,8898.0,3881.0,467.0
2023-03-01,,,,,,,,14630.0,1755.0,1700.0,189.0,573.0,134.0,,54.0,,819.0,75.0,437.0,,15.0,68.0,75.0,18.0,,14.0,17.0,,41.0,55748.0,68517.0,506.0,14567.0,17.0,572.0,12.0,307.0,3154.0,84682.0,1864675.0,667262.0,1422.0,1917.0,63951.0,92426.0,65692.0,11447.0,389996.0,2819.0,86658.0,46786.0,134.0,36162.0,43253.0,554892.0,35229.0,13191.0,12.0,50266.0,4343359.0,5128.0,224.0,3780.0,4438.0,1146.0,311.0,13.0,231.0,1517.0,1571.0,798.0,1879.0,79141.0,12590.0,3801.0,1661.0,963.0,476107.0,241241.0,256434.0,82218.0,110367.0,80.0,17.0,21.0,308867.0,9952.0,13021.0,1007.0,32501.0,695.0,2527.0,41471.0,9401.0,3745.0,13159.0,38337.0,6356.0,5087.0,14465.0,24589.0,91.0,33.0,41234.0,19390.0,18045.0,1172.0,16164.0,21102.0,26027.0,546718.0,141.0,21793.0,89960.0,844.0,256.0,,671.0,102942.0,3381.0,51818.0,11245.0,206.0,323559.0,783309.0,1186872.0,4698.0,12241.0,9915.0,5234.0,3825.0,6014.0,3589.0,233.0,2386.0,6140.0,1871.0,76.0,2078.0,5998.0,2136.0,,44821.0,8566.0,341820.0,410.0,9959.0,,,35.0,57.0,18919.0,4006.0,46156.0,6246.0,277.0,4331.0,20.0,,,838.0,172.0,17.0,82.0,151.0,486.0,244.0,2700.0,958.0,70.0,1754.0,107.0,13703.0,12.0,14.0,24.0,182.0,4842.0,2626.0,15090.0,10813.0,27.0,590.0,,,31.0,26.0,,407.0,2584.0,33712.0,441.0,29.0,511.0,1947.0,2944.0,6422.0,3123.0,3350.0,3143.0,202.0,4422.0,821.0,,164.0,138.0,492668.0,79.0,15884.0,3674.0,3649.0,,,,578.0,308.0,561347.0,33131.0,16260.0,8313.0,5475.0,19691.0,13102.0,10102.0,4900.0,546.0
2023-04-01,,,,,,,,12237.0,1268.0,1280.0,115.0,490.0,94.0,,35.0,,842.0,157.0,368.0,,16.0,86.0,52.0,25.0,26.0,28.0,16.0,,,47186.0,61862.0,389.0,11735.0,,521.0,,251.0,2450.0,68350.0,1603594.0,589402.0,1219.0,1701.0,53546.0,79077.0,51680.0,9221.0,339425.0,2196.0,72466.0,41918.0,149.0,29899.0,37668.0,511499.0,31582.0,11197.0,,38054.0,3921025.0,4321.0,200.0,3224.0,3821.0,990.0,262.0,14.0,134.0,1089.0,1187.0,493.0,1406.0,70860.0,11468.0,3703.0,1572.0,858.0,431150.0,208348.0,233333.0,74373.0,93129.0,39.0,12.0,15.0,268368.0,8219.0,11147.0,755.0,28008.0,579.0,2071.0,34254.0,7325.0,3293.0,10685.0,34076.0,5423.0,4251.0,11862.0,20651.0,67.0,27.0,34490.0,15122.0,13903.0,966.0,13061.0,17190.0,21336.0,467797.0,125.0,17313.0,73722.0,674.0,212.0,,454.0,88146.0,2872.0,40458.0,9379.0,239.0,264049.0,724829.0,1110090.0,3326.0,11583.0,10276.0,4590.0,2925.0,4644.0,2646.0,104.0,1864.0,5392.0,1751.0,41.0,1640.0,5113.0,1856.0,16.0,37851.0,6850.0,293293.0,481.0,8548.0,,,39.0,47.0,15789.0,3575.0,39157.0,4708.0,274.0,3946.0,,30.0,,528.0,144.0,17.0,78.0,110.0,312.0,81.0,2131.0,779.0,63.0,1476.0,76.0,12052.0,,,34.0,169.0,4037.0,2219.0,12065.0,8907.0,13.0,366.0,21.0,,14.0,,,298.0,1745.0,27798.0,436.0,37.0,328.0,1478.0,2274.0,4952.0,2386.0,2812.0,2935.0,197.0,3987.0,659.0,,109.0,122.0,417419.0,30.0,13488.0,3111.0,2647.0,,,,391.0,284.0,463387.0,26806.0,13159.0,6650.0,4325.0,15984.0,10760.0,9486.0,4257.0,332.0
2023-05-01,,,,,,,,15409.0,1609.0,1749.0,103.0,449.0,66.0,,41.0,19.0,1480.0,245.0,442.0,,39.0,127.0,110.0,24.0,95.0,54.0,22.0,,29.0,52386.0,69259.0,442.0,14110.0,,637.0,,352.0,3072.0,75399.0,1721935.0,642631.0,1307.0,1847.0,58182.0,84711.0,51922.0,10217.0,369933.0,2658.0,79857.0,46934.0,170.0,33202.0,40032.0,537329.0,34759.0,12217.0,,38399.0,4209390.0,4627.0,184.0,3430.0,4133.0,1029.0,306.0,16.0,170.0,1350.0,1386.0,641.0,1623.0,73977.0,12653.0,3798.0,1741.0,994.0,462263.0,228547.0,249542.0,79999.0,104529.0,63.0,29.0,,293003.0,9438.0,12560.0,931.0,31075.0,780.0,2284.0,38750.0,8738.0,3597.0,11920.0,39209.0,5546.0,4478.0,12757.0,22213.0,132.0,,37267.0,16682.0,12823.0,1135.0,14026.0,19022.0,23119.0,529776.0,165.0,21627.0,85187.0,785.0,227.0,,615.0,96973.0,3369.0,47292.0,10611.0,344.0,310311.0,767874.0,1178438.0,3949.0,12624.0,10939.0,5198.0,3254.0,5319.0,3297.0,223.0,2007.0,6197.0,1742.0,72.0,1982.0,5796.0,2228.0,,43350.0,8133.0,329894.0,453.0,9467.0,13.0,,24.0,36.0,16588.0,3819.0,48354.0,5947.0,260.0,4239.0,19.0,,,622.0,195.0,20.0,15.0,148.0,414.0,99.0,2560.0,856.0,66.0,1692.0,132.0,12858.0,,,28.0,198.0,4436.0,2561.0,13436.0,10430.0,13.0,504.0,33.0,,31.0,12.0,,632.0,2525.0,34305.0,444.0,,536.0,1869.0,2834.0,6722.0,3435.0,3387.0,3495.0,325.0,5145.0,844.0,,163.0,123.0,473365.0,49.0,16335.0,4102.0,3305.0,,,,578.0,276.0,516513.0,32397.0,15602.0,8291.0,5132.0,18686.0,12290.0,10635.0,4427.0,267.0
2023-06-01,,,,,,,,14016.0,1502.0,1313.0,117.0,392.0,90.0,,52.0,,969.0,165.0,235.0,,46.0,53.0,85.0,18.0,70.0,55.0,21.0,12.0,30.0,48214.0,64367.0,356.0,13182.0,,490.0,,320.0,2808.0,69180.0,1644777.0,598461.0,1258.0,1759.0,53382.0,74111.0,50128.0,9672.0,342731.0,2299.0,72502.0,41036.0,132.0,31196.0,38689.0,502358.0,32886.0,10908.0,16.0,35310.0,3971820.0,4358.0,207.0,3183.0,3699.0,993.0,271.0,,147.0,1298.0,1368.0,580.0,1570.0,68624.0,12062.0,3285.0,1514.0,810.0,438957.0,211331.0,238442.0,69595.0,96571.0,53.0,13.0,13.0,268276.0,8741.0,11637.0,780.0,28688.0,695.0,2115.0,35944.0,7637.0,3411.0,10802.0,37874.0,5410.0,4331.0,11874.0,20721.0,82.0,,33275.0,13724.0,10472.0,1077.0,12913.0,17458.0,21311.0,489708.0,119.0,18960.0,76297.0,707.0,222.0,,736.0,103468.0,3314.0,43125.0,10074.0,402.0,278924.0,727673.0,1097635.0,4073.0,12090.0,11007.0,4831.0,2861.0,4439.0,2465.0,201.0,1867.0,5615.0,1155.0,65.0,1740.0,5323.0,1830.0,,39168.0,7084.0,305479.0,511.0,8395.0,,,56.0,59.0,14956.0,3244.0,42255.0,5357.0,167.0,4230.0,,29.0,,540.0,116.0,,29.0,159.0,399.0,118.0,2390.0,1030.0,107.0,1609.0,79.0,12322.0,13.0,18.0,28.0,198.0,3968.0,2287.0,13052.0,9723.0,16.0,638.0,,,17.0,,,323.0,2103.0,30230.0,313.0,,490.0,1519.0,2579.0,5927.0,2825.0,3439.0,3234.0,179.0,4424.0,804.0,,150.0,167.0,444582.0,75.0,13881.0,3030.0,3403.0,,,,552.0,291.0,499740.0,20261.0,12386.0,7195.0,4281.0,16449.0,10833.0,9163.0,4324.0,223.0
2023-07-01,,,,,,,,11143.0,1125.0,1116.0,78.0,340.0,50.0,,40.0,,539.0,115.0,219.0,,28.0,24.0,98.0,20.0,,,14.0,12.0,,42282.0,61972.0,361.0,11317.0,17.0,537.0,,337.0,2486.0,59705.0,1511866.0,569647.0,877.0,1327.0,50788.0,66372.0,49332.0,9596.0,311121.0,2301.0,64722.0,34755.0,139.0,27526.0,37860.0,507948.0,29333.0,10275.0,13.0,32688.0,3812353.0,3727.0,188.0,2697.0,3338.0,791.0,250.0,,124.0,969.0,1035.0,477.0,1279.0,68576.0,12359.0,3140.0,1409.0,686.0,424171.0,192761.0,233014.0,59514.0,84468.0,43.0,27.0,15.0,248528.0,7278.0,9883.0,701.0,24950.0,533.0,1787.0,30666.0,6472.0,2824.0,9526.0,36070.0,4849.0,3917.0,10866.0,19044.0,91.0,28.0,29545.0,11271.0,10074.0,889.0,12353.0,17294.0,18886.0,421553.0,109.0,16018.0,65366.0,640.0,167.0,,533.0,112634.0,3330.0,35856.0,9208.0,350.0,237840.0,729155.0,1107531.0,3019.0,11694.0,11054.0,3961.0,2242.0,3715.0,2395.0,204.0,1546.0,5021.0,1012.0,78.0,1367.0,4535.0,1571.0,20.0,35856.0,7033.0,273137.0,376.0,7804.0,25.0,,12.0,13.0,14503.0,3245.0,33871.0,3925.0,318.0,3834.0,,,,567.0,112.0,,16.0,177.0,393.0,82.0,2232.0,948.0,22.0,1363.0,134.0,11215.0,13.0,29.0,39.0,186.0,3109.0,1645.0,11315.0,8160.0,15.0,391.0,16.0,,29.0,,13.0,393.0,1782.0,24016.0,349.0,,365.0,1070.0,1923.0,4779.0,2518.0,2683.0,2744.0,123.0,3824.0,598.0,,163.0,133.0,425112.0,53.0,11490.0,2134.0,2492.0,,,,415.0,266.0,507241.0,16491.0,10682.0,6583.0,3817.0,15186.0,9726.0,9440.0,3719.0,169.0
2023-08-01,,,,,,,,15312.0,1461.0,1334.0,141.0,296.0,72.0,,65.0,,886.0,163.0,535.0,13.0,46.0,54.0,89.0,16.0,39.0,,19.0,35.0,,47230.0,66170.0,367.0,13420.0,46.0,627.0,,390.0,3037.0,69264.0,1685959.0,623599.0,1228.0,1815.0,54737.0,72879.0,58081.0,10115.0,342546.0,2596.0,74213.0,39188.0,141.0,30894.0,42868.0,508462.0,34135.0,11846.0,,35576.0,4086207.0,4594.0,197.0,3473.0,4147.0,1113.0,323.0,15.0,155.0,1274.0,1345.0,607.0,1568.0,70524.0,12430.0,3394.0,1532.0,768.0,442697.0,211256.0,239874.0,67240.0,95504.0,66.0,44.0,19.0,271729.0,8461.0,11452.0,775.0,28915.0,643.0,1926.0,35929.0,7833.0,3517.0,11606.0,39930.0,5533.0,4390.0,12276.0,21241.0,134.0,45.0,35275.0,12270.0,9366.0,1118.0,14314.0,20148.0,21422.0,496103.0,130.0,20068.0,78695.0,677.0,198.0,,567.0,151007.0,4806.0,46726.0,13091.0,405.0,292412.0,754565.0,1135811.0,3378.0,10936.0,10817.0,4904.0,2969.0,4719.0,3183.0,275.0,2147.0,6098.0,1596.0,75.0,1731.0,5468.0,1999.0,,43332.0,8214.0,310628.0,518.0,8890.0,,,,65.0,15013.0,3505.0,41182.0,4869.0,364.0,4406.0,,,,469.0,119.0,46.0,15.0,187.0,453.0,133.0,2537.0,933.0,72.0,1695.0,125.0,12349.0,,28.0,18.0,183.0,3627.0,2208.0,14001.0,9735.0,13.0,677.0,13.0,,12.0,,,397.0,2201.0,31142.0,346.0,16.0,464.0,1712.0,2834.0,5862.0,3003.0,3407.0,3192.0,139.0,4372.0,811.0,,217.0,186.0,530576.0,16.0,15734.0,3420.0,3404.0,,,,599.0,438.0,691308.0,23027.0,13916.0,8487.0,4856.0,18435.0,12566.0,12158.0,4618.0,261.0
2023-09-01,,,,,,,,11959.0,1274.0,1099.0,130.0,271.0,38.0,,41.0,,1093.0,231.0,502.0,,17.0,92.0,117.0,,27.0,14.0,,,12.0,42266.0,58808.0,349.0,11108.0,16.0,449.0,,278.0,2649.0,60083.0,1438590.0,549228.0,1132.0,1552.0,48258.0,66095.0,45128.0,9289.0,309367.0,2247.0,66313.0,33921.0,136.0,27143.0,38189.0,466854.0,29619.0,10581.0,,31123.0,3668504.0,3967.0,162.0,2841.0,3476.0,776.0,255.0,16.0,160.0,1064.0,1119.0,495.0,1312.0,66412.0,11496.0,3173.0,1167.0,647.0,402100.0,188980.0,218715.0,58206.0,82516.0,51.0,65.0,33.0,246790.0,7287.0,9932.0,704.0,24729.0,622.0,1477.0,30900.0,6356.0,3106.0,10032.0,32723.0,4748.0,3898.0,10740.0,19115.0,46.0,32.0,31763.0,11330.0,8599.0,987.0,12455.0,16565.0,19067.0,426709.0,164.0,16023.0,66482.0,570.0,219.0,,444.0,99358.0,3231.0,35853.0,9711.0,413.0,246649.0,692317.0,1057068.0,2909.0,10069.0,10010.0,3918.0,2398.0,3789.0,2382.0,304.0,1769.0,5536.0,1351.0,90.0,1837.0,5331.0,1723.0,,38837.0,6942.0,265396.0,426.0,7671.0,,,,49.0,15102.0,2949.0,32170.0,3483.0,171.0,3756.0,,,,413.0,185.0,,36.0,193.0,391.0,96.0,2267.0,824.0,50.0,1376.0,129.0,11884.0,,19.0,14.0,194.0,3237.0,1824.0,11042.0,7981.0,29.0,525.0,23.0,,,,,282.0,1664.0,25011.0,248.0,,372.0,1198.0,2126.0,4479.0,2676.0,2429.0,2650.0,83.0,3761.0,679.0,,319.0,120.0,423217.0,38.0,13459.0,2965.0,2860.0,,,,423.0,362.0,513792.0,28620.0,13828.0,7437.0,4316.0,16344.0,11384.0,9961.0,3769.0,300.0
2023-10-01,,,,,,,,13886.0,1294.0,1225.0,159.0,304.0,30.0,,81.0,,1019.0,130.0,507.0,,,103.0,106.0,16.0,38.0,15.0,,,55.0,46548.0,61929.0,297.0,13583.0,27.0,451.0,,322.0,2616.0,66297.0,1521716.0,557289.0,1046.0,1497.0,49513.0,70979.0,46946.0,9743.0,330954.0,2385.0,72195.0,37167.0,299.0,29682.0,42183.0,467278.0,30527.0,11531.0,16.0,33499.0,3800332.0,4547.0,201.0,3199.0,3918.0,959.0,313.0,15.0,206.0,1177.0,1156.0,502.0,1383.0,67385.0,12638.0,3406.0,1641.0,798.0,418152.0,201184.0,225790.0,66508.0,89183.0,43.0,18.0,,263229.0,8421.0,11217.0,905.0,27751.0,662.0,1619.0,34432.0,7343.0,3478.0,10867.0,35324.0,5379.0,4364.0,11720.0,20490.0,89.0,13.0,34622.0,12366.0,8478.0,1211.0,12481.0,16091.0,20121.0,466983.0,189.0,19130.0,75077.0,674.0,260.0,,629.0,90092.0,3040.0,41833.0,10225.0,477.0,274933.0,690474.0,1080965.0,3688.0,9827.0,11149.0,4755.0,2621.0,4086.0,2585.0,354.0,2071.0,5810.0,1497.0,89.0,1891.0,5374.0,1751.0,25.0,41870.0,7060.0,292552.0,411.0,8272.0,,,21.0,,14299.0,3404.0,37788.0,4047.0,306.0,3966.0,,36.0,,576.0,158.0,,45.0,164.0,351.0,69.0,2329.0,1008.0,103.0,1366.0,99.0,11277.0,33.0,32.0,30.0,212.0,3697.0,2220.0,11607.0,8593.0,13.0,640.0,41.0,,14.0,39.0,16.0,246.0,2099.0,30445.0,360.0,18.0,611.0,1677.0,2453.0,6308.0,3238.0,3215.0,3087.0,172.0,4425.0,1048.0,,460.0,181.0,428198.0,60.0,15803.0,3440.0,3535.0,,,,625.0,476.0,525082.0,35483.0,16635.0,8489.0,4794.0,17984.0,12280.0,10317.0,4214.0,449.0
2023-11-01,,,,,,,,10564.0,1042.0,1230.0,133.0,194.0,16.0,,64.0,,629.0,73.0,272.0,,,66.0,74.0,15.0,28.0,59.0,17.0,20.0,,41538.0,53408.0,225.0,12494.0,18.0,335.0,,239.0,2565.0,58129.0,1338454.0,516385.0,936.0,1316.0,42940.0,58672.0,39568.0,8505.0,297023.0,2171.0,64698.0,31761.0,210.0,26995.0,36379.0,435030.0,33647.0,10098.0,12.0,30130.0,3488305.0,3686.0,195.0,2650.0,3300.0,846.0,317.0,,158.0,1084.0,1083.0,437.0,1264.0,63771.0,10938.0,3245.0,1311.0,743.0,384684.0,179206.0,206106.0,57256.0,77667.0,45.0,42.0,17.0,238771.0,7111.0,9485.0,719.0,23927.0,681.0,1461.0,29441.0,6045.0,2786.0,9537.0,31859.0,4716.0,3907.0,10501.0,18655.0,57.0,40.0,30526.0,11647.0,7540.0,873.0,10787.0,14048.0,17415.0,416146.0,116.0,15589.0,64132.0,544.0,184.0,,484.0,77162.0,2411.0,36096.0,9031.0,328.0,240797.0,641771.0,1022276.0,3208.0,9022.0,9880.0,4285.0,2429.0,3641.0,2577.0,362.0,1745.0,5316.0,1415.0,122.0,1817.0,5576.0,2016.0,,37767.0,6428.0,260553.0,325.0,7534.0,,,28.0,12.0,14237.0,3260.0,31250.0,3271.0,210.0,3264.0,,,,502.0,125.0,,,169.0,384.0,87.0,2114.0,932.0,50.0,1203.0,87.0,10236.0,12.0,12.0,26.0,188.0,3160.0,1976.0,11030.0,7470.0,21.0,516.0,22.0,,18.0,,,167.0,1623.0,24958.0,226.0,,437.0,1285.0,1960.0,4893.0,2509.0,2637.0,2824.0,102.0,3872.0,857.0,,157.0,86.0,373731.0,59.0,13143.0,2712.0,3442.0,,,,548.0,227.0,458998.0,30186.0,14402.0,8290.0,3966.0,15999.0,11043.0,9570.0,3622.0,354.0
2023-12-01,,,,,,,,7925.0,891.0,820.0,101.0,198.0,16.0,,19.0,,259.0,47.0,117.0,,,30.0,46.0,,17.0,,15.0,,,40273.0,52708.0,268.0,10680.0,15.0,353.0,,225.0,2304.0,52662.0,1183499.0,476343.0,737.0,1125.0,40014.0,51176.0,34417.0,7931.0,265683.0,1976.0,56477.0,26651.0,197.0,23402.0,34769.0,434025.0,30355.0,9285.0,14.0,28298.0,3314547.0,3097.0,177.0,2211.0,2704.0,587.0,157.0,17.0,121.0,922.0,909.0,403.0,1086.0,64529.0,10585.0,2934.0,1124.0,664.0,365310.0,163844.0,195602.0,45481.0,68169.0,42.0,42.0,,225402.0,6299.0,8363.0,506.0,21493.0,565.0,1324.0,25312.0,5488.0,1674.0,8090.0,29328.0,4196.0,3314.0,9508.0,16793.0,34.0,,26752.0,9832.0,7394.0,890.0,9569.0,12919.0,16186.0,356869.0,74.0,13089.0,52257.0,366.0,124.0,,394.0,57826.0,2418.0,28890.0,6966.0,47.0,192174.0,655648.0,1039976.0,2596.0,8918.0,9287.0,3473.0,1732.0,3033.0,1728.0,285.0,1512.0,4826.0,1133.0,100.0,1393.0,5013.0,2148.0,,33496.0,5381.0,240184.0,309.0,7013.0,,,,16.0,14473.0,3213.0,24127.0,2521.0,111.0,2757.0,,,,406.0,156.0,,17.0,138.0,293.0,87.0,1736.0,747.0,56.0,1178.0,77.0,9005.0,,,51.0,209.0,2643.0,1675.0,9664.0,6369.0,14.0,379.0,15.0,,13.0,,,72.0,1272.0,19774.0,196.0,14.0,244.0,856.0,1378.0,3435.0,1871.0,2316.0,2325.0,95.0,3054.0,861.0,,121.0,46.0,314740.0,62.0,9252.0,1771.0,2334.0,,,,454.0,143.0,367275.0,22614.0,11112.0,6758.0,3052.0,12708.0,7828.0,8552.0,2694.0,355.0
