target_title,code,period_type,period_label,claims,exposure_months,rate_per_100000_member_months,poisson_ci_lower_per_100000,poisson_ci_upper_per_100000
HCPCS A0428,A0428,month,2018-01,294462,77061511.0,382.11293313467473,380.7340160972668,383.4956083534626
HCPCS A0428,A0428,month,2018-02,255220,76816414.0,332.2466992536257,330.9589371671123,333.5382316868809
HCPCS A0428,A0428,month,2018-03,279179,76672124.0,364.12060268475153,362.77115998945,365.47382271130914
HCPCS A0428,A0428,month,2018-04,271567,76587909.0,354.58207900675285,353.2497137019661,355.91822582998395
HCPCS A0428,A0428,month,2018-05,284264,76388516.0,372.12923471376246,370.7624912667728,373.49976949432056
HCPCS A0428,A0428,month,2018-06,268886,75959344.0,353.98673269216226,352.64999586194205,355.3272823452681
HCPCS A0428,A0428,month,2018-07,274607,76353875.0,359.6503779277738,358.30646234856886,360.99808660257787
HCPCS A0428,A0428,month,2018-08,289606,76065396.0,380.73291566115034,379.3475180255794,382.1221207132073
HCPCS A0428,A0428,month,2018-09,256737,75485517.0,340.1142499957972,338.7998905814522,341.43244622486014
HCPCS A0428,A0428,month,2018-10,284895,75799027.0,375.8557481219383,374.4768462486252,377.2384708113339
HCPCS A0428,A0428,month,2018-11,268393,75525925.0,355.3653927442795,354.02221900741193,356.71240118689326
HCPCS A0428,A0428,month,2018-12,269856,74770615.0,360.91183682252716,359.55139855389,362.27614852707745
HCPCS A0428,A0428,month,2019-01,296721,75376060.0,393.65416552682643,392.2390131149334,395.073160146011
HCPCS A0428,A0428,month,2019-02,266784,75153292.0,354.9864455704748,353.6406679217272,356.33607694618684
HCPCS A0428,A0428,month,2019-03,283484,74877560.0,378.59673846209733,377.2043314807135,379.9930132858296
HCPCS A0428,A0428,month,2019-04,281264,75071007.0,374.66394982552987,373.2805845255269,376.05117301066946
HCPCS A0428,A0428,month,2019-05,282344,74812854.0,377.4003863025998,376.00958252227946,378.79506127554356
HCPCS A0428,A0428,month,2019-06,258465,74215582.0,348.2624444015005,346.9210987506467,349.6076925117511
HCPCS A0428,A0428,month,2019-07,275514,74488451.0,369.874787703667,368.49494105533097,371.25852243445667
HCPCS A0428,A0428,month,2019-08,281570,75037460.0,375.2392471706798,373.8545100775568,376.6278438723465
HCPCS A0428,A0428,month,2019-09,265869,75625105.0,351.561825930688,350.2267419316973,352.9007396181646
HCPCS A0428,A0428,month,2019-10,290176,75011359.0,386.8427447101712,385.43649680017097,388.25285353494166
HCPCS A0428,A0428,month,2019-11,271467,74622336.0,363.78786105007487,362.4206529033193,365.1589503219818
HCPCS A0428,A0428,month,2019-12,277635,74254894.0,373.89454761055885,372.50503821544834,375.2879573078527
HCPCS A0428,A0428,month,2020-01,296270,74732556.0,396.44034120818776,395.0140893757199,397.87046833409744
HCPCS A0428,A0428,month,2020-02,269140,74443888.0,361.5340456156723,360.16945213372674,362.90252953703214
HCPCS A0428,A0428,month,2020-06,254181,78055480.0,325.6414540016921,324.37671880333323,326.90989970073707
HCPCS A0428,A0428,month,2020-07,271705,79309251.0,342.5892901195095,341.3023151523119,343.8799168491321
HCPCS A0428,A0428,month,2020-08,265470,80202982.0,330.9976678921988,329.7397345362871,332.2592123449718
HCPCS A0428,A0428,month,2020-09,255663,80938780.0,315.8720702239396,314.6488350549345,317.0988837066803
HCPCS A0428,A0428,month,2020-10,270743,83848958.0,322.8936965442075,321.67855920747047,324.11228793551123
HCPCS A0428,A0428,month,2020-11,255499,85021129.0,300.51235852207986,299.3482317589674,301.679891784421
HCPCS A0428,A0428,month,2020-12,277042,83327207.0,332.4748422205007,331.2379410008098,333.7152190963962
HCPCS A0428,A0428,month,2021-01,276260,84904129.0,325.3787574924654,324.16654525522347,326.59438083574696
HCPCS A0428,A0428,month,2021-02,245920,85397214.0,287.9719237679112,286.8348785424514,289.11236053431884
HCPCS A0428,A0428,month,2021-03,278906,85910366.0,324.64766824529653,323.44392536286847,325.85478227040073
HCPCS A0428,A0428,month,2021-04,267982,86730928.0,308.9808977946137,307.8121490436672,310.15298583697773
HCPCS A0428,A0428,month,2021-05,268669,87232698.0,307.9911617545063,306.8276458208493,309.15799776891384
HCPCS A0428,A0428,month,2021-06,267670,87595760.0,305.5741510776321,304.41761584176226,306.73399263738946
HCPCS A0428,A0428,month,2021-07,268629,88407727.0,303.85239968900004,302.7044336157781,305.00364171586693
HCPCS A0428,A0428,month,2021-08,258828,89007226.0,290.79436763931955,289.6751473240641,291.9168418831967
HCPCS A0428,A0428,month,2021-09,252297,89384641.0,282.2599018997011,281.15957165328365,283.3634723631496
HCPCS A0428,A0428,month,2021-10,253339,90288880.0,280.5871553617677,279.495595569546,281.6819229159492
HCPCS A0428,A0428,month,2021-11,253403,90916915.0,278.7193120224108,277.63515544778187,279.8066542001817
HCPCS A0428,A0428,month,2021-12,252820,91152624.0,277.3589929786333,276.2788857324497,278.44227759285724
HCPCS A0428,A0428,month,2022-01,252993,92054533.0,274.8294861264464,273.75959506873244,275.902523421051
HCPCS A0428,A0428,month,2022-02,232500,92416336.0,251.57889834541805,250.55731175138547,252.6036189499585
HCPCS A0428,A0428,month,2022-03,264367,92843565.0,284.7445593025214,283.6601546124137,285.8320834455789
HCPCS A0428,A0428,month,2022-04,252406,93447612.5,270.1042790151541,269.0515620406821,271.1600953261016
HCPCS A0428,A0428,month,2022-05,257745,94051660.0,274.04619971619854,272.9892288556413,275.10624998613855
HCPCS A0428,A0428,month,2022-06,254916,94517722.0,269.70180258893674,268.65583707629287,270.7508323378496
HCPCS A0428,A0428,month,2022-07,250035,95111777.0,262.88542585005007,261.85600223614637,263.91789458123856
HCPCS A0428,A0428,month,2022-08,259844,95824368.0,271.1669332376917,270.1252961997488,272.21159270917127
HCPCS A0428,A0428,month,2022-09,250265,96242503.0,260.0358388434682,259.0180413857785,261.0566456412838
HCPCS A0428,A0428,month,2022-10,250400,96904625.0,258.39839945719825,257.3872834571071,259.4125042348974
HCPCS A0428,A0428,month,2022-11,243688,97433463.0,250.10709103093257,249.11504571137255,251.10210893343915
HCPCS A0428,A0428,month,2022-12,244903,97814451.0,250.37506983502877,249.38442571107063,251.36867495866338
HCPCS A0428,A0428,month,2023-01,263495,98743626.0,266.8476039152137,265.8296783630023,267.86846253216453
HCPCS A0428,A0428,month,2023-02,237802,99047187.0,240.08960496778167,239.12559184365725,241.0565422687529
HCPCS A0428,A0428,month,2023-03,272028,99895730.0,272.31193965948296,271.28957635841596,273.33720216786503
HCPCS A0428,A0428,month,2023-04,247097,100100536.0,246.84882806221935,245.87647752035963,247.8240719719743
HCPCS A0428,A0428,month,2023-05,271305,99734767.0,272.0265040575068,271.0038537413699,273.0520582625277
HCPCS A0428,A0428,month,2023-06,255350,98529848.0,259.1600466084146,258.15581812336393,260.16721455265207
HCPCS A0428,A0428,month,2023-07,248136,97857412.0,253.56893762937446,252.57220752360482,254.5686274216747
HCPCS A0428,A0428,month,2023-08,260018,96623612.0,269.10399499451546,268.0706279495623,270.140359471599
HCPCS A0428,A0428,month,2023-09,241175,95335850.0,252.97409106857495,251.96546481835756,253.98575531637184
HCPCS A0428,A0428,month,2023-10,246089,93799620.0,262.3560735107456,261.3205268235142,263.3947079298918
HCPCS A0428,A0428,month,2023-11,233543,92066205.0,253.66854211053882,252.6407705099841,254.699459635421
HCPCS A0428,A0428,month,2023-12,235031,90517353.0,259.6529750488837,258.6042888908922,260.70486095434774
HCPCS A0428,A0428,quarter,2018-Q1,828861,230550049.0,359.5145624974472,358.7410041195002,360.2893767337803
HCPCS A0428,A0428,quarter,2018-Q2,824717,228935769.0,360.2394696129813,359.462407557877,361.01779638300434
HCPCS A0428,A0428,quarter,2018-Q3,820950,227904788.0,360.2162145009433,359.43742290659674,360.9962765325291
HCPCS A0428,A0428,quarter,2018-Q4,823144,226095567.0,364.06905757687855,363.2829852248018,364.85641053161964
HCPCS A0428,A0428,quarter,2019-Q1,846989,225406912.0,375.7599944406319,374.9601756584691,376.5610977311184
HCPCS A0428,A0428,quarter,2019-Q2,822073,224099443.0,366.83402198371374,366.04146421975145,367.6278717573836
HCPCS A0428,A0428,quarter,2019-Q3,822953,225151016.0,365.5115640250986,364.72228558690506,366.30212843838206
HCPCS A0428,A0428,quarter,2019-Q4,839278,223888589.0,374.86412494207104,374.0625578911849,375.6669852144826
HCPCS A0428,A0428,quarter,2020-Q1,565410,149176444.0,379.02096660783786,378.03366392617403,380.01021035260624
HCPCS A0428,A0428,quarter,2020-Q2,254181,78055480.0,325.6414540016921,324.37671880333323,326.90989970073707
HCPCS A0428,A0428,quarter,2020-Q3,792838,240451013.0,329.72953206065307,329.0041314879585,330.4561367897631
HCPCS A0428,A0428,quarter,2020-Q4,803284,252197294.0,318.51412331172753,317.817965098212,319.2114295943107
HCPCS A0428,A0428,quarter,2021-Q1,801086,256211709.0,312.66564792321805,311.98133602396115,313.35108990377836
HCPCS A0428,A0428,quarter,2021-Q2,804321,261559386.0,307.5098975802,306.83822385241166,308.1826782835251
HCPCS A0428,A0428,quarter,2021-Q3,779754,266799594.0,292.26206393702387,291.61372225013275,292.9114908637566
HCPCS A0428,A0428,quarter,2021-Q4,759562,272358419.0,278.8832461242918,278.25641872146554,279.51113662263475
HCPCS A0428,A0428,quarter,2022-Q1,749860,277314434.0,270.4006384319685,269.7889599138985,271.01336104909535
HCPCS A0428,A0428,quarter,2022-Q2,765067,282016994.5,271.2840059005735,270.6764552536227,271.89258323249237
HCPCS A0428,A0428,quarter,2022-Q3,760144,287178648.0,264.69377347301946,264.0990664795759,265.2894886993979
HCPCS A0428,A0428,quarter,2022-Q4,738991,292152539.0,252.94697165031315,252.37058522811205,253.5243491457697
HCPCS A0428,A0428,quarter,2023-Q1,773325,297686543.0,259.77828631642245,259.19961608571714,260.3579291876995
HCPCS A0428,A0428,quarter,2023-Q2,773752,298365151.0,259.3305543246906,258.7530407718681,259.90903830578736
HCPCS A0428,A0428,quarter,2023-Q3,749329,289816874.0,258.55257827396207,257.96749440280024,259.13866120282216
HCPCS A0428,A0428,quarter,2023-Q4,714663,276383178.0,258.57688053648474,257.97772614045806,259.177082559554
HCPCS A0428,A0428,year,2018,3297672,913486173.0,360.9985676269235,360.6090436079764,361.38840854672543
HCPCS A0428,A0428,year,2019,3331293,898545960.0,370.74263847338426,370.34462369549533,371.1409754209663
HCPCS A0428,A0428,year,2020,2415713,719880231.0,335.57151536781123,335.14848120196,335.9949516750485
HCPCS A0428,A0428,year,2021,3144723,1056929108.0,297.5339572159839,297.2052001820659,297.862988143244
HCPCS A0428,A0428,year,2022,3014062,1138662615.5,264.7019370769884,264.4031868781392,265.00094151008284
HCPCS A0428,A0428,year,2023,3011069,1162251746.0,259.0720134740929,258.7794721243452,259.36480389815665
HCPCS A0429,A0429,month,2018-01,336967,77061511.0,437.27016979981096,435.79499852319975,438.7490991050928
HCPCS A0429,A0429,month,2018-02,295203,76816414.0,384.29677282253766,382.91171511073526,385.68560070394295
HCPCS A0429,A0429,month,2018-03,305396,76672124.0,398.3142556478545,396.9028163521288,399.72947216873024
HCPCS A0429,A0429,month,2018-04,296735,76587909.0,387.443662941627,386.0508695732481,388.8402377220706
HCPCS A0429,A0429,month,2018-05,315870,76388516.0,413.5045639582787,412.063774564059,414.9491445625763
HCPCS A0429,A0429,month,2018-06,298215,75959344.0,392.59817725650714,391.19035764415753,394.009809566296
HCPCS A0429,A0429,month,2018-07,318881,76353875.0,417.63564717573274,416.18734429446295,419.08774297631294
HCPCS A0429,A0429,month,2018-08,318244,76065396.0,418.3820984774733,416.92975691835125,419.83824734288237
HCPCS A0429,A0429,month,2018-09,304007,75485517.0,402.73553402303656,401.3051741546275,404.16973049866533
HCPCS A0429,A0429,month,2018-10,310340,75799027.0,409.4247806109701,407.9855634940746,410.86781844257723
HCPCS A0429,A0429,month,2018-11,291349,75525925.0,385.7602538466096,384.3607642380445,387.1635780602789
HCPCS A0429,A0429,month,2018-12,308810,74770615.0,413.0098435060351,411.55443516424884,414.46912511932794
HCPCS A0429,A0429,month,2019-01,327690,75376060.0,434.7401548979875,433.2529207307259,436.2312311570166
HCPCS A0429,A0429,month,2019-02,298939,75153292.0,397.7723291216571,396.34768227771343,399.2008295529996
HCPCS A0429,A0429,month,2019-03,329480,74877560.0,440.02502218288095,438.5237997820289,441.53011224814617
HCPCS A0429,A0429,month,2019-04,318663,75071007.0,424.482117310615,423.009568812685,425.95852354481104
HCPCS A0429,A0429,month,2019-05,338334,74812854.0,452.24046659147643,450.7178743474634,453.7669298150207
HCPCS A0429,A0429,month,2019-06,330036,74215582.0,444.6990660263232,443.18317472853073,446.2188594848553
HCPCS A0429,A0429,month,2019-07,375327,74488451.0,503.8727412924723,502.2620168716045,505.4873534369867
HCPCS A0429,A0429,month,2019-08,386586,75037460.0,515.1906794286481,513.5679158522362,516.8173022530519
HCPCS A0429,A0429,month,2019-09,377052,75625105.0,498.5804647808423,496.9903052301919,500.1744536173654
HCPCS A0429,A0429,month,2019-10,389647,75011359.0,519.4506607992531,517.8209134629464,521.0842687181524
HCPCS A0429,A0429,month,2019-11,363425,74622336.0,487.01906088815014,485.4369450801061,488.60505747941414
HCPCS A0429,A0429,month,2019-12,389748,74254894.0,524.8785352787655,523.2319715132818,526.5289989559033
HCPCS A0429,A0429,month,2020-01,423211,74732556.0,566.3007163839011,564.5958360212253,568.0094716467684
HCPCS A0429,A0429,month,2020-02,385632,74443888.0,518.0170063121905,516.3833248446118,519.6545778017623
HCPCS A0429,A0429,month,2020-06,317453,78055480.0,406.70174598887866,405.28819448012837,408.1190077365079
HCPCS A0429,A0429,month,2020-07,344023,79309251.0,433.77411293418976,432.32580834976375,435.22606901733343
HCPCS A0429,A0429,month,2020-08,341549,80202982.0,425.8557368851946,424.4287344570772,427.28635012957903
HCPCS A0429,A0429,month,2020-09,325137,80938780.0,401.7073150843143,400.32770520040395,403.0905030109141
HCPCS A0429,A0429,month,2020-10,340562,83848958.0,406.16127871261085,404.7983014150271,407.52770982144847
HCPCS A0429,A0429,month,2020-11,338547,85021129.0,398.19160717096565,396.851406765001,399.5352137769766
HCPCS A0429,A0429,month,2020-12,349804,83327207.0,419.7956616978654,418.4056497021437,421.1891491039969
HCPCS A0429,A0429,month,2021-01,349261,84904129.0,411.35926381153973,409.9961285661994,412.7258099201057
HCPCS A0429,A0429,month,2021-02,325856,85397214.0,381.57685097314766,380.26782181811694,382.88927136551365
HCPCS A0429,A0429,month,2021-03,359471,85910366.0,418.42564144122025,417.0589069355575,419.7957468323074
HCPCS A0429,A0429,month,2021-04,355905,86730928.0,410.3553463650245,409.00827967203736,411.70575206087545
HCPCS A0429,A0429,month,2021-05,374231,87232698.0,429.0031244935242,427.62972982907837,430.379838907937
HCPCS A0429,A0429,month,2021-06,375715,87595760.0,428.9191622973532,427.54874875430414,430.29288182724196
HCPCS A0429,A0429,month,2021-07,396537,88407727.0,448.53206100412467,447.1370866723507,449.93031091131877
HCPCS A0429,A0429,month,2021-08,404267,89007226.0,454.19570766085894,452.7966788159059,455.597990002142
HCPCS A0429,A0429,month,2021-09,391608,89384641.0,438.1155370976989,436.7444174105919,439.4898965713081
HCPCS A0429,A0429,month,2021-10,392548,90288880.0,434.7689327855214,433.40991540715856,436.1311575019957
HCPCS A0429,A0429,month,2021-11,378645,90916915.0,416.4736561947796,415.1481608361016,417.80233676723515
HCPCS A0429,A0429,month,2021-12,412211,91152624.0,452.2206623475809,450.84119443599724,453.6033071637748
HCPCS A0429,A0429,month,2022-01,413064,92054533.0,448.71663191208626,447.34926577148883,450.0871438296961
HCPCS A0429,A0429,month,2022-02,351890,92416336.0,380.76601522051254,379.5089762002705,382.0261878398945
HCPCS A0429,A0429,month,2022-03,402004,92843565.0,432.990697847503,431.65323958185354,434.3312751781749
HCPCS A0429,A0429,month,2022-04,395609,93447612.5,423.34842958133356,422.0302363925031,424.66972168678814
HCPCS A0429,A0429,month,2022-05,432598,94051660.0,459.95785720315837,458.5882230297889,461.33057031796204
HCPCS A0429,A0429,month,2022-06,421702,94517722.0,446.16183195782054,444.8162372265213,447.5104904686799
HCPCS A0429,A0429,month,2022-07,437000,95111777.0,459.45940006987774,458.0981533979883,460.82369135737684
HCPCS A0429,A0429,month,2022-08,437516,95824368.0,456.58114854459564,455.2292266483283,457.9360924144962
HCPCS A0429,A0429,month,2022-09,422739,96242503.0,439.2435637298419,437.9204586422834,440.56967768843526
HCPCS A0429,A0429,month,2022-10,436187,96904625.0,450.11989881803885,448.7850810905564,451.45770483363395
HCPCS A0429,A0429,month,2022-11,430605,97433463.0,441.94775259091426,440.6287080767991,443.2697691834948
HCPCS A0429,A0429,month,2022-12,443438,97814451.0,453.3461011808981,452.0127450690396,454.68241777270964
HCPCS A0429,A0429,month,2023-01,447508,98743626.0,453.20191097701843,451.87504978126583,454.5317047878932
HCPCS A0429,A0429,month,2023-02,399263,99047187.0,403.10382565433184,401.854421023749,404.35615399889724
HCPCS A0429,A0429,month,2023-03,441835,99895730.0,442.2961822292104,440.9929695842061,443.60229367667506
HCPCS A0429,A0429,month,2023-04,428058,100100536.0,427.6280798336585,426.3479853938833,428.9110671684391
HCPCS A0429,A0429,month,2023-05,452800,99734767.0,454.0041688772382,452.6827435232683,455.32849769407585
HCPCS A0429,A0429,month,2023-06,431746,98529848.0,438.1880300881008,436.8819349030749,439.49706427796315
HCPCS A0429,A0429,month,2023-07,451881,97857412.0,461.77493432996164,460.42952634506526,463.1233014810025
HCPCS A0429,A0429,month,2023-08,451244,96623612.0,467.0121419182715,465.6505156614875,468.3767651282578
HCPCS A0429,A0429,month,2023-09,430239,95335850.0,451.2877369845656,449.9402438381055,452.6382676028757
HCPCS A0429,A0429,month,2023-10,441044,93799620.0,470.19806690048426,468.8114012770976,471.58781972315796
HCPCS A0429,A0429,month,2023-11,413643,92066205.0,449.2886396262342,447.9204882417853,450.6599363877201
HCPCS A0429,A0429,month,2023-12,435005,90517353.0,480.57635976164704,479.1492908041882,482.0066278751872
HCPCS A0429,A0429,quarter,2018-Q1,937566,230550049.0,406.66484525448965,405.84209702936414,407.48884931010963
HCPCS A0429,A0429,quarter,2018-Q2,910820,228935769.0,397.84958199345425,397.03294187213646,398.667486806865
HCPCS A0429,A0429,quarter,2018-Q3,941132,227904788.0,412.9496393028829,412.11575945132114,413.7847895603573
HCPCS A0429,A0429,quarter,2018-Q4,910499,226095567.0,402.7053745817139,401.8786216636821,403.533408078922
HCPCS A0429,A0429,quarter,2019-Q1,956109,225406912.0,424.1702224286716,423.3204163449332,425.0213129929679
HCPCS A0429,A0429,quarter,2019-Q2,987033,224099443.0,440.44420047933806,439.57571649630563,441.313976429946
HCPCS A0429,A0429,quarter,2019-Q3,1138965,225151016.0,505.86713763707826,504.93852917272534,506.7970320045845
HCPCS A0429,A0429,quarter,2019-Q4,1142820,223888589.0,510.4413785018762,509.50595419940083,511.3780959575571
HCPCS A0429,A0429,quarter,2020-Q1,808843,149176444.0,542.2055777117197,541.0245869847065,543.3885093586808
HCPCS A0429,A0429,quarter,2020-Q2,317453,78055480.0,406.70174598887866,405.28819448012837,408.1190077365079
HCPCS A0429,A0429,quarter,2020-Q3,1010709,240451013.0,420.3388404938847,419.51976166535087,421.1591234265251
HCPCS A0429,A0429,quarter,2020-Q4,1028913,252197294.0,407.9793972729937,407.19146297303035,408.76847959156464
HCPCS A0429,A0429,quarter,2021-Q1,1034588,256211709.0,403.8019979797254,403.02427234262234,404.58085364684223
HCPCS A0429,A0429,quarter,2021-Q2,1105851,261559386.0,422.7915567900897,422.00391920288763,423.5803012913669
HCPCS A0429,A0429,quarter,2021-Q3,1192412,266799594.0,446.9317145962374,446.12988178143956,447.734632571309
HCPCS A0429,A0429,quarter,2021-Q4,1183404,272358419.0,434.50244877504593,433.7199551603158,435.28600540322145
HCPCS A0429,A0429,quarter,2022-Q1,1166958,277314434.0,420.80680156735,420.04365338779166,421.5709937650274
HCPCS A0429,A0429,quarter,2022-Q2,1249909,282016994.5,443.2034325505869,442.4267845745942,443.9811071251118
HCPCS A0429,A0429,quarter,2022-Q3,1297255,287178648.0,451.724043216472,450.94703736881246,452.5020572053028
HCPCS A0429,A0429,quarter,2022-Q4,1310230,292152539.0,448.4746237307217,447.70703466937226,449.243203768198
HCPCS A0429,A0429,quarter,2023-Q1,1288606,297686543.0,432.8734470204117,432.1263723510409,433.6214942460283
HCPCS A0429,A0429,quarter,2023-Q2,1312604,298365151.0,439.93207504317417,439.1797879617901,440.6853324661452
HCPCS A0429,A0429,quarter,2023-Q3,1333364,289816874.0,460.0712103464341,459.2906311615714,460.85278849123245
HCPCS A0429,A0429,quarter,2023-Q4,1289692,276383178.0,466.63187294271575,465.82687529005034,467.4379181152501
HCPCS A0429,A0429,year,2018,3700017,913486173.0,405.04356928016693,404.6309601428856,405.45649531499913
HCPCS A0429,A0429,year,2019,4224927,898545960.0,470.1959819617908,469.747737147539,470.64454893904224
HCPCS A0429,A0429,year,2020,3165918,719880231.0,439.7839895675646,439.2996837405957,440.2686975248435
HCPCS A0429,A0429,year,2021,4516255,1056929108.0,427.2997087331613,426.9057119430748,427.6939794079354
HCPCS A0429,A0429,year,2022,5024352,1138662615.5,441.25028183117684,440.86453762665406,441.6362802587691
HCPCS A0429,A0429,year,2023,5224266,1162251746.0,449.4952163315571,449.10985451003813,449.88082721569236
HCPCS A0426,A0426,month,2018-01,56196,77061511.0,72.92356361919765,72.32186867279073,73.5290197654032
HCPCS A0426,A0426,month,2018-02,58770,76816414.0,76.50708610271758,75.88977416936419,77.12817111764282
HCPCS A0426,A0426,month,2018-03,64234,76672124.0,83.777514758819,83.13087319889578,84.42793627194528
HCPCS A0426,A0426,month,2018-04,74654,76587909.0,97.47491604712697,96.7769326250951,98.17668321356082
HCPCS A0426,A0426,month,2018-05,77428,76388516.0,101.36078569715897,100.64807438072611,102.07729054971657
HCPCS A0426,A0426,month,2018-06,81913,75959344.0,107.83795078588356,107.10071073665316,108.57900567621294
HCPCS A0426,A0426,month,2018-07,95540,76353875.0,125.12789953358622,124.33570889484871,125.92388496981482
HCPCS A0426,A0426,month,2018-08,94237,76065396.0,123.8894490209451,123.09970367581995,124.6830035840708
HCPCS A0426,A0426,month,2018-09,72012,75485517.0,95.39843252315539,94.70292220977484,96.09778192510423
HCPCS A0426,A0426,month,2018-10,76743,75799027.0,101.24536295169067,100.53029865615724,101.96425030634678
HCPCS A0426,A0426,month,2018-11,49712,75525925.0,65.8211071231501,65.24375658796532,66.40229567609602
HCPCS A0426,A0426,month,2018-12,42605,74770615.0,56.98094097527485,56.4411463469634,57.52461286260745
HCPCS A0426,A0426,month,2019-01,36617,75376060.0,48.579084658975276,48.082770298125844,49.07924563026963
HCPCS A0426,A0426,month,2019-02,35536,75153292.0,47.284688473793004,46.794324534713226,47.77891052808772
HCPCS A0426,A0426,month,2019-03,41376,74877560.0,55.25821087118758,54.72703695321127,55.79325660378394
HCPCS A0426,A0426,month,2019-04,42626,75071007.0,56.78090877347629,56.24314130488522,57.322537984919954
HCPCS A0426,A0426,month,2019-05,44859,74812854.0,59.96162103373305,59.40801122473494,60.51910575139531
HCPCS A0426,A0426,month,2019-06,40815,74215582.0,54.99518955466792,54.46293194306843,55.53135356056936
HCPCS A0426,A0426,month,2019-07,45026,74488451.0,60.4469543876003,59.88989718715031,61.00790336072838
HCPCS A0426,A0426,month,2019-08,47472,75037460.0,63.26440154024403,62.696564640209345,63.83610157848686
HCPCS A0426,A0426,month,2019-09,45730,75625105.0,60.46933753017599,59.91637037635227,61.02613791576102
HCPCS A0426,A0426,month,2019-10,50986,75011359.0,67.97103889292288,67.3823100352624,68.56363202295879
HCPCS A0426,A0426,month,2019-11,46537,74622336.0,62.36336530660204,61.798033192286155,62.932582109932
HCPCS A0426,A0426,month,2019-12,45111,74254894.0,60.751551271489255,60.192213519519406,61.3147930312367
HCPCS A0426,A0426,month,2020-01,49156,74732556.0,65.77588487673297,65.1956843609228,66.35996418824773
HCPCS A0426,A0426,month,2020-02,46611,74443888.0,62.612259048049715,62.045120399255566,63.18329169293102
HCPCS A0426,A0426,month,2020-06,27661,78055480.0,35.43761437377619,35.02121168715357,35.857732614018694
HCPCS A0426,A0426,month,2020-07,29324,79309251.0,36.97424906963249,36.55225414591764,37.39990059574901
HCPCS A0426,A0426,month,2020-08,29910,80202982.0,37.29287771369898,36.87142458220966,37.71794663060985
HCPCS A0426,A0426,month,2020-09,15909,80938780.0,19.65559648909954,19.351337543309885,19.963440943349127
HCPCS A0426,A0426,month,2020-10,17238,83848958.0,20.558395013090088,20.252628305164972,20.8676224222933
HCPCS A0426,A0426,month,2020-11,15650,85021129.0,18.407189111779495,18.119915941173534,18.697875705286577
HCPCS A0426,A0426,month,2020-12,16379,83327207.0,19.656245048510986,19.356356664959993,19.959616033809347
HCPCS A0426,A0426,month,2021-01,15946,84904129.0,18.781183186037982,18.49079591022571,19.074988502691582
HCPCS A0426,A0426,month,2021-02,15012,85397214.0,17.579027812312475,17.29893315844139,17.86252104900171
HCPCS A0426,A0426,month,2021-03,18022,85910366.0,20.977678060410078,20.67251234989748,21.286221242451827
HCPCS A0426,A0426,month,2021-04,17957,86730928.0,20.704263650908935,20.40253269891244,21.009340135337087
HCPCS A0426,A0426,month,2021-05,18232,87232698.0,20.900419702712853,20.59812763766899,21.20603799306479
HCPCS A0426,A0426,month,2021-06,17605,87595760.0,20.098004743608595,19.802206074441326,20.39711599767634
HCPCS A0426,A0426,month,2021-07,18017,88407727.0,20.37944036271852,20.08293632905509,20.679226461492576
HCPCS A0426,A0426,month,2021-08,16912,89007226.0,19.000704504598314,18.715404869934712,19.289264361530766
HCPCS A0426,A0426,month,2021-09,14599,89384641.0,16.332783615475954,16.068905319741482,16.59990900947589
HCPCS A0426,A0426,month,2021-10,15729,90288880.0,17.42074993066699,17.149552667930905,17.69516144418927
HCPCS A0426,A0426,month,2021-11,15043,90916915.0,16.54587597918385,16.282513707731706,16.81243049139295
HCPCS A0426,A0426,month,2021-12,13985,91152624.0,15.342399797508847,15.08916167324914,15.598822232563075
HCPCS A0426,A0426,month,2022-01,12200,92054533.0,13.253013841262984,13.018873938888818,13.490307490491533
HCPCS A0426,A0426,month,2022-02,12446,92416336.0,13.46731599486913,13.2317428037541,13.706030491048153
HCPCS A0426,A0426,month,2022-03,15693,92843565.0,16.90262540004792,16.639193563698377,17.169183053434512
HCPCS A0426,A0426,month,2022-04,15364,93447612.5,16.44129752378639,16.182337303925355,16.70336344428642
HCPCS A0426,A0426,month,2022-05,16060,94051660.0,17.075722002142225,16.812639012858483,17.341890561924096
HCPCS A0426,A0426,month,2022-06,14872,94517722.0,15.734615356049312,15.482735992545374,15.98956539503369
HCPCS A0426,A0426,month,2022-07,14169,95111777.0,14.897208786247365,14.652914125200763,15.144555150335364
HCPCS A0426,A0426,month,2022-08,15006,95824368.0,15.659899786659695,15.41033379320658,15.912494546905585
HCPCS A0426,A0426,month,2022-09,14346,96242503.0,14.906096114312406,14.663162191284382,15.152045833974652
HCPCS A0426,A0426,month,2022-10,14992,96904625.0,15.470881807756854,15.224213487943832,15.720545134632944
HCPCS A0426,A0426,month,2022-11,14650,97433463.0,15.035901987800639,14.793398082191205,15.281384739631113
HCPCS A0426,A0426,month,2022-12,14102,97814451.0,14.417092623665598,14.180112571067623,14.657040078778959
HCPCS A0426,A0426,month,2023-01,14299,98743626.0,14.480934698509046,14.244543923926017,14.72026489479221
HCPCS A0426,A0426,month,2023-02,13695,99047187.0,13.826743004826579,13.596128258757298,14.06028834388244
HCPCS A0426,A0426,month,2023-03,15597,99895730.0,15.613279967021613,15.369198104679292,15.860267002544433
HCPCS A0426,A0426,month,2023-04,15037,100100536.0,15.0218975850439,14.782745112406037,15.263949431173481
HCPCS A0426,A0426,month,2023-05,16212,99734767.0,16.2551139263202,16.005846220521175,16.507291343652405
HCPCS A0426,A0426,month,2023-06,15043,98529848.0,15.267454791973291,15.024441271361532,15.513413904072815
HCPCS A0426,A0426,month,2023-07,14681,97857412.0,15.002440489638127,14.760730832904704,15.247116078576859
HCPCS A0426,A0426,month,2023-08,14977,96623612.0,15.500352025755362,15.253090595749493,15.750617177419795
HCPCS A0426,A0426,month,2023-09,14177,95335850.0,14.870586458294545,14.626796900757235,15.11742054385961
HCPCS A0426,A0426,month,2023-10,14425,93799620.0,15.378527119832683,15.12857816209506,15.631570392647191
HCPCS A0426,A0426,month,2023-11,13949,92066205.0,15.15105352718731,14.900652550701638,15.404607227852868
HCPCS A0426,A0426,month,2023-12,14348,90517353.0,15.85110426284781,15.592786886475322,16.11262818194503
HCPCS A0426,A0426,quarter,2018-Q1,179200,230550049.0,77.72715762901443,77.36769346498974,78.0878781883948
HCPCS A0426,A0426,quarter,2018-Q2,233995,228935769.0,102.20989101969471,101.79617390774212,102.6248732599384
HCPCS A0426,A0426,quarter,2018-Q3,261789,227904788.0,114.86770519274917,114.42810303686308,115.30857815154776
HCPCS A0426,A0426,quarter,2018-Q4,169060,226095567.0,74.77369071990695,74.41767799535738,75.13098462325848
HCPCS A0426,A0426,quarter,2019-Q1,113529,225406912.0,50.366246089205994,50.073689012914215,50.66008849127665
HCPCS A0426,A0426,quarter,2019-Q2,128300,224099443.0,57.25136942888341,56.93852096770993,57.56551063791261
HCPCS A0426,A0426,quarter,2019-Q3,138228,225151016.0,61.393460467440214,61.070233895278584,61.7179737052318
HCPCS A0426,A0426,quarter,2019-Q4,142634,223888589.0,63.707579129903756,63.37738349033186,64.03906867183645
HCPCS A0426,A0426,quarter,2020-Q1,95767,149176444.0,64.19713289317983,63.79117903933065,64.60502905849508
HCPCS A0426,A0426,quarter,2020-Q2,27661,78055480.0,35.43761437377619,35.02121168715357,35.857732614018694
HCPCS A0426,A0426,quarter,2020-Q3,75143,240451013.0,31.250856073540437,31.027807759908594,31.475109571964722
HCPCS A0426,A0426,quarter,2020-Q4,49267,252197294.0,19.53510254554912,19.362979751821644,19.708374724406898
HCPCS A0426,A0426,quarter,2021-Q1,48980,256211709.0,19.117002962577327,18.94807233697536,19.287064969374768
HCPCS A0426,A0426,quarter,2021-Q2,53794,261559386.0,20.566648676870653,20.393213106927796,20.74119241907915
HCPCS A0426,A0426,quarter,2021-Q3,49528,266799594.0,18.563746390108825,18.40061276563316,18.72796648796284
HCPCS A0426,A0426,quarter,2021-Q4,44757,272358419.0,16.433125204769237,16.281230109003157,16.586084682915903
HCPCS A0426,A0426,quarter,2022-Q1,40339,277314434.0,14.546303781648811,14.404694724836357,14.68895828774435
HCPCS A0426,A0426,quarter,2022-Q2,46296,282016994.5,16.416031977817564,16.266832528140853,16.566259329194676
HCPCS A0426,A0426,quarter,2022-Q3,43521,287178648.0,15.154678212706122,15.012629496260988,15.297736405403718
HCPCS A0426,A0426,quarter,2022-Q4,43744,292152539.0,14.973000114847538,14.833011670649022,15.113980844887838
HCPCS A0426,A0426,quarter,2023-Q1,43591,297686543.0,14.643255136998249,14.50611011383531,14.781374002128091
HCPCS A0426,A0426,quarter,2023-Q2,46292,298365151.0,15.515216788840062,15.374198448154665,15.657206710043049
HCPCS A0426,A0426,quarter,2023-Q3,43835,289816874.0,15.125068252582146,14.983804581124037,15.267332205142381
HCPCS A0426,A0426,quarter,2023-Q4,42722,276383178.0,15.457525421463966,15.311292617696445,15.604807147217048
HCPCS A0426,A0426,year,2018,844044,913486173.0,92.39811449231426,92.20109912152525,92.59544682163948
HCPCS A0426,A0426,year,2019,522691,898545960.0,58.1707584551379,58.01316439477818,58.32867477626514
HCPCS A0426,A0426,year,2020,247838,719880231.0,34.42767134412391,34.292261617770315,34.56348339765626
HCPCS A0426,A0426,year,2021,197059,1056929108.0,18.644486040590717,18.562256637108945,18.726989493936706
HCPCS A0426,A0426,year,2022,173900,1138662615.5,15.272302579604627,15.20060590176857,15.34425364843043
HCPCS A0426,A0426,year,2023,176440,1162251746.0,15.180876312488671,15.110123083618545,15.251878767754228
HCPCS A0427,A0427,month,2018-01,399562,77061511.0,518.4974896222836,516.8910277682651,520.1077093261523
HCPCS A0427,A0427,month,2018-02,347596,76816414.0,452.502247761787,450.99919157112816,454.009073937957
HCPCS A0427,A0427,month,2018-03,367339,76672124.0,479.1037222341721,477.55562726934573,480.65559422024563
HCPCS A0427,A0427,month,2018-04,360310,76587909.0,470.45284915664695,468.917963060502,471.9915164476829
HCPCS A0427,A0427,month,2018-05,380685,76388516.0,498.3537054182333,496.77186555925545,499.9393362840056
HCPCS A0427,A0427,month,2018-06,361375,75959344.0,475.7479211510832,474.19804651861307,477.30160826473514
HCPCS A0427,A0427,month,2018-07,384198,76353875.0,503.1807488486996,501.59090037825956,504.77439003634856
HCPCS A0427,A0427,month,2018-08,380574,76065396.0,500.32474687964555,498.7364192799458,501.91688159035186
HCPCS A0427,A0427,month,2018-09,364643,75485517.0,483.0635259476331,481.4968809372461,484.6340073606744
HCPCS A0427,A0427,month,2018-10,364640,75799027.0,481.06158407547895,479.50142523990525,482.62556344609004
HCPCS A0427,A0427,month,2018-11,342547,75525925.0,453.5488972826218,452.0313114119828,455.070317571545
HCPCS A0427,A0427,month,2018-12,360917,74770615.0,482.69898542361864,481.12546922568055,484.27637471626036
HCPCS A0427,A0427,month,2019-01,384934,75376060.0,510.6846921953735,509.07267639544654,512.3005499114809
HCPCS A0427,A0427,month,2019-02,361341,75153292.0,480.8052852827791,479.23886131858995,482.37556261878404
HCPCS A0427,A0427,month,2019-03,403479,74877560.0,538.8516933511188,537.1902855304367,540.5169686166472
HCPCS A0427,A0427,month,2019-04,388356,75071007.0,517.3182237984366,515.6924734557527,518.9478316597416
HCPCS A0427,A0427,month,2019-05,403746,74812854.0,539.6746393340375,538.0112440364312,541.3419054207799
HCPCS A0427,A0427,month,2019-06,385383,74215582.0,519.2750492746928,517.6368717364014,520.9171288023606
HCPCS A0427,A0427,month,2019-07,403872,74488451.0,542.1941181190625,540.5232177429214,543.8689061416051
HCPCS A0427,A0427,month,2019-08,404129,75037460.0,538.5696690692889,536.9104657196378,540.2327316208566
HCPCS A0427,A0427,month,2019-09,392185,75625105.0,518.5910155099949,516.9692344086326,520.2166258561329
HCPCS A0427,A0427,month,2019-10,405047,75011359.0,539.9808847617333,538.319218570851,541.6464114950531
HCPCS A0427,A0427,month,2019-11,381951,74622336.0,511.8454077878237,510.2234361499633,513.4712601554412
HCPCS A0427,A0427,month,2019-12,403281,74254894.0,543.1035966464378,541.4286684898739,544.7824246788992
HCPCS A0427,A0427,month,2020-01,424084,74732556.0,567.4688819689239,565.762242790578,569.1793960453867
HCPCS A0427,A0427,month,2020-02,390334,74443888.0,524.3331729261641,522.6895541811227,525.9806816803981
HCPCS A0427,A0427,month,2020-06,378858,78055480.0,485.3701495397889,483.8258138172098,486.91819531277724
HCPCS A0427,A0427,month,2020-07,413389,79309251.0,521.236797457588,519.6490659408133,522.8281802883042
HCPCS A0427,A0427,month,2020-08,403564,80202982.0,503.17829828322346,501.6270432833858,504.7331639320675
HCPCS A0427,A0427,month,2020-09,380001,80938780.0,469.49188015930065,468.0003119627185,470.98702623938925
HCPCS A0427,A0427,month,2020-10,395657,83848958.0,471.8687142182494,470.3995309662981,473.34135113685716
HCPCS A0427,A0427,month,2020-11,391132,85021129.0,460.0409387647628,458.60032655386016,461.4849570378059
HCPCS A0427,A0427,month,2020-12,403926,83327207.0,484.74683664844304,483.25307354241755,486.2440750269346
HCPCS A0427,A0427,month,2021-01,406949,84904129.0,479.3041337247568,477.8326344185205,480.77904375056636
HCPCS A0427,A0427,month,2021-02,368949,85397214.0,432.0386845406924,430.64571443395226,433.4350457637799
HCPCS A0427,A0427,month,2021-03,415817,85910366.0,484.0126044859359,482.54256851161995,485.4860112121402
HCPCS A0427,A0427,month,2021-04,415649,86730928.0,479.23965485530147,477.7838213087461,480.6988272633886
HCPCS A0427,A0427,month,2021-05,436601,87232698.0,500.5015435840354,499.01802387232266,501.98838290955405
HCPCS A0427,A0427,month,2021-06,438410,87595760.0,500.4922612692669,499.0118306437792,501.97599774611587
HCPCS A0427,A0427,month,2021-07,465138,88407727.0,526.1282195390003,524.617301664928,527.6424128535656
HCPCS A0427,A0427,month,2021-08,466702,89007226.0,524.3416978302413,522.8384338382928,525.848215198585
HCPCS A0427,A0427,month,2021-09,436968,89384641.0,488.8625105066988,487.41409784260145,490.3141628639145
HCPCS A0427,A0427,month,2021-10,432200,90288880.0,478.68574734784613,477.2596907463678,480.1150112060929
HCPCS A0427,A0427,month,2021-11,414073,90916915.0,455.4411024615166,454.0549356651627,456.83045439506964
HCPCS A0427,A0427,month,2021-12,437580,91152624.0,480.05200596309766,478.63069149851987,481.47649728304145
HCPCS A0427,A0427,month,2022-01,441049,92054533.0,479.11709030124564,477.7041295038322,480.53319682228323
HCPCS A0427,A0427,month,2022-02,374072,92416336.0,404.7682652123322,403.4721799799021,406.06748399011656
HCPCS A0427,A0427,month,2022-03,424335,92843565.0,457.0429840775718,455.6688525044165,458.4202346713722
HCPCS A0427,A0427,month,2022-04,420457,93447612.5,449.93872903922505,448.57973735751654,451.3008195875622
HCPCS A0427,A0427,month,2022-05,458063,94051660.0,487.0334027065551,485.6240037547915,488.4458805551069
HCPCS A0427,A0427,month,2022-06,445625,94517722.0,471.47242926569896,470.0891654161175,472.8587568514111
HCPCS A0427,A0427,month,2022-07,458766,95111777.0,482.34405293468546,480.9492933420276,483.7418571055448
HCPCS A0427,A0427,month,2022-08,455258,95824368.0,475.0962719628895,473.7171912735849,476.4783745954131
HCPCS A0427,A0427,month,2022-09,440920,96242503.0,458.1343858024973,456.78310746497203,459.4886729784433
HCPCS A0427,A0427,month,2022-10,442150,96904625.0,456.2733718849849,454.9294544926514,457.6202775550749
HCPCS A0427,A0427,month,2022-11,436724,97433463.0,448.22793581708163,446.89954550768226,449.5592981941754
HCPCS A0427,A0427,month,2022-12,448479,97814451.0,458.4997364039798,457.1588174267834,459.8436158526532
HCPCS A0427,A0427,month,2023-01,455682,98743626.0,461.47991365032516,460.14098061025396,462.8217792921579
HCPCS A0427,A0427,month,2023-02,415005,99047187.0,418.9972603664151,417.7234446241431,420.27399979269785
HCPCS A0427,A0427,month,2023-03,454350,99895730.0,454.8242452405123,453.5026913485141,456.1486979145114
HCPCS A0427,A0427,month,2023-04,448401,100100536.0,447.95064833618875,446.640467150024,449.26372238303645
HCPCS A0427,A0427,month,2023-05,473485,99734767.0,474.74417822623474,473.3928855089837,476.09837437411466
HCPCS A0427,A0427,month,2023-06,448494,98529848.0,455.1859249798092,453.85471975364163,456.5200691822937
HCPCS A0427,A0427,month,2023-07,464066,97857412.0,474.2267249005114,472.8632851015868,475.5931238459003
HCPCS A0427,A0427,month,2023-08,459143,96623612.0,475.1871623263266,473.81366163096203,476.563659961855
HCPCS A0427,A0427,month,2023-09,432132,95335850.0,453.2733489028524,451.922892421449,454.62684285267096
HCPCS A0427,A0427,month,2023-10,426485,93799620.0,454.6766820590531,453.31311244456873,456.04333889943985
HCPCS A0427,A0427,month,2023-11,405665,92066205.0,440.62313636149116,439.2682530706288,441.98116504557856
HCPCS A0427,A0427,month,2023-12,425342,90517353.0,469.90105864010405,468.48994051460863,471.31537594021415
HCPCS A0427,A0427,quarter,2018-Q1,1114497,230550049.0,483.4078347994626,482.510770766974,484.306154626105
HCPCS A0427,A0427,quarter,2018-Q2,1102370,228935769.0,481.5193382909072,480.6208795042311,482.41906172886127
HCPCS A0427,A0427,quarter,2018-Q3,1129415,227904788.0,495.56440209584366,494.65086990429285,496.47920465468843
HCPCS A0427,A0427,quarter,2018-Q4,1068104,226095567.0,472.41262364069263,471.5171358694851,473.3093919562362
HCPCS A0427,A0427,quarter,2019-Q1,1149754,225406912.0,510.0793004963397,509.14736142337523,511.0125240107048
HCPCS A0427,A0427,quarter,2019-Q2,1177485,224099443.0,525.4296861416117,524.4810677939524,526.3795964196906
HCPCS A0427,A0427,quarter,2019-Q3,1200186,225151016.0,533.0582207987904,532.1049708026997,534.0127566874994
HCPCS A0427,A0427,quarter,2019-Q4,1190279,223888589.0,531.6389751332972,530.6843165641877,532.5949268473685
HCPCS A0427,A0427,quarter,2020-Q1,814418,149176444.0,545.9427629203979,544.757706971785,547.1297597864551
HCPCS A0427,A0427,quarter,2020-Q2,378858,78055480.0,485.3701495397889,483.8258138172098,486.91819531277724
HCPCS A0427,A0427,quarter,2020-Q3,1196954,240451013.0,497.7953659109766,496.9039747866163,498.68796110658
HCPCS A0427,A0427,quarter,2020-Q4,1190715,252197294.0,472.13631086779225,471.2886557783021,472.98511394891955
HCPCS A0427,A0427,quarter,2021-Q1,1191715,256211709.0,465.1290156298048,464.29429144942276,465.9648698145409
HCPCS A0427,A0427,quarter,2021-Q2,1290660,261559386.0,493.44816859296344,492.5972286637942,494.30021540972115
HCPCS A0427,A0427,quarter,2021-Q3,1368808,266799594.0,513.0472574857067,512.1881356752242,513.9074644340475
HCPCS A0427,A0427,quarter,2021-Q4,1283853,272358419.0,471.3836292315972,470.56858788118456,472.19973358225565
HCPCS A0427,A0427,quarter,2022-Q1,1239456,277314434.0,446.9496888863707,446.1631818925985,447.73723988855306
HCPCS A0427,A0427,quarter,2022-Q2,1324145,282016994.5,469.5266688972533,468.7272799637674,470.32708442043514
HCPCS A0427,A0427,quarter,2022-Q3,1354944,287178648.0,471.81223584561207,471.0181339147977,472.6073459111515
HCPCS A0427,A0427,quarter,2022-Q4,1327353,292152539.0,454.3356030871256,453.56301249973654,455.1091846487458
HCPCS A0427,A0427,quarter,2023-Q1,1325037,297686543.0,445.11148762273746,444.35392157797264,445.87002621973477
HCPCS A0427,A0427,quarter,2023-Q2,1370380,298365151.0,459.29626680831774,458.5275946443942,460.06590930772126
HCPCS A0427,A0427,quarter,2023-Q3,1355341,289816874.0,467.65427467829215,466.8672862035904,468.44226211054627
HCPCS A0427,A0427,quarter,2023-Q4,1257492,276383178.0,454.9813809579974,454.1865004021317,455.77730903770316
HCPCS A0427,A0427,year,2018,4414386,913486173.0,483.2460666046666,482.79537304102143,483.6970770611518
HCPCS A0427,A0427,year,2019,4717704,898545960.0,525.0375840541312,524.5639133823905,525.5115768860244
HCPCS A0427,A0427,year,2020,3580945,719880231.0,497.4362186645462,496.92113741855223,497.9517020362807
HCPCS A0427,A0427,year,2021,5135036,1056929108.0,485.84488412064815,485.42475639239194,486.2652857308792
HCPCS A0427,A0427,year,2022,5245898,1138662615.5,460.70696697954423,460.3128081123612,461.1013800689773
HCPCS A0427,A0427,year,2023,5308250,1162251746.0,456.7211895588755,456.3327419440227,457.1098862360515
HCPCS A0433,A0433,month,2018-01,2357,77061511.0,3.0585956198029907,2.9363510446989434,3.184622150536336
HCPCS A0433,A0433,month,2018-02,1790,76816414.0,2.3302311404434994,2.2235199043972793,2.4407402503735884
HCPCS A0433,A0433,month,2018-03,2076,76672124.0,2.707633350551238,2.5924008243327674,2.82666875409045
HCPCS A0433,A0433,month,2018-04,1874,76587909.0,2.4468614229956325,2.3373203637082063,2.5602110064194554
HCPCS A0433,A0433,month,2018-05,1768,76388516.0,2.314484025321293,2.2078442229812865,2.424943162503376
HCPCS A0433,A0433,month,2018-06,1815,75959344.0,2.3894361172998018,2.280761093433325,2.501951658193657
HCPCS A0433,A0433,month,2018-07,1824,76353875.0,2.3888767924352234,2.280492491369891,2.501081692134521
HCPCS A0433,A0433,month,2018-08,1759,76065396.0,2.3124838527101073,2.2056671786149016,2.4231361636363857
HCPCS A0433,A0433,month,2018-09,1695,75485517.0,2.2454638550067823,2.1398261491315456,2.354967237975984
HCPCS A0433,A0433,month,2018-10,1793,75799027.0,2.3654657202921614,2.2572305478335712,2.477549716921754
HCPCS A0433,A0433,month,2018-11,1960,75525925.0,2.5951353790105847,2.4815051222372393,2.7126270517156454
HCPCS A0433,A0433,month,2018-12,2080,74770615.0,2.7818415028417247,2.6635634594879405,2.9040191078815965
HCPCS A0433,A0433,month,2019-01,2195,75376060.0,2.912065183560934,2.7915028435088436,3.0364950106609347
HCPCS A0433,A0433,month,2019-02,2012,75153292.0,2.6771947661321343,2.561479455673622,2.796790257978584
HCPCS A0433,A0433,month,2019-03,2211,74877560.0,2.952820578020972,2.8310094235326284,3.078524866850732
HCPCS A0433,A0433,month,2019-04,2127,75071007.0,2.8333175282969094,2.7141749492575826,2.956343749162795
HCPCS A0433,A0433,month,2019-05,2344,74812854.0,3.1331514234171576,3.007583785745673,3.2626147655873194
HCPCS A0433,A0433,month,2019-06,1989,74215582.0,2.680030185574776,2.5635318686855615,2.80045787836078
HCPCS A0433,A0433,month,2019-07,2146,74488451.0,2.8809835232041543,2.76036834266431,3.0055125928133726
HCPCS A0433,A0433,month,2019-08,2219,75037460.0,2.9571896490099743,2.8354160625736284,3.0828480239640172
HCPCS A0433,A0433,month,2019-09,2257,75625105.0,2.9844586662061494,2.8625903801519876,3.110181322879407
HCPCS A0433,A0433,month,2019-10,2399,75011359.0,3.1981822912980418,3.07147135875804,3.3287783097284156
HCPCS A0433,A0433,month,2019-11,2271,74622336.0,3.043324722506677,2.919432363215277,3.1711231623223877
HCPCS A0433,A0433,month,2019-12,2671,74254894.0,3.597069305627182,3.4619349777956656,3.7361268975722712
HCPCS A0433,A0433,month,2020-01,2652,74732556.0,3.548654217045647,3.4148665788053947,3.686340133614835
HCPCS A0433,A0433,month,2020-02,2155,74443888.0,2.89479775693607,2.773854881428885,3.019656805381819
HCPCS A0433,A0433,month,2020-06,2387,78055480.0,3.0580812519505356,2.9366199692526513,3.1832761682874353
HCPCS A0433,A0433,month,2020-07,2789,79309251.0,3.51661371761032,3.387300629544587,3.649599532800649
HCPCS A0433,A0433,month,2020-08,2610,80202982.0,3.2542430903628996,3.130581280258547,3.3815374769740654
HCPCS A0433,A0433,month,2020-09,2472,80938780.0,3.054160193667362,2.9349376401942364,3.1769829494435364
HCPCS A0433,A0433,month,2020-10,2656,83848958.0,3.167600484671497,3.0482680367260673,3.290407357165172
HCPCS A0433,A0433,month,2020-11,2822,85021129.0,3.3191749312103345,3.1978311873555083,3.443944534238189
HCPCS A0433,A0433,month,2020-12,3258,83327207.0,3.9098874392849865,3.7767707376129054,4.046498116371399
HCPCS A0433,A0433,month,2021-01,3501,84904129.0,4.123474371900099,3.9880044503017182,4.262372664531694
HCPCS A0433,A0433,month,2021-02,2937,85397214.0,3.4392222678365125,3.3159534068866257,3.5659014757897474
HCPCS A0433,A0433,month,2021-03,3703,85910366.0,4.310306395388888,4.172583414212723,4.451417061670165
HCPCS A0433,A0433,month,2021-04,3519,86730928.0,4.0573761645903295,3.9244163229993134,4.19369211734417
HCPCS A0433,A0433,month,2021-05,3737,87232698.0,4.283944077941967,4.147682530444456,4.423541873952083
HCPCS A0433,A0433,month,2021-06,3526,87595760.0,4.025308987558302,3.8935299043609897,4.160411028429657
HCPCS A0433,A0433,month,2021-07,4155,88407727.0,4.699815435815921,4.557986111704687,4.844935734282066
HCPCS A0433,A0433,month,2021-08,3735,89007226.0,4.196288512575372,4.062779624785915,4.333067139229565
HCPCS A0433,A0433,month,2021-09,3582,89384641.0,4.007399884282132,3.8772282264122455,4.140827852301094
HCPCS A0433,A0433,month,2021-10,3489,90288880.0,3.8642632403901787,3.7370929474069294,3.9946574706783933
HCPCS A0433,A0433,month,2021-11,3262,90916915.0,3.5878912081431715,3.4658115204164215,3.7131731840789066
HCPCS A0433,A0433,month,2021-12,3630,91152624.0,3.982331874505335,3.8538256174596444,4.114031164190176
HCPCS A0433,A0433,month,2022-01,4004,92054533.0,4.349595690198113,4.215901983789488,4.486450303818635
HCPCS A0433,A0433,month,2022-02,2934,92416336.0,3.1747633881525013,3.0609156490823133,3.2917624645815735
HCPCS A0433,A0433,month,2022-03,3307,92843565.0,3.561905448158954,3.4415302899088083,3.6854163165612763
HCPCS A0433,A0433,month,2022-04,3207,93447612.5,3.4318693802904807,3.3141099905486175,3.552744491601372
HCPCS A0433,A0433,month,2022-05,3590,94051660.0,3.8170511822970483,3.6931996826745714,3.9439973885622264
HCPCS A0433,A0433,month,2022-06,3501,94517722.0,3.704067264761205,3.5823762690873053,3.8288379247594717
HCPCS A0433,A0433,month,2022-07,3751,95111777.0,3.943780800142132,3.8185714356945675,4.072050006259149
HCPCS A0433,A0433,month,2022-08,3739,95824368.0,3.901930248055484,3.7778525370787874,4.0290450730588985
HCPCS A0433,A0433,month,2022-09,3605,96242503.0,3.745746305039469,3.6244594781886956,3.8700573560932674
HCPCS A0433,A0433,month,2022-10,3532,96904625.0,3.644820874132684,3.525598627528999,3.7670468536055925
HCPCS A0433,A0433,month,2022-11,3546,97433463.0,3.6394067200505846,3.5205948684615165,3.7612059679166787
HCPCS A0433,A0433,month,2022-12,3894,97814451.0,3.981006855520765,3.856939675798949,4.108049029812999
HCPCS A0433,A0433,month,2023-01,3702,98743626.0,3.749102752212077,3.6292953112201145,3.87185759847498
HCPCS A0433,A0433,month,2023-02,3142,99047187.0,3.172225375769632,3.0622649261627366,3.285125580337275
HCPCS A0433,A0433,month,2023-03,3672,99895730.0,3.6758327908510204,3.5578917901558924,3.7966872696184466
HCPCS A0433,A0433,month,2023-04,3628,100100536.0,3.624356217233442,3.507369541717004,3.744250507047928
HCPCS A0433,A0433,month,2023-05,3713,99734767.0,3.722874291168695,3.604079954237907,3.8445867189129608
HCPCS A0433,A0433,month,2023-06,3566,98529848.0,3.6192078566892745,3.5013844888971595,3.7399853320057774
HCPCS A0433,A0433,month,2023-07,3540,97857412.0,3.6175082987071026,3.4993121260133893,3.7386789395176225
HCPCS A0433,A0433,month,2023-08,3675,96623612.0,3.803418154146421,3.6814329284340515,3.928415514840511
HCPCS A0433,A0433,month,2023-09,3318,95335850.0,3.480327704635769,3.3629029466675178,3.6008061690141524
HCPCS A0433,A0433,month,2023-10,3620,93799620.0,3.859290687958011,3.734584366945171,3.987099959046381
HCPCS A0433,A0433,month,2023-11,3241,92066205.0,3.5202928153712865,3.4001291041809387,3.6436188996268872
HCPCS A0433,A0433,month,2023-12,3782,90517353.0,4.178204371486647,4.046092830054001,4.3135309918875
HCPCS A0433,A0433,quarter,2018-Q1,6223,230550049.0,2.6991969973513212,2.632545792819634,2.767108972134893
HCPCS A0433,A0433,quarter,2018-Q2,5457,228935769.0,2.383638006344041,2.320809890133443,2.4477361497658223
HCPCS A0433,A0433,quarter,2018-Q3,5278,227904788.0,2.3158793838065392,2.2538176894161763,2.3792169481776164
HCPCS A0433,A0433,quarter,2018-Q4,5833,226095567.0,2.5798825149013203,2.5140957088461473,2.646955110658476
HCPCS A0433,A0433,quarter,2019-Q1,6418,225406912.0,2.8472951175516745,2.7780567034589834,2.9178229849753943
HCPCS A0433,A0433,quarter,2019-Q2,6460,224099443.0,2.8826488426390244,2.8127775807049327,2.953817063283502
HCPCS A0433,A0433,quarter,2019-Q3,6622,225151016.0,2.941137072195135,2.8707202766344366,3.0128447025740757
HCPCS A0433,A0433,quarter,2019-Q4,7341,223888589.0,3.278862952680451,3.204281282133567,3.354742467317877
HCPCS A0433,A0433,quarter,2020-Q1,4807,149176444.0,3.222358618496094,3.1319022145000788,3.3147646678327005
HCPCS A0433,A0433,quarter,2020-Q2,2387,78055480.0,3.0580812519505356,2.9366199692526513,3.1832761682874353
HCPCS A0433,A0433,quarter,2020-Q3,7871,240451013.0,3.273431832038071,3.201510201642637,3.3465617477572316
HCPCS A0433,A0433,quarter,2020-Q4,8736,252197294.0,3.4639546925511424,3.3916929619791563,3.5373682098408783
HCPCS A0433,A0433,quarter,2021-Q1,10141,256211709.0,3.958054860014223,3.881389947508691,4.035853219448885
HCPCS A0433,A0433,quarter,2021-Q2,10782,261559386.0,4.122199613972179,4.044753790325512,4.200755598833132
HCPCS A0433,A0433,quarter,2021-Q3,11472,266799594.0,4.29985661822259,4.221528935869308,4.379272549384612
HCPCS A0433,A0433,quarter,2021-Q4,10381,272358419.0,3.811521611160476,3.7385492409859133,3.885560190679673
HCPCS A0433,A0433,quarter,2022-Q1,10245,277314434.0,3.6943623352832766,3.6231673463045624,3.766604501765566
HCPCS A0433,A0433,quarter,2022-Q2,10298,282016994.5,3.6515529917825575,3.581363439563907,3.722772251269367
HCPCS A0433,A0433,quarter,2022-Q3,11095,287178648.0,3.863448789549284,3.7918906399211685,3.9360180161366913
HCPCS A0433,A0433,quarter,2022-Q4,10972,292152539.0,3.7555723587259324,3.6856252765635373,3.826513322035265
HCPCS A0433,A0433,quarter,2023-Q1,10516,297686543.0,3.532574866845761,3.4653764375010248,3.6007487682823895
HCPCS A0433,A0433,quarter,2023-Q2,10907,298365151.0,3.6555877800889687,3.587301269863471,3.724847485996511
HCPCS A0433,A0433,quarter,2023-Q3,10533,289816874.0,3.634363953563311,3.5652847890285067,3.7044450754425875
HCPCS A0433,A0433,quarter,2023-Q4,10643,276383178.0,3.850813235818571,3.7779974049405003,3.9246797066591035
HCPCS A0433,A0433,year,2018,22791,913486173.0,2.4949474522588093,2.4626600050282104,2.527552451228518
HCPCS A0433,A0433,year,2019,26841,898545960.0,2.9871593880406517,2.9515288152025345,3.023112735952964
HCPCS A0433,A0433,year,2020,23801,719880231.0,3.30624442442843,3.2643726530848802,3.3485191311682008
HCPCS A0433,A0433,year,2021,42776,1056929108.0,4.04719670186243,4.008933131097125,4.085734561689033
HCPCS A0433,A0433,year,2022,42610,1138662615.5,3.7421093324724155,3.706661474965589,3.7778117913069407
HCPCS A0433,A0433,year,2023,42599,1162251746.0,3.665212820424535,3.630488908229519,3.7001861665962363
HCPCS A0434,A0434,month,2018-01,41392,77061511.0,53.71293589091447,53.19671561361504,54.23291825300519
HCPCS A0434,A0434,month,2018-02,37541,76816414.0,48.87106549910023,48.377935498193835,49.36796990175318
HCPCS A0434,A0434,month,2018-03,39262,76672124.0,51.20765925305526,50.702375469314525,51.71672439563501
HCPCS A0434,A0434,month,2018-04,45630,76587909.0,59.578594840603365,59.03317784382241,60.12779688726288
HCPCS A0434,A0434,month,2018-05,42598,76388516.0,55.76492675940975,55.23660843516782,56.297040223231036
HCPCS A0434,A0434,month,2018-06,12330,75959344.0,16.232367672896174,15.947100925797734,16.5214563594813
HCPCS A0434,A0434,month,2018-07,8071,76353875.0,10.57051786828108,10.341149489899346,10.803691157703327
HCPCS A0434,A0434,month,2018-08,6926,76065396.0,9.105323003905745,8.892132664617433,9.322333820737052
HCPCS A0434,A0434,month,2018-09,27021,75485517.0,35.79627069388688,35.37071625463771,36.225667277406856
HCPCS A0434,A0434,month,2018-10,43104,75799027.0,56.86616531370515,56.33057796559668,57.405577279365836
HCPCS A0434,A0434,month,2018-11,37465,75525925.0,49.60548315032223,49.1044364018136,50.11036879943577
HCPCS A0434,A0434,month,2018-12,35330,74770615.0,47.25118283432602,46.75974354550443,47.74650000445747
HCPCS A0434,A0434,month,2019-01,41764,75376060.0,55.40751267710199,54.877377516910826,55.941494015926914
HCPCS A0434,A0434,month,2019-02,36794,75153292.0,48.95860050947602,48.45961028215671,49.461448732905545
HCPCS A0434,A0434,month,2019-03,46744,74877560.0,62.427247896432526,61.86258828726653,62.99577894002033
HCPCS A0434,A0434,month,2019-04,43124,75071007.0,57.44428071945271,56.903373639829944,57.98904950536357
HCPCS A0434,A0434,month,2019-05,47487,74812854.0,63.474386366813384,62.90475451130546,64.04789295764174
HCPCS A0434,A0434,month,2019-06,13053,74215582.0,17.58795073519736,17.28750615160869,17.892306724995954
HCPCS A0434,A0434,month,2019-07,9134,74488451.0,12.262303588511998,12.012105528238308,12.516400970913127
HCPCS A0434,A0434,month,2019-08,7566,75037460.0,10.082963895632927,9.857031474717132,10.31276845458685
HCPCS A0434,A0434,month,2019-09,29526,75625105.0,39.04259042020504,38.5985116545842,39.49050389706275
HCPCS A0434,A0434,month,2019-10,41468,75011359.0,55.282293978969236,54.75147696425924,55.81697589496084
HCPCS A0434,A0434,month,2019-11,36153,74622336.0,48.44796067493786,47.9498278307054,48.94997902619596
HCPCS A0434,A0434,month,2019-12,32250,74254894.0,43.43148075869585,42.95874719075281,43.908119468057286
HCPCS A0434,A0434,month,2020-01,42103,74732556.0,56.33823095787063,55.80136008489712,56.878981102144564
HCPCS A0434,A0434,month,2020-02,37127,74443888.0,49.87246233028559,49.366436869991695,50.382382520194426
HCPCS A0434,A0434,month,2020-06,5939,78055480.0,7.608690639017273,7.416397835499419,7.804707715219287
HCPCS A0434,A0434,month,2020-07,6379,79309251.0,8.04319788620876,7.847016022296257,8.243044586319815
HCPCS A0434,A0434,month,2020-08,6736,80202982.0,8.398690213289077,8.199307156922922,8.601696857770262
HCPCS A0434,A0434,month,2020-09,15983,80938780.0,19.747023614638124,19.44205514017962,20.05557757535842
HCPCS A0434,A0434,month,2020-10,24443,83848958.0,29.151226900160164,28.786908047859196,29.519005030318656
HCPCS A0434,A0434,month,2020-11,19336,85021129.0,22.74258202334622,22.423141028008892,23.06543551897223
HCPCS A0434,A0434,month,2020-12,13444,83327207.0,16.133986106122578,15.862399190695015,16.40905657469246
HCPCS A0434,A0434,month,2021-01,19752,84904129.0,23.26388625928899,22.940570404554194,23.590619229125036
HCPCS A0434,A0434,month,2021-02,19453,85397214.0,22.779431656868805,22.460433360534317,23.101827400208926
HCPCS A0434,A0434,month,2021-03,31504,85910366.0,36.670778471599114,36.26694703509832,37.07798531305542
HCPCS A0434,A0434,month,2021-04,28500,86730928.0,32.86025026735561,32.47984175397146,33.24400257752336
HCPCS A0434,A0434,month,2021-05,27561,87232698.0,31.59480404927978,31.22288462138128,31.970048152375714
HCPCS A0434,A0434,month,2021-06,11966,87595760.0,13.660478543710335,13.416802138315854,13.90746932533503
HCPCS A0434,A0434,month,2021-07,9724,88407727.0,10.9990385795124,10.78149669706056,11.219865502457571
HCPCS A0434,A0434,month,2021-08,8625,89007226.0,9.690224476830679,9.486786410269536,9.896926145812582
HCPCS A0434,A0434,month,2021-09,23756,89384641.0,26.577272934395967,26.24036872128965,26.917422289207998
HCPCS A0434,A0434,month,2021-10,27416,90288880.0,30.364758096456615,30.006376987778786,30.726351360870037
HCPCS A0434,A0434,month,2021-11,26785,90916915.0,29.46096444209529,29.109190598795777,29.8159283283346
HCPCS A0434,A0434,month,2021-12,27445,91152624.0,30.108842505729733,29.753669096156486,30.467197629868927
HCPCS A0434,A0434,month,2022-01,28540,92054533.0,31.00336188767586,30.644700625836883,31.36517356679878
HCPCS A0434,A0434,month,2022-02,29112,92416336.0,31.500924252179832,31.140094559594022,31.86489196653495
HCPCS A0434,A0434,month,2022-03,39317,92843565.0,42.34757680836577,41.93001019434303,42.76826614250633
HCPCS A0434,A0434,month,2022-04,29758,93447612.5,31.844580298934872,31.483783942005786,32.20847997983662
HCPCS A0434,A0434,month,2022-05,29599,94051660.0,31.47100221303909,31.113484750935054,31.831603084169217
HCPCS A0434,A0434,month,2022-06,11151,94517722.0,11.797787509098029,11.579817718590354,12.018829288384497
HCPCS A0434,A0434,month,2022-07,9282,95111777.0,9.759043824825184,9.56150766929183,9.959633716614267
HCPCS A0434,A0434,month,2022-08,9720,95824368.0,10.1435576387,9.942894611720657,10.347251451825462
HCPCS A0434,A0434,month,2022-09,27201,96242503.0,28.26298065003567,27.928094004263478,28.600880769742872
HCPCS A0434,A0434,month,2022-10,35692,96904625.0,36.8320913475492,36.45095914287712,37.216215658363666
HCPCS A0434,A0434,month,2022-11,34042,97433463.0,34.93871504905866,34.568539796951065,35.31186629440714
HCPCS A0434,A0434,month,2022-12,31670,97814451.0,32.377628945645256,32.0220082956645,32.73621419672086
HCPCS A0434,A0434,month,2023-01,37442,98743626.0,37.91839687961226,37.535279770799214,38.30445024554053
HCPCS A0434,A0434,month,2023-02,34566,99047187.0,34.89851761262034,34.531574198730056,35.26838849271088
HCPCS A0434,A0434,month,2023-03,45155,99895730.0,45.20213226331096,44.78615990753266,45.621006559533996
HCPCS A0434,A0434,month,2023-04,32442,100100536.0,32.409416868656926,32.057696474206466,32.76403409322439
HCPCS A0434,A0434,month,2023-05,27013,99734767.0,27.084837928182054,26.762799504410644,27.40978432821405
HCPCS A0434,A0434,month,2023-06,11147,98529848.0,11.313323045012716,11.104266642238882,11.525326347160917
HCPCS A0434,A0434,month,2023-07,10350,97857412.0,10.57661324621992,10.373820226461351,10.782373772688919
HCPCS A0434,A0434,month,2023-08,11273,96623612.0,11.666920503861933,11.452532737117002,11.884313254103533
HCPCS A0434,A0434,month,2023-09,24207,95335850.0,25.3912877474738,25.07242062693338,25.71319737391707
HCPCS A0434,A0434,month,2023-10,33807,93799620.0,36.04172383640787,35.65854081389473,36.427998163207334
HCPCS A0434,A0434,month,2023-11,29966,92066205.0,32.54831672490465,32.18082557865169,32.91895773754155
HCPCS A0434,A0434,month,2023-12,27948,90517353.0,30.87584763995474,30.514909285334713,31.23998998014811
HCPCS A0434,A0434,quarter,2018-Q1,118195,230550049.0,51.26652564710581,50.97466790833677,51.559640013327474
HCPCS A0434,A0434,quarter,2018-Q2,100558,228935769.0,43.924110434660825,43.65304132080117,44.196445141441465
HCPCS A0434,A0434,quarter,2018-Q3,42018,227904788.0,18.43664644728745,18.260778636026856,18.613786317570653
HCPCS A0434,A0434,quarter,2018-Q4,115899,226095567.0,51.261066962891846,50.966367974645124,51.55704734878797
HCPCS A0434,A0434,quarter,2019-Q1,125302,225406912.0,55.58924475217512,55.28187136741236,55.89790340065476
HCPCS A0434,A0434,quarter,2019-Q2,103664,224099443.0,46.2580355454074,45.97686579468081,46.54049818122062
HCPCS A0434,A0434,quarter,2019-Q3,46226,225151016.0,20.531108773677488,20.34436794927467,20.719137116553938
HCPCS A0434,A0434,quarter,2019-Q4,109871,223888589.0,49.073961513956384,48.78421134389698,49.36500574779117
HCPCS A0434,A0434,quarter,2020-Q1,79230,149176444.0,53.11160252620045,52.74241591973889,53.48273165497429
HCPCS A0434,A0434,quarter,2020-Q2,5939,78055480.0,7.608690639017273,7.416397835499419,7.804707715219287
HCPCS A0434,A0434,quarter,2020-Q3,29098,240451013.0,12.101425415912056,11.962775485928974,12.24128143194367
HCPCS A0434,A0434,quarter,2020-Q4,57223,252197294.0,22.68977556912248,22.50424559664643,22.876454800628927
HCPCS A0434,A0434,quarter,2021-Q1,70709,256211709.0,27.59788000165129,27.394833294778422,27.802057800199933
HCPCS A0434,A0434,quarter,2021-Q2,68027,261559386.0,26.008242732302485,25.81316285733736,26.204430600839245
HCPCS A0434,A0434,quarter,2021-Q3,42105,266799594.0,15.781508273209742,15.631123157691661,15.93298000150719
HCPCS A0434,A0434,quarter,2021-Q4,81646,272358419.0,29.977410024545634,29.77213356006655,30.183750430382847
HCPCS A0434,A0434,quarter,2022-Q1,96969,277314434.0,34.96716654856848,34.74742246587212,35.187955456615
HCPCS A0434,A0434,quarter,2022-Q2,70508,282016994.5,25.001330194659598,24.817125639257625,25.18656234577854
HCPCS A0434,A0434,quarter,2022-Q3,46203,287178648.0,16.08859165602033,15.942221437006344,16.235971303164735
HCPCS A0434,A0434,quarter,2022-Q4,101404,292152539.0,34.709265354014256,34.49595790247311,34.92356454158109
HCPCS A0434,A0434,quarter,2023-Q1,117163,297686543.0,39.35784225221091,39.132796805976575,39.583860926087574
HCPCS A0434,A0434,quarter,2023-Q2,70602,298365151.0,23.66295117354372,23.48872340198629,23.83815023551218
HCPCS A0434,A0434,quarter,2023-Q3,45830,289816874.0,15.813433968651529,15.668984129901071,15.958884053008312
HCPCS A0434,A0434,quarter,2023-Q4,91721,276383178.0,33.18617314690549,32.97174740358131,33.40164726814685
HCPCS A0434,A0434,year,2018,376670,913486173.0,41.23434060999192,41.102762260983326,41.36623597554178
HCPCS A0434,A0434,year,2019,385063,898545960.0,42.854012720729386,42.71876335212272,42.989584374996426
HCPCS A0434,A0434,year,2020,171490,719880231.0,23.822018249032872,23.70940229371391,23.93503658677834
HCPCS A0434,A0434,year,2021,262487,1056929108.0,24.834872841821667,24.739955371867477,24.930064333762274
HCPCS A0434,A0434,year,2022,315084,1138662615.5,27.671409925199217,27.57487331773142,27.768200870628924
HCPCS A0434,A0434,year,2023,325316,1162251746.0,27.9901493905779,27.89404740519121,28.08650054948814
HCPCS A0425,A0425,month,2018-01,1337484,77061511.0,1735.605729298508,1732.6655532932177,1738.5496622417459
HCPCS A0425,A0425,month,2018-02,1221412,76816414.0,1590.040378609707,1587.221767365166,1592.8627588306151
HCPCS A0425,A0425,month,2018-03,1291656,76672124.0,1684.648777957423,1681.7447600078126,1687.5565719443941
HCPCS A0425,A0425,month,2018-04,1277498,76587909.0,1668.0152476809362,1665.124020363665,1670.9102551938665
HCPCS A0425,A0425,month,2018-05,1348400,76388516.0,1765.1867984973028,1762.208634651852,1768.168752375425
HCPCS A0425,A0425,month,2018-06,1263113,75959344.0,1662.8803429371376,1659.981656899303,1665.7828404583013
HCPCS A0425,A0425,month,2018-07,1296145,76353875.0,1697.5497314314434,1694.6285442242377,1700.4747104128762
HCPCS A0425,A0425,month,2018-08,1304791,76065396.0,1715.3542459701384,1712.4122123173918,1718.3000857737106
HCPCS A0425,A0425,month,2018-09,1216335,75485517.0,1611.3488366251768,1608.486500116628,1614.2150085639548
HCPCS A0425,A0425,month,2018-10,1301704,75799027.0,1717.30964303803,1714.3607666944897,1720.2623389091139
HCPCS A0425,A0425,month,2018-11,1206050,75525925.0,1596.8688897223042,1594.0202107148627,1599.7214021129414
HCPCS A0425,A0425,month,2018-12,1236882,74770615.0,1654.2354239028261,1651.3214041436272,1657.1533157539266
HCPCS A0425,A0425,month,2019-01,1370657,75376060.0,1818.4248420519723,1815.3818576635686,1821.4716673718808
HCPCS A0425,A0425,month,2019-02,1262173,75153292.0,1679.4646866567068,1676.5360017720316,1682.3972239049726
HCPCS A0425,A0425,month,2019-03,1385170,74877560.0,1849.913378587657,1846.8339540951781,1852.9966695769074
HCPCS A0425,A0425,month,2019-04,1428851,75071007.0,1903.33266743045,1900.2131049826953,1906.4560863944987
HCPCS A0425,A0425,month,2019-05,1516388,74812854.0,2026.9083705856215,2023.6835426511357,2030.1370683117975
HCPCS A0425,A0425,month,2019-06,1393098,74215582.0,1877.0963757988181,1873.9806017895194,1880.2160507895408
HCPCS A0425,A0425,month,2019-07,1475450,74488451.0,1980.776858952269,1977.5820230530833,1983.9755815111052
HCPCS A0425,A0425,month,2019-08,1536484,75037460.0,2047.6226140916817,2044.3861960341994,2050.8628903506365
HCPCS A0425,A0425,month,2019-09,1531023,75625105.0,2024.4904122777748,2021.2848568969894,2027.6997958817342
HCPCS A0425,A0425,month,2019-10,1667121,75011359.0,2222.49139626973,2219.118973441838,2225.8676785994694
HCPCS A0425,A0425,month,2019-11,1515763,74622336.0,2031.245711739713,2028.0133171148775,2034.4819860364087
HCPCS A0425,A0425,month,2019-12,1557342,74254894.0,2097.292065355315,2093.999406221624,2100.588623344583
HCPCS A0425,A0425,month,2020-01,1695905,74732556.0,2269.298804660181,2265.884692351347,2272.7167908607607
HCPCS A0425,A0425,month,2020-02,1597449,74443888.0,2145.8430543015165,2142.516715837763,2149.1732817093252
HCPCS A0425,A0425,month,2020-06,1232835,78055480.0,1579.4342690609294,1576.6474544448017,1582.2247928187771
HCPCS A0425,A0425,month,2020-07,1329508,79309251.0,1676.359293823113,1673.5109813169936,1679.2112567932709
HCPCS A0425,A0425,month,2020-08,1313107,80202982.0,1637.2296481445042,1634.4305094622314,1640.032396618963
HCPCS A0425,A0425,month,2020-09,1286662,80938780.0,1589.6730837801115,1586.9274754542746,1592.4222690930471
HCPCS A0425,A0425,month,2020-10,1346310,83848958.0,1605.6371267010854,1602.9260486952794,1608.3516575230474
HCPCS A0425,A0425,month,2020-11,1286337,85021129.0,1512.9615604140001,1510.348114663607,1515.5784114000824
HCPCS A0425,A0425,month,2020-12,1338418,83327207.0,1606.2196828462043,1603.4996404445137,1608.9431996867465
HCPCS A0425,A0425,month,2021-01,1311931,84904129.0,1545.1910471868805,1542.5480817874532,1547.8374225045236
HCPCS A0425,A0425,month,2021-02,1224132,85397214.0,1433.4565996497263,1430.9183826269477,1435.9982069370917
HCPCS A0425,A0425,month,2021-03,1387651,85910366.0,1615.2311584844138,1612.5447971878646,1617.9208897324954
HCPCS A0425,A0425,month,2021-04,1352797,86730928.0,1559.7630870501007,1557.1357856040997,1562.3937265767702
HCPCS A0425,A0425,month,2021-05,1377825,87232698.0,1579.482271659189,1576.8460194582296,1582.1218427310791
HCPCS A0425,A0425,month,2021-06,1394542,87595760.0,1592.0199790492143,1589.3787685202026,1594.6644946875574
HCPCS A0425,A0425,month,2021-07,1449644,88407727.0,1639.7254506950505,1637.0572765298696,1642.396899596293
HCPCS A0425,A0425,month,2021-08,1458906,89007226.0,1639.0871455762478,1636.4284864297204,1641.749057399283
HCPCS A0425,A0425,month,2021-09,1411362,89384641.0,1578.9759674707425,1576.3720472243565,1581.5831266747914
HCPCS A0425,A0425,month,2021-10,1437439,90288880.0,1592.0443359137914,1589.4427784357251,1594.6490999031848
HCPCS A0425,A0425,month,2021-11,1382067,90916915.0,1520.1428689039878,1517.6095529241588,1522.6793692630642
HCPCS A0425,A0425,month,2021-12,1439231,91152624.0,1578.9243763295283,1576.3458642767948,1581.5060645087726
HCPCS A0425,A0425,month,2022-01,1410352,92054533.0,1532.083162053519,1529.5556694957777,1534.6137996285452
HCPCS A0425,A0425,month,2022-02,1271283,92416336.0,1375.6042005387446,1373.2140004585633,1377.997533371265
HCPCS A0425,A0425,month,2022-03,1493918,92843565.0,1609.0700524048166,1606.4908353342578,1611.6523877394886
HCPCS A0425,A0425,month,2022-04,1461750,93447612.5,1564.2454214654224,1561.7106268059902,1566.7833142418247
HCPCS A0425,A0425,month,2022-05,1549231,94051660.0,1647.2128189975592,1644.6200069141344,1649.8087092755936
HCPCS A0425,A0425,month,2022-06,1549963,94517722.0,1639.8649556958217,1637.284318948221,1642.448655459417
HCPCS A0425,A0425,month,2022-07,1565249,95111777.0,1645.694202517108,1643.1170643361786,1648.2743845788073
HCPCS A0425,A0425,month,2022-08,1645863,95824368.0,1717.5829429942078,1714.9599005173548,1720.2090066959656
HCPCS A0425,A0425,month,2022-09,1602957,96242503.0,1665.5396005234818,1662.9622333280463,1668.1199758283635
HCPCS A0425,A0425,month,2022-10,1625514,96904625.0,1677.4369644379717,1674.859253131646,1680.01766329462
HCPCS A0425,A0425,month,2022-11,1575767,97433463.0,1617.2749602464605,1614.750789631484,1619.802102208635
HCPCS A0425,A0425,month,2022-12,1574555,97814451.0,1609.7365817654081,1607.2232103229128,1612.2529129819889
HCPCS A0425,A0425,month,2023-01,1646480,98743626.0,1667.4291462620586,1664.8831741894692,1669.9780502398703
HCPCS A0425,A0425,month,2023-02,1519604,99047187.0,1534.2222692301195,1531.7838922525239,1536.6635691587373
HCPCS A0425,A0425,month,2023-03,1723456,99895730.0,1725.2549233085338,1722.6801360656511,1727.832608625519
HCPCS A0425,A0425,month,2023-04,1612818,100100536.0,1611.1981658120192,1608.7125210829747,1613.6867027108472
HCPCS A0425,A0425,month,2023-05,1752207,99734767.0,1756.866790494432,1754.266417666222,1759.4700660678136
HCPCS A0425,A0425,month,2023-06,1669340,98529848.0,1694.248021168164,1691.6788668674537,1696.8201137300614
HCPCS A0425,A0425,month,2023-07,1651085,97857412.0,1687.2355054719822,1684.6628851551095,1689.8110842448398
HCPCS A0425,A0425,month,2023-08,1721805,96623612.0,1781.9712639183888,1779.3105583975705,1784.6349656557413
HCPCS A0425,A0425,month,2023-09,1624976,95335850.0,1704.475283956665,1701.8555895682002,1707.0980150564644
HCPCS A0425,A0425,month,2023-10,1690205,93799620.0,1801.931606972395,1799.2160731294352,1804.6502272453279
HCPCS A0425,A0425,month,2023-11,1602521,92066205.0,1740.6180693556337,1737.9241544703282,1743.3151288040606
HCPCS A0425,A0425,month,2023-12,1614061,90517353.0,1783.150905882102,1780.4010434504687,1785.9039666807464
HCPCS A0425,A0425,quarter,2018-Q1,3850552,230550049.0,1670.1588295910533,1668.4910548501364,1671.827859940142
HCPCS A0425,A0425,quarter,2018-Q2,3889011,228935769.0,1698.7345476800526,1697.0466443175148,1700.4237155032692
HCPCS A0425,A0425,quarter,2018-Q3,3817271,227904788.0,1674.9411161998053,1673.261292530698,1676.6222100517166
HCPCS A0425,A0425,quarter,2018-Q4,3744636,226095567.0,1656.218230939486,1654.541156389059,1657.8965858388844
HCPCS A0425,A0425,quarter,2019-Q1,4018000,225406912.0,1782.554032770743,1780.8114993970353,1784.297850397322
HCPCS A0425,A0425,quarter,2019-Q2,4338337,224099443.0,1935.8981628526406,1934.0769186836078,1937.720698759085
HCPCS A0425,A0425,quarter,2019-Q3,4542957,225151016.0,2017.7377303063113,2015.8827256362456,2019.5940206759403
HCPCS A0425,A0425,quarter,2019-Q4,4740226,223888589.0,2117.2253669435563,2115.3198218020293,2119.1322050299245
HCPCS A0425,A0425,quarter,2020-Q1,3293354,149176444.0,2207.690377711376,2205.3066789353124,2210.0760170390236
HCPCS A0425,A0425,quarter,2020-Q2,1232835,78055480.0,1579.4342690609294,1576.6474544448017,1582.2247928187771
HCPCS A0425,A0425,quarter,2020-Q3,3929277,240451013.0,1634.1278628757532,1632.5124932822184,1635.7444363736474
HCPCS A0425,A0425,quarter,2020-Q4,3971065,252197294.0,1574.5866805375001,1573.038377998058,1576.1361309075048
HCPCS A0425,A0425,quarter,2021-Q1,3923714,256211709.0,1531.4343030278917,1529.919375645843,1532.950360257045
HCPCS A0425,A0425,quarter,2021-Q2,4125164,261559386.0,1577.142408493037,1575.6208276296559,1578.665096098712
HCPCS A0425,A0425,quarter,2021-Q3,4319912,266799594.0,1619.159885228311,1617.6333761904727,1620.6874792668063
HCPCS A0425,A0425,quarter,2021-Q4,4258737,272358419.0,1563.6516820873453,1562.166957237845,1565.137469793919
HCPCS A0425,A0425,quarter,2022-Q1,4175553,277314434.0,1505.710661998935,1504.2667860299305,1507.155581831898
HCPCS A0425,A0425,quarter,2022-Q2,4560944,282016994.5,1617.258565600379,1615.7746749796922,1618.74348267152
HCPCS A0425,A0425,quarter,2022-Q3,4814069,287178648.0,1676.332496697317,1674.8353773320312,1677.830624059722
HCPCS A0425,A0425,quarter,2022-Q4,4775836,292152539.0,1634.706313471402,1633.2405392670019,1636.173078512401
HCPCS A0425,A0425,quarter,2023-Q1,4889540,297686543.0,1642.5129435562023,1641.0573907712135,1643.969468756339
HCPCS A0425,A0425,quarter,2023-Q2,5034365,298365151.0,1687.316693362758,1685.8430961556508,1688.7912607711792
HCPCS A0425,A0425,quarter,2023-Q3,4997866,289816874.0,1724.4910315332434,1722.9794804412688,1726.0035814435985
HCPCS A0425,A0425,quarter,2023-Q4,4906787,276383178.0,1775.3566029261012,1773.7860943064984,1776.928158913449
HCPCS A0425,A0425,year,2018,15301470,913486173.0,1675.0631210703614,1674.2239335200804,1675.9026254898495
HCPCS A0425,A0425,year,2019,17639520,898545960.0,1963.1182805607407,1962.202268480236,1964.0346147771547
HCPCS A0425,A0425,year,2020,12426531,719880231.0,1726.1942285507769,1725.23459979339,1727.1542594005873
HCPCS A0425,A0425,year,2021,16627527,1056929108.0,1573.1922674987961,1572.4361930016098,1573.9486158597806
HCPCS A0425,A0425,year,2022,18326402,1138662615.5,1609.4672601464713,1608.730472045549,1610.2043024521736
HCPCS A0425,A0425,year,2023,19828558,1162251746.0,1706.046738001631,1705.2958998812849,1706.7978251666405
Ambulance Services,Ambulance Services,month,2018-01,2501435,77061511.0,3246.023815961771,3242.0024606341276,3250.048927931876
Ambulance Services,Ambulance Services,month,2018-02,2246694,76816414.0,2924.7577217025514,2920.9345309520904,2928.5846811262313
Ambulance Services,Ambulance Services,month,2018-03,2380744,76672124.0,3105.0972319483417,3101.1541946118446,3109.0440450260085
Ambulance Services,Ambulance Services,month,2018-04,2357971,76587909.0,3078.7770952200826,3074.8486527624586,3082.709317574623
Ambulance Services,Ambulance Services,month,2018-05,2481969,76388516.0,3249.13891506938,3245.0979514359906,3253.183668445024
Ambulance Services,Ambulance Services,month,2018-06,2316390,75959344.0,3049.51290785239,3045.587047995772,3053.44257889215
Ambulance Services,Ambulance Services,month,2018-07,2408576,76353875.0,3154.49084935113,3150.5082931076386,3158.4771970685606
Ambulance Services,Ambulance Services,month,2018-08,2424973,76065396.0,3188.010748014774,3183.999499174302,3192.0258027055884
Ambulance Services,Ambulance Services,month,2018-09,2269564,75485517.0,3006.621786799182,3002.711430559523,3010.535978153754
Ambulance Services,Ambulance Services,month,2018-10,2410676,75799027.0,3180.352169955955,3176.3387124100013,3184.36944672903
Ambulance Services,Ambulance Services,month,2018-11,2223213,75525925.0,2943.642199681765,2939.7740632896707,2947.514169145834
Ambulance Services,Ambulance Services,month,2018-12,2283470,74770615.0,3053.9671233144195,3050.0072994524235,3057.930818957244
Ambulance Services,Ambulance Services,month,2019-01,2488342,75376060.0,3301.2364933906074,3297.1359953202077,3305.3408321062598
Ambulance Services,Ambulance Services,month,2019-02,2289286,75153292.0,3046.15531678905,3042.210640589242,3050.1038450536653
Ambulance Services,Ambulance Services,month,2019-03,2522448,74877560.0,3368.7636188999745,3364.6076208060185,3372.9234832027896
Ambulance Services,Ambulance Services,month,2019-04,2534170,75071007.0,3375.6973581025763,3371.5424459130686,3379.8561265363846
Ambulance Services,Ambulance Services,month,2019-05,2665451,74812854.0,3562.8249124141157,3558.5490016136896,3567.104692744877
Ambulance Services,Ambulance Services,month,2019-06,2450509,74215582.0,3301.879381610185,3297.7465563885803,3306.016107538042
Ambulance Services,Ambulance Services,month,2019-07,2615231,74488451.0,3510.921444721679,3506.6675732516665,3515.179202581832
Ambulance Services,Ambulance Services,month,2019-08,2695001,75037460.0,3591.5408117492248,3587.2541269042067,3595.831354537704
Ambulance Services,Ambulance Services,month,2019-09,2672265,75625105.0,3533.5686476071664,3529.3332572527675,3537.807865930222
Ambulance Services,Ambulance Services,month,2019-10,2878028,75011359.0,3836.7895720966744,3832.3581326153767,3841.224870838129
Ambulance Services,Ambulance Services,month,2019-11,2646766,74622336.0,3546.881727208325,3542.6099559615286,3551.157377867574
Ambulance Services,Ambulance Services,month,2019-12,2739661,74254894.0,3689.5359381968815,3685.1683207398337,3693.907454249349
Ambulance Services,Ambulance Services,month,2020-01,2966324,74732556.0,3969.2527042698766,3964.7369982424075,3973.772283943565
Ambulance Services,Ambulance Services,month,2020-02,2759829,74443888.0,3707.260695465019,3702.8881557160944,3711.6371239089153
Ambulance Services,Ambulance Services,month,2020-06,2247165,78055480.0,2878.9330358355364,2875.1701405725503,2882.699639947092
Ambulance Services,Ambulance Services,month,2020-07,2427697,79309251.0,3061.0514780930157,3057.202133866514,3064.9044725050194
Ambulance Services,Ambulance Services,month,2020-08,2391165,80202982.0,2981.391639527817,2977.613947165279,2985.1729414064775
Ambulance Services,Ambulance Services,month,2020-09,2307866,80938780.0,2851.372358219385,2847.694808583659,2855.0534845718594
Ambulance Services,Ambulance Services,month,2020-10,2424971,83848958.0,2892.070525193646,2888.4316355410997,2895.7128674056567
Ambulance Services,Ambulance Services,month,2020-11,2336993,85021129.0,2748.7202622303453,2745.197262542802,2752.2466668913376
Ambulance Services,Ambulance Services,month,2020-12,2432917,83327207.0,2919.715045771305,2916.0473751791583,2923.3861905397866
Ambulance Services,Ambulance Services,month,2021-01,2413937,84904129.0,2843.1326349275664,2839.547156381809,2846.7215231267824
Ambulance Services,Ambulance Services,month,2021-02,2227120,85397214.0,2607.953931611867,2604.5299176608805,2611.3813355592633
Ambulance Services,Ambulance Services,month,2021-03,2525823,85910366.0,2940.067791120806,2936.4430926182013,2943.6958593243908
Ambulance Services,Ambulance Services,month,2021-04,2474223,86730928.0,2852.7574384999084,2849.203907922516,2856.314306904888
Ambulance Services,Ambulance Services,month,2021-05,2540900,87232698.0,2912.7839196261016,2909.2035251768243,2916.3676326940613
Ambulance Services,Ambulance Services,month,2021-06,2543684,87595760.0,2903.889411998937,2900.3219039663622,2907.4602248949855
Ambulance Services,Ambulance Services,month,2021-07,2648123,88407727.0,2995.3524311285596,2991.745831449057,2998.962305304691
Ambulance Services,Ambulance Services,month,2021-08,2655879,89007226.0,2983.8914427015175,2980.3038911291283,2987.4822467145123
Ambulance Services,Ambulance Services,month,2021-09,2570548,89384641.0,2875.8274030546254,2872.312874193675,2879.345170634248
Ambulance Services,Ambulance Services,month,2021-10,2596449,90288880.0,2875.712933862952,2872.216112532566,2879.2129614730065
Ambulance Services,Ambulance Services,month,2021-11,2507175,90916915.0,2757.6551624084473,2754.2427371813146,2761.070771778744
Ambulance Services,Ambulance Services,month,2021-12,2620659,91152624.0,2875.023104107239,2871.5433024108224,2878.506081698172
Ambulance Services,Ambulance Services,month,2022-01,2594881,92054533.0,2818.85195159265,2815.4232371662097,2822.283810800875
Ambulance Services,Ambulance Services,month,2022-02,2300618,92416336.0,2489.4062019511357,2486.190445160404,2492.6250912528935
Ambulance Services,Ambulance Services,month,2022-03,2673331,92843565.0,2879.3928798404067,2875.9422827096246,2882.846595017329
Ambulance Services,Ambulance Services,month,2022-04,2609184,93447612.5,2792.1355401134515,2788.7486409100343,2795.525537215722
Ambulance Services,Ambulance Services,month,2022-05,2779166,94051660.0,2954.935617297983,2951.4625520245545,2958.411760553951
Ambulance Services,Ambulance Services,month,2022-06,2734547,94517722.0,2893.1579624824217,2889.729885284147,2896.589102490917
Ambulance Services,Ambulance Services,month,2022-07,2770538,95111777.0,2912.928437873682,2909.4994201441277,2916.3604992795076
Ambulance Services,Ambulance Services,month,2022-08,2859291,95824368.0,2983.887146534585,2980.4295273504126,2987.3477867513407
Ambulance Services,Ambulance Services,month,2022-09,2795416,96242503.0,2904.554550082722,2901.1506339794437,2907.96147410025
Ambulance Services,Ambulance Services,month,2022-10,2843835,96904625.0,2934.674170608472,2931.2643518208843,2938.08697675291
Ambulance Services,Ambulance Services,month,2022-11,2774921,97433463.0,2848.0163945317227,2844.666437445436,2851.369322767791
Ambulance Services,Ambulance Services,month,2022-12,2794151,97814451.0,2856.5830216641507,2853.234567029501,2859.9344358738595
Ambulance Services,Ambulance Services,month,2023-01,2899612,98743626.0,2936.5054915038263,2933.126511017817,2939.8874037044734
Ambulance Services,Ambulance Services,month,2023-02,2652145,99047187.0,2677.6580742267824,2674.436444142278,2680.8826270672694
Ambulance Services,Ambulance Services,month,2023-03,2988351,99895730.0,2991.470205983779,2988.0794578325435,2994.863852029379
Ambulance Services,Ambulance Services,month,2023-04,2819969,100100536.0,2817.136763383565,2813.8496941954936,2820.426724553559
Ambulance Services,Ambulance Services,month,2023-05,3030578,99734767.0,3038.6374693189987,3035.2173310810326,3042.0605101242977
Ambulance Services,Ambulance Services,month,2023-06,2865781,98529848.0,2908.5409732896373,2905.174479857589,2911.910404800635
Ambulance Services,Ambulance Services,month,2023-07,2874751,97857412.0,2937.6936720950685,2934.29874330358,2941.0915591538565
Ambulance Services,Ambulance Services,month,2023-08,2953591,96623612.0,3056.8004433533283,3053.315322423708,3060.288560316729
Ambulance Services,Ambulance Services,month,2023-09,2801149,95335850.0,2938.190617695232,2934.7508071441803,2941.633464765456
Ambulance Services,Ambulance Services,month,2023-10,2886119,93799620.0,3076.8983925521234,3073.3496004283056,3080.4502709173144
Ambulance Services,Ambulance Services,month,2023-11,2732028,92066205.0,2967.4602097479747,2963.942472348512,2970.9810915137346
Ambulance Services,Ambulance Services,month,2023-12,2784561,90517353.0,3076.273120801489,3072.66094555995,3079.888494206703
Ambulance Services,Ambulance Services,quarter,2018-Q1,7128873,230550049.0,3092.115152836077,3089.8457337949008,3094.3858274280146
Ambulance Services,Ambulance Services,quarter,2018-Q2,7156330,228935769.0,3125.9117049551137,3123.6218859663213,3128.2027883475434
Ambulance Services,Ambulance Services,quarter,2018-Q3,7103113,227904788.0,3116.701962400193,3114.410354849925,3118.994840074528
Ambulance Services,Ambulance Services,quarter,2018-Q4,6917359,226095567.0,3059.484576272121,3057.205040606007,3061.7653922280274
Ambulance Services,Ambulance Services,quarter,2019-Q1,7300076,225406912.0,3238.621183009685,3236.272270378972,3240.971379837295
Ambulance Services,Ambulance Services,quarter,2019-Q2,7650130,224099443.0,3413.72111308639,3411.302503160407,3416.1410146979447
Ambulance Services,Ambulance Services,quarter,2019-Q3,7982497,225151016.0,3545.396837116649,3542.9377763081957,3547.857183574516
Ambulance Services,Ambulance Services,quarter,2019-Q4,8264455,223888589.0,3691.3247954767357,3688.808566112931,3693.8423177366035
Ambulance Services,Ambulance Services,quarter,2020-Q1,5726153,149176444.0,3838.510187305443,3835.3668456055643,3841.6554694694537
Ambulance Services,Ambulance Services,quarter,2020-Q2,2247165,78055480.0,2878.9330358355364,2875.1701405725503,2882.699639947092
Ambulance Services,Ambulance Services,quarter,2020-Q3,7126728,240451013.0,2963.900177039387,2961.7245324885316,2966.07702544167
Ambulance Services,Ambulance Services,quarter,2020-Q4,7194881,252197294.0,2852.8779535596445,2850.793744779646,2854.9633101200825
Ambulance Services,Ambulance Services,quarter,2021-Q1,7166880,256211709.0,2797.2492076855083,2795.2016517431157,2799.2978934247917
Ambulance Services,Ambulance Services,quarter,2021-Q2,7558807,261559386.0,2889.9008808653493,2887.84106659641,2891.961801828394
Ambulance Services,Ambulance Services,quarter,2021-Q3,7874550,266799594.0,2951.4850011353465,2949.4238919541817,2953.547195271344
Ambulance Services,Ambulance Services,quarter,2021-Q4,7724283,272358419.0,2836.0727853982735,2834.0731038026006,2838.0735298061322
Ambulance Services,Ambulance Services,quarter,2022-Q1,7568830,277314434.0,2729.331427443838,2727.3873494047607,2731.276549302391
Ambulance Services,Ambulance Services,quarter,2022-Q2,8122897,282016994.5,2880.286350970243,2878.3059431367797,2882.2677852133784
Ambulance Services,Ambulance Services,quarter,2022-Q3,8425245,287178648.0,2933.799242623358,2931.818559966747,2935.780933239127
Ambulance Services,Ambulance Services,quarter,2022-Q4,8412907,292152539.0,2879.628234208158,2877.682698966536,2881.574760248539
Ambulance Services,Ambulance Services,quarter,2023-Q1,8540108,297686543.0,2868.825682859302,2866.9019323721745,2870.7504057253545
Ambulance Services,Ambulance Services,quarter,2023-Q2,8716328,298365151.0,2921.3626225403245,2919.4235427501567,2923.3026724966767
Ambulance Services,Ambulance Services,quarter,2023-Q3,8629491,289816874.0,2977.566792746512,2975.580489468402,2979.554094806862
Ambulance Services,Ambulance Services,quarter,2023-Q4,8402708,276383178.0,3040.238577761777,3038.1832849245575,3042.2949179289953
Ambulance Services,Ambulance Services,year,2018,28305675,913486173.0,3098.642961068662,3097.501546476782,3099.7846925224894
Ambulance Services,Ambulance Services,year,2019,31197158,898545960.0,3471.960187768247,3470.741962134763,3473.178735531201
Ambulance Services,Ambulance Services,year,2020,22294927,719880231.0,3097.0328173937587,3095.7473933505116,3098.318643519644
Ambulance Services,Ambulance Services,year,2021,30324520,1056929108.0,2869.1157969319547,2868.094713838787,2870.13715388302
Ambulance Services,Ambulance Services,year,2022,32529879,1138662615.5,2856.849654778185,2855.8680030107935,2857.831560745342
Ambulance Services,Ambulance Services,year,2023,34288635,1162251746.0,2950.190018471265,2949.202632077438,2951.17765390522
