HCPCS_CODE,Description,B0_const_2021-01,B1_time_2021-01,B2_level_2021-01,B3_slope_2021-01,p_const_2021-01,p_time_2021-01,p_level_2021-01,p_slope_2021-01,R_squared_2021-01,BIC_2021-01,B0_const_2020-06,B1_time_2020-06,B2_level_2020-06,B3_slope_2020-06,p_const_2020-06,p_time_2020-06,p_level_2020-06,p_slope_2020-06,R_squared_2020-06,BIC_2020-06,B0_const_2021-03,B1_time_2021-03,B2_level_2021-03,B3_slope_2021-03,p_const_2021-03,p_time_2021-03,p_level_2021-03,p_slope_2021-03,R_squared_2021-03,BIC_2021-03,Max R^2,Highest R^2,Max BIC,Highest BIC
11102,"Tangential skin biopsy, single lesion",8086.5467,-45.1961,3569.0737,78.2795,5.90E-45,0.4298,0.0038,0.2128,0.4634,1206.54,9387.451,-258.9167,3923.2106,327.2826,2.57E-18,0.0643,0.0105,0.0219,0.4801,1204.4537,7951.1368,-27.8171,3980.7906,40.2622,2.02E-47,0.4866,5.95E-05,0.3921,0.4944,1202.6045,0.4944,Mar 2021,1206.54,Jan 2021
11103,"Tangential skin biopsy, each additional lesion",821.77,-2.5017,347.144,5.728,2.65E-24,0.6637,0.0059,0.3892,0.3768,929.4681,892.1569,-14.1373,280.6132,21.4816,1.76E-13,0.3824,0.1328,0.1938,0.3447,932.7765,816.1368,-1.7925,412.9637,2.5418,3.78E-25,0.6848,0.0001,0.6396,0.4144,925.3566,0.4144,Mar 2021,932.7765,Jun 2020
11104,"Punch skin biopsy, single lesion",1314.7167,-14.0478,215.1557,13.5224,4.64E-111,0.0243,0.1573,0.0529,0.0616,929.1941,1441.3725,-34.3186,270.7714,35.1845,3.78E-56,0.0445,0.1938,0.0425,0.1184,925.076,1295.9487,-11.6236,218.2141,10.4359,5.17E-104,0.0096,0.1266,0.0802,0.0583,929.4255,0.1184,Jun 2020,929.4255,Mar 2021
11105,"Punch skin biopsy, each additional lesion",333.4267,-3.8052,-116.4189,3.2809,3.65E-22,0.0867,0.0017,0.1545,0.6614,744.9556,293.7451,3.0098,-162.4147,-4.8717,8.04E-18,0.5564,0.0075,0.3444,0.664,744.4599,345.0513,-5.2872,-89.1064,4.9376,6.69E-21,0.0134,0.0213,0.0247,0.6467,747.7592,0.664,Jun 2020,747.7592,Mar 2021
11106,"Incisional skin biopsy, single lesion",183.9667,10.0174,76.7135,-13.7587,1.18E-17,5.02E-08,0.2867,3.99E-05,0.224,859.4962,210.1961,5.1152,181.1368,-7.5867,5.46E-22,0.0208,0.0002,0.0102,0.2258,859.3418,198.6581,8.1566,116.2927,-13.2098,2.71E-21,2.63E-05,0.1349,0.0003,0.252,857.0683,0.252,Mar 2021,859.4962,Jan 2021
11107,"Incisional skin biopsy, each additional lesion",51.0467,-0.9135,77.2398,-0.1714,7.79E-08,0.1636,0.0105,0.8928,0.1582,732.1092,51.3922,-0.8137,34.2907,0.957,1.73E-06,0.5685,0.1853,0.5624,0.0551,739.7353,52.547,-1.1053,98.9432,-0.678,4.27E-08,0.0489,0.0015,0.5972,0.239,725.4466,0.239,Mar 2021,739.7353,Jun 2020
23500,Closed treatment of clavicular fracture; without manipulation,13.9234,-0.2671,10.8346,1.0087,0.0014,0.159,0.104,0.001,0.45,654.3413,10.6,0.0631,-8.9216,0.8743,0.0366,0.8309,0.1648,0.0105,0.4429,655.3491,13.7287,-0.2513,14.7132,0.909,0.0012,0.139,0.0333,0.0034,0.4587,653.1025,0.4587,Mar 2021,655.3491,Jun 2020
25600,Closed treatment of distal radius fracture; without manipulation,611.8709,-5.5894,269.8666,6.5136,5.19E-12,0.1308,0.0493,0.3038,0.121,1117.6933,579.531,-2.6266,28.047,7.7281,1.90E-09,0.6762,0.8509,0.2848,0.0758,1121.6097,631.7935,-7.2776,430.1047,4.3019,1.98E-12,0.0398,0.0002,0.4503,0.1958,1110.7527,0.1958,Mar 2021,1121.6097,Jun 2020
25605,Closed treatment of a distal radial fracture with manipulation ,61.8889,-0.1905,69.8672,-0.2201,0.0002,0.7943,0.0216,0.8698,0.1922,876.2445,60.0966,-0.098,36.2835,0.6694,0.0012,0.9298,0.2304,0.6224,0.1383,881.2795,64.9757,-0.451,97.6395,-0.7661,0.0001,0.5054,0.0002,0.527,0.2617,869.2277,0.2617,Mar 2021,881.2795,Jun 2020
27447,Total knee replacement (arthroplasty),54.1742,0.1297,98.9264,5.9866,1.03E-07,0.8294,0.001,4.55E-05,0.7576,906.9895,70.2897,-1.4788,58.38,8.3867,1.72E-13,0.0147,0.0114,2.96E-12,0.7563,907.4077,52.7692,0.2486,127.5285,5.1369,4.04E-08,0.6222,5.68E-06,0.0004,0.7697,902.9689,0.7697,Mar 2021,907.4077,Jun 2020
27786,Closed treatment of distal fibular fracture; without manipulation,67.7087,-1.2802,16.0604,2.087,4.02E-07,0.0278,0.2594,0.0035,0.1455,774.2841,55.8552,-0.1251,-32.992,1.332,3.83E-05,0.8741,0.0271,0.1164,0.1678,772.2174,67.8057,-1.2882,24.6929,1.9365,1.41E-07,0.0116,0.0759,0.0042,0.1569,773.2393,0.1678,Jun 2020,774.2841,Jan 2021
28470,Closed treatment of metatarsal fracture; without manipulation,26.3679,0.0568,7.9174,0.9107,7.51E-05,0.8817,0.4769,0.0776,0.3556,728.3736,20.5517,0.5961,-13.5985,0.535,0.0112,0.3626,0.3317,0.4511,0.3558,728.3461,27.4453,-0.034,16.3907,0.8388,1.64E-05,0.9146,0.1083,0.0741,0.3686,726.7817,0.3686,Mar 2021,728.3736,Jan 2021
29826,Arthroscopic shoulder surgical procedure for subacromial decompression,13.0405,0.8977,29.5533,-2.4675,0.1088,0.0793,0.1273,0.0006,0.2109,777.8101,21.5724,0.0404,50.6103,-1.2717,0.002,0.9208,0.0008,0.0245,0.2263,776.267,6.1377,1.4819,-0.3215,-2.6707,0.5073,0.0092,0.9869,0.001,0.1787,780.9311,0.2263,Jun 2020,780.9311,Mar 2021
29827,Arthroscopic shoulder rotator cuff repair,2.1517,0.6644,4.5078,-1.0899,0.7183,0.034,0.6993,0.02,0.1076,706.4438,8.1103,0.0709,23.7836,-0.5249,0.1608,0.8305,0.004,0.1983,0.1514,702.5212,1.7773,0.6948,1.4603,-1.1166,0.7536,0.0097,0.9015,0.0247,0.1077,706.4374,0.1514,Jun 2020,706.4438,Jan 2021
62270,lumbar puncture,404.7943,-9.9279,0.8121,8.6728,1.91E-25,4.73E-09,0.9789,3.88E-07,0.8048,878.1308,393.9379,-8.8084,-77.6682,7.4744,2.46E-18,0.0037,0.1265,0.0142,0.8103,875.8969,404.7126,-9.9219,20.8275,8.5618,2.74E-27,2.52E-11,0.4448,1.21E-08,0.8051,878.0361,0.8103,Jun 2020,878.1308,Jan 2021
71250,CT Chest,24973.3949,231.2743,4537.4915,7.2956,3.42E-234,0.0003,0.0449,0.93,0.7388,1546.3102,26055.6483,122.9759,5046.548,155.6621,1.20E-90,0.3607,0.0742,0.267,0.7428,1545.0834,24970.3563,231.7788,5465.6184,-27.7318,3.52E-285,6.69E-06,0.0126,0.713,0.7471,1543.7751,0.7471,Mar 2021,1546.3102,Jan 2021
71260,CT Chest,38674.5991,269.9896,8777.926,-253.6881,6.70E-254,0.0032,0.005,0.031,0.6267,1583.2012,41144.9379,22.6892,12217.9594,74.179,1.17E-219,0.8639,9.21E-05,0.6081,0.6523,1577.6547,38425.0891,291.5955,8878.4016,-318.249,8.49E-283,0.0001,0.0028,0.0029,0.6359,1581.2458,0.6523,Jun 2020,1583.2012,Jan 2021
75561,cardiovascular magnetic resonance imaging,100.5661,2.1311,97.4803,3.2468,8.19E-09,0.0742,0.0153,0.0735,0.7307,925.6011,132.7034,-0.9567,106.445,7.0009,1.87E-11,0.4785,0.0007,6.70E-05,0.7485,920.2671,97.4737,2.3912,112.2334,2.4354,1.07E-09,0.0144,0.002,0.1741,0.7359,924.082,0.7485,Jun 2020,925.6011,Jan 2021
75565,Cardiac MRI,127.8904,-0.0731,43.8424,3.5966,4.41E-17,0.9365,0.1728,0.0037,0.5441,880.4308,145.7931,-1.7906,44.4596,5.4465,2.25E-13,0.2113,0.1531,0.0004,0.5646,876.8469,125.8502,0.0977,52.719,3.203,7.33E-19,0.8964,0.0888,0.0116,0.5458,880.1404,0.5646,Jun 2020,880.4308,Jan 2021
75574,Cardiac CTA,284.5691,12.723,103.5706,41.2031,1.87E-23,1.04E-05,0.3688,3.18E-18,0.925,1101.7628,325.7241,8.766,-72.8561,43.9177,2.64E-09,0.1435,0.5859,2.39E-11,0.9256,1101.1113,282.5709,12.8966,211.4435,39.9186,3.39E-31,9.96E-09,0.0618,1.54E-17,0.9257,1100.9422,0.9257,Mar 2021,1101.7628,Jan 2021
76700,abdominal ultrasound,59961.1937,-297.9825,15633.4527,267.4433,4.94E-206,0.1056,0.006,0.1976,0.2794,1650.711,62740.2621,-567.5729,12933.7615,699.7263,5.91E-67,0.1244,0.0818,0.0694,0.2641,1652.3513,59568.004,-264.6716,17822.5308,141.2699,1.17E-284,0.0677,0.0003,0.4049,0.3187,1646.333,0.3187,Mar 2021,1652.3513,Jun 2020
80061,"Lipid Panel (Total, HDL, Triglycerides, and calculated LDL)",989988.7943,2353.2292,303788.7279,2200.6735,2.35E-185,0.471,0.0023,0.5619,0.6637,2108.3337,1059808.462,-4562.4172,316524.1646,11884.4105,4.75E-85,0.4286,0.0088,0.0504,0.6762,2105.3789,972953.5425,3793.8882,298244.9413,-220.7465,4.86E-215,0.1603,0.0011,0.9498,0.661,2108.9617,0.6762,Jun 2020,2108.9617,Mar 2021
81240,Prothrombin gene mutation,1581.4895,-22.074,428.7394,16.9092,1.84E-272,3.22E-15,1.19E-06,2.33E-06,0.5032,1035.236,1592.1448,-22.8872,126.2654,23.4285,3.38E-158,9.64E-06,0.2877,7.25E-05,0.3889,1051.3917,1562.0567,-20.4327,473.436,13.3236,1.39E-287,1.85E-15,4.12E-09,6.23E-05,0.5214,1032.3303,0.5214,Mar 2021,1051.3917,Jun 2020
81241,Factor V Leiden,1910.3153,-20.1275,607.3914,11.4208,5.99E-259,4.78E-09,2.64E-08,0.0093,0.3799,1073.8171,1928.8759,-21.7768,266.2917,21.4533,6.27E-147,0.001,0.0956,0.0048,0.1788,1095.7177,1881.6194,-17.7063,636.9411,6.4794,5.43E-262,7.11E-08,1.45E-10,0.1166,0.3969,1071.6456,0.3969,Mar 2021,1095.7177,Jun 2020
82465,"Total cholesterol, serum",49561.6291,-213.9106,11772.8047,-7.222,8.97E-102,0.2359,0.0321,0.9722,0.1127,1647.0499,52482.0621,-504.7261,13433.4067,387.9386,2.63E-50,0.1145,0.037,0.2461,0.1423,1644.4116,49325.0162,-193.8942,13205.2419,-99.9106,2.49E-126,0.1739,0.0076,0.5686,0.145,1644.1662,0.145,Mar 2021,1647.0499,Jan 2021
82542,Prostaglandin D2 (lab-dependent methodology),13965.0916,-119.6735,-286.3581,125.5309,3.56E-122,0.0029,0.8119,0.0044,0.3852,1406.1064,13133.1103,-35.2985,-3120.79,53.6837,1.21E-56,0.6878,0.0761,0.5466,0.4671,1394.9541,13913.1538,-115.2544,-288.4563,126.3978,1.95E-137,0.0004,0.7942,0.0011,0.3868,1405.9112,0.4671,Jun 2020,1406.1064,Jan 2021
82570,Creatinine (needed for normalization),235857.7958,-399.9439,34430.764,2679.8542,1.59E-298,0.46,0.0417,6.29E-05,0.6749,1847.1257,247078.7172,-1515.2187,31701.9579,3907.382,2.48E-156,0.1224,0.1219,0.0001,0.6969,1841.6515,232626.1457,-126.3905,33673.5344,2377.6183,1.72E-306,0.7852,0.0373,0.0004,0.6661,1849.2091,0.6969,Jun 2020,1849.2091,Mar 2021
82785,IgE (total),24659.2508,-51.3794,5676.025,313.5257,6.95E-76,0.5019,0.0174,0.0024,0.5938,1558.3566,24601.2207,-45.9222,921.0643,379.1942,5.16E-39,0.7907,0.7955,0.038,0.572,1562.425,24607.9717,-47.0625,7379.9939,265.0525,2.37E-82,0.4523,0.0005,0.0037,0.6115,1554.8729,0.6115,Mar 2021,1562.425,Jun 2020
83497,5-HIAA (sometimes used in differential),1165.7477,-21.3665,-214.9933,20.236,5.47E-33,4.73E-07,0.0049,2.05E-05,0.8475,1014.8096,1234.6828,-28.0759,-41.3341,21.2571,1.70E-32,2.68E-07,0.6345,0.0003,0.8148,1029.945,1163.6559,-21.1905,-222.6919,21.6898,7.03E-36,1.88E-08,0.0013,1.37E-07,0.8571,1009.7246,0.8571,Mar 2021,1029.945,Jun 2020
83520,Tryptase,14438.5706,681.5071,5787.1741,-915.5687,6.93E-89,1.79E-44,0.0014,1.50E-40,0.8707,1496.0702,15138.6,612.3389,9522.8899,-732.4157,1.00E-51,6.03E-11,7.80E-05,2.11E-11,0.8365,1514.4027,14417.2024,683.4371,4780.0196,-950.0333,3.62E-100,3.96E-68,0.0033,1.42E-54,0.8774,1491.9528,0.8774,Mar 2021,1514.4027,Jun 2020
83721,"Lipoprotein, direct measurement; high-density cholesterol (HDL)",29024.1051,-104.6505,6776.0405,170.5796,8.54E-197,0.2436,0.0171,0.1266,0.3629,1546.9578,30881.931,-287.2709,7089.9562,403.8515,6.53E-91,0.0703,0.0336,0.016,0.4049,1541.641,28605.1498,-69.2585,6767.8091,115.0135,6.99E-237,0.3453,0.0096,0.282,0.3559,1547.8166,0.4049,Jun 2020,1547.8166,Mar 2021
84478,Triglycerides,29954.1411,-109.7525,9986.6531,28.1698,1.28E-254,0.1307,0.0004,0.7735,0.3527,1550.9897,31244.2345,-236.3443,7939.0957,273.787,3.79E-98,0.0866,0.0109,0.071,0.2836,1558.9026,29544.1215,-75.0179,10353.1502,-50.7019,0,0.2181,0.0001,0.588,0.3711,1548.7334,0.3711,Mar 2021,1558.9026,Jun 2020
85025,CBC,2891786.553,1283.1272,601686.5394,5337.6206,0,0.8028,0.0003,0.404,0.6536,2196.258,2949839.931,-4426.5246,409741.9142,18474.5086,8.70E-165,0.6987,0.0904,0.1287,0.6093,2205.6512,2874379.377,2766.0678,663245.0249,567.5535,0,0.5059,3.54E-06,0.9149,0.6743,2191.4603,0.6743,Mar 2021,2205.6512,Jun 2020
85240,Clotting factors (selective use),1574.5105,24.2931,928.7519,-0.1644,3.35E-68,0.0042,0.0007,0.9873,0.8196,1194.0653,1729.3517,9.2877,828.3278,25.5139,2.07E-30,0.5515,0.0143,0.1305,0.8095,1198.3396,1528.4858,28.1914,921.6101,-7.4659,2.34E-80,6.51E-05,0.0003,0.4345,0.8203,1193.7835,0.8203,Mar 2021,1198.3396,Jun 2020
85244,Clotting factors (selective use),73.9655,0.4337,19.1308,1.8203,1.54E-20,0.3852,0.2116,0.0023,0.7081,755.0135,83.8345,-0.5251,23.8128,2.7674,1.30E-18,0.527,0.1662,0.0012,0.728,749.5027,71.1336,0.6727,15.0103,1.6463,1.35E-19,0.1264,0.3236,0.0056,0.7015,756.7498,0.728,Jun 2020,756.7498,Mar 2021
85245,Clotting factors (selective use),1042.452,19.4488,748.1498,-2.9094,2.88E-63,0.0008,0.0001,0.6969,0.8329,1145.7025,1154.9034,8.5734,650.4929,16.9865,6.86E-31,0.4096,0.0065,0.1407,0.8169,1152.8293,1008.7692,22.2955,751.8263,-8.78,3.30E-72,5.29E-06,2.68E-05,0.2043,0.8357,1144.3739,0.8357,Mar 2021,1152.8293,Jun 2020
85246,Clotting factors (selective use),1399.9745,21.3094,826.4452,-0.6853,6.70E-86,0.0013,0.0002,0.9366,0.8299,1167.8736,1505.4138,11.1182,658.7606,19.7489,1.09E-35,0.3766,0.0204,0.1538,0.8112,1176.0459,1360.9352,24.6123,827.832,-7.1891,1.63E-102,9.58E-06,7.51E-05,0.3745,0.8317,1167.078,0.8317,Mar 2021,1176.0459,Jun 2020
85247,Clotting factors (selective use),291.0015,6.4079,222.0501,-2.2381,2.38E-45,0.0005,0.0006,0.3501,0.7847,978.7797,330.7172,2.5596,216.4301,4.211,2.65E-25,0.3935,0.0023,0.2121,0.7743,982.4363,280.3441,7.3114,216.6567,-3.9552,3.76E-52,2.65E-06,0.0004,0.0851,0.7856,978.4288,0.7856,Mar 2021,982.4363,Jun 2020
85250,Clotting factors (selective use),62.2027,1.7218,9.3398,2.5786,7.36E-37,9.37E-06,0.5382,5.35E-05,0.8062,805.2989,67.5103,1.2025,4.0095,2.9957,9.33E-19,0.1294,0.8187,0.0007,0.8079,804.64,62.5547,1.6926,18.7409,2.477,8.42E-45,4.55E-08,0.2221,0.0001,0.8074,804.8126,0.8079,Jun 2020,805.2989,Jan 2021
85260,Clotting factors (selective use),13.7216,0.1147,6.3836,-0.5708,0.0026,0.6637,0.2843,0.0515,0.136,579.9095,10.1292,0.4892,-0.5953,-0.7868,0.0443,0.28,0.9405,0.0877,0.1249,580.8565,14.7311,0.0199,10.5019,-0.5925,0.0011,0.9304,0.0538,0.0148,0.1754,576.4603,0.1754,Mar 2021,580.8565,Jun 2020
85270,Clotting factors (selective use),40.0766,2.5099,-6.5297,-1.3023,5.70E-14,3.99E-14,0.5393,0.0047,0.6811,746.1203,49.6897,1.5271,31.0849,-0.6301,7.44E-33,4.47E-08,0.0003,0.1021,0.7026,740.6789,42.1619,2.3341,-1.83,-1.2337,5.79E-17,7.23E-14,0.8697,0.0073,0.679,746.6385,0.7026,Jun 2020,746.6385,Mar 2021
85300,Antithrombin III,598.5796,9.4018,340.6187,-12.5468,4.76E-124,9.47E-05,2.41E-06,7.14E-06,0.7578,997.9444,649.1448,4.3813,364.2507,-3.0527,6.04E-82,0.24,4.76E-05,0.4675,0.7165,1010.2198,579.83,10.9879,301.1233,-15.0844,7.09E-115,2.44E-07,1.22E-05,8.26E-09,0.7523,999.6903,0.7578,Jan 2021,1010.2198,Jun 2020
85303,Protein C / S,675.2402,9.0085,316.0815,-12.5201,6.80E-139,0.0003,3.43E-05,2.22E-05,0.7128,1002.6228,729.6138,3.5768,364.6222,-3.1238,5.20E-90,0.3497,5.31E-05,0.4671,0.6858,1009.618,654.5628,10.7534,263.582,-14.8787,4.75E-122,1.84E-06,0.0004,4.36E-07,0.6999,1006.0511,0.7128,Jan 2021,1009.618,Jun 2020
85305,Protein C / S,292.6366,6.0097,130.3914,-9.1961,5.05E-48,3.51E-05,0.0013,1.17E-08,0.6321,911.2693,326.4345,2.6783,199.1719,-4.2607,1.42E-50,0.2414,6.13E-05,0.0826,0.6347,910.728,282.4858,6.8699,91.7933,-10.1109,5.41E-41,2.64E-07,0.0206,2.17E-10,0.6156,914.6866,0.6347,Jun 2020,914.6866,Mar 2021
85306,Protein C / S,785.8784,10.9403,347.7576,-14.2691,5.82E-181,0.0001,6.74E-05,1.60E-05,0.7216,1024.1795,852.5448,4.3502,417.0845,-3.3685,2.02E-86,0.366,9.01E-05,0.5238,0.7029,1029.2636,759.3603,13.1825,271.7405,-16.8461,1.61E-139,1.05E-06,0.002,6.17E-07,0.7026,1029.3207,0.7216,Jan 2021,1029.3207,Mar 2021
85379,D-dimer,33838.512,999.4676,20552.3786,-1695.6112,2.12E-36,5.17E-07,0.0001,5.07E-13,0.769,1643.426,39628.8828,438.166,33232.4281,-867.2542,3.43E-184,0.0001,3.03E-10,4.02E-08,0.7665,1644.2767,31970.7895,1159.1181,12519.869,-1832.2925,6.63E-24,1.43E-07,0.0539,5.88E-14,0.737,1653.5533,0.769,Jan 2021,1653.5533,Mar 2021
85384,Fibrinogen,4283.012,222.6676,1337.9576,-284.0552,5.69E-34,4.70E-19,0.0503,2.20E-23,0.8442,1331.4933,5046.7103,147.1931,4149.1991,-193.0915,6.34E-54,1.26E-09,1.68E-11,9.76E-15,0.8748,1314.466,4206.5789,229.3684,593.4664,-290.4966,2.01E-32,5.02E-23,0.4043,1.10E-28,0.8403,1333.4258,0.8748,Jun 2020,1333.4258,Mar 2021
85390,Coagulation interpretation/report,644.045,43.5308,1272.0892,-48.8628,5.72E-08,2.09E-06,1.53E-08,5.64E-07,0.9139,1133.119,946.2345,14.3404,1610.1631,-4.4943,1.32E-93,0.0008,4.84E-13,0.5279,0.9083,1138.0107,540.8178,52.3086,967.3383,-58.167,0.0002,1.83E-07,0.0002,3.98E-08,0.89,1152.2011,0.9139,Jan 2021,1152.2011,Mar 2021
85576,Platelet function assay (PFA-100/200),640.3964,8.9488,199.0178,-5.7573,3.41E-35,0.0148,0.0884,0.2386,0.5354,1070.9051,749.3379,-1.7704,405.5891,5.6967,1.74E-59,0.5663,1.26E-06,0.1502,0.6011,1059.0148,639.5709,9.036,221.6779,-7.2009,2.38E-40,0.0027,0.0423,0.1083,0.5455,1069.201,0.6011,Jun 2020,1070.9051,Jan 2021
85597,Platelet aggregation studies,363.5616,2.9933,198.9084,-0.5436,2.83E-112,0.0242,8.78E-05,0.7741,0.7346,945.6992,398.331,-0.4547,189.6908,5.07,2.57E-83,0.7916,0.0001,0.0176,0.7235,948.8921,347.3117,4.3686,168.1217,-2.1027,2.69E-82,0.0015,0.0018,0.3372,0.7157,951.0549,0.7346,Jan 2021,951.0549,Mar 2021
85610,PT/INR,443088.5901,-641.5051,41096.6302,-1019.9884,0,0.3017,0.0459,0.1715,0.1877,1860.5262,451760.8483,-1488.1887,47008.7023,300.1935,1.58E-260,0.2585,0.0846,0.8262,0.1805,1861.2173,441374.9109,-495.2697,39706.8919,-1327.7375,0,0.3236,0.0446,0.0574,0.192,1860.1085,0.192,Mar 2021,1861.2173,Jun 2020
85652,ESR,129423.0646,590.2185,38853.5911,-302.2382,0,0.0518,5.05E-05,0.4083,0.7335,1757.4509,134934.2897,47.3463,34498.8964,709.2682,4.50E-125,0.9374,0.0092,0.2741,0.7046,1765.4747,127557.4858,748.2554,38132.1494,-604.1778,0,0.0041,1.31E-05,0.0726,0.7354,1756.8859,0.7354,Mar 2021,1765.4747,Jun 2020
85730,aPTT,189253.048,1004.9131,19954.3258,-1757.9862,0,0.0075,0.1131,0.0001,0.3547,1779.5725,193825.0483,548.3438,31245.6838,-1033.4341,9.30E-132,0.4977,0.0629,0.2172,0.349,1780.2585,188823.5466,1041.9705,18111.8889,-1892.2408,0,0.0004,0.1324,5.91E-06,0.3616,1778.7281,0.3616,Mar 2021,1780.2585,Jun 2020
86038,ANA,63735.2643,12.977,18531.2679,150.3891,8.76E-236,0.9425,0.001,0.4847,0.5869,1665.8473,67351.7793,-343.7601,17441.7917,692.7837,1.20E-100,0.2945,0.0126,0.0466,0.5846,1666.28,62791.2065,92.7399,18659.3632,2.2542,1.78E-276,0.5343,0.0003,0.9909,0.588,1665.6447,0.588,Mar 2021,1666.28,Jun 2020
86140,CRP,144714.3018,1729.2256,47514.5242,-1568.0455,9.73E-269,1.45E-07,1.77E-06,6.48E-05,0.8473,1766.9908,152434.9034,970.7335,51003.7704,-199.1632,7.93E-169,0.078,8.18E-05,0.7465,0.8244,1777.9097,142444.5223,1922.8736,43713.7,-1918.7381,1.37E-246,3.56E-10,3.97E-06,2.70E-07,0.847,1767.1665,0.8473,Jan 2021,1777.9097,Jun 2020
86146,Anticardiolipin antibodies (IgG/IgM),2520.9429,68.4874,1454.9102,-15.0226,6.68E-82,1.65E-10,5.31E-05,0.3064,0.8869,1264.9396,2757.2621,45.2005,1389.2236,25.2788,9.58E-58,0.012,0.0011,0.2178,0.8798,1269.6698,2442.753,75.1215,1381.0261,-26.2482,1.63E-74,6.49E-15,0.0001,0.0824,0.886,1265.5685,0.8869,Jan 2021,1269.6698,Jun 2020
86147,Anticardiolipin antibodies (IgG/IgM),4343.0931,68.2677,1926.7094,-4.5171,4.43E-128,7.87E-06,0.0001,0.8224,0.8582,1309.8906,4681.131,35.0547,1814.5497,50.0422,1.31E-76,0.1764,0.0023,0.0839,0.8525,1312.986,4235.2753,77.4076,1846.6514,-19.586,4.47E-124,1.15E-08,0.0002,0.3361,0.8566,1310.7558,0.8582,Jan 2021,1312.986,Jun 2020
86148,Beta-2 glycoprotein,656.7538,18.0506,580.3714,-49.3547,2.13E-93,2.56E-13,4.79E-06,2.96E-35,0.6531,1092.0982,673.9862,16.3581,588.9632,-36.9899,1.35E-35,0.0043,0.0006,1.04E-07,0.5032,1120.108,649.5223,18.6631,556.9356,-53.3469,3.43E-105,4.75E-21,2.20E-06,1.15E-48,0.6875,1083.9305,0.6875,Mar 2021,1120.108,Jun 2020
86160,C3,14967.027,81.3175,4269.3087,59.7735,4.61E-208,0.0531,0.0016,0.2555,0.7673,1460.1386,15700.4897,8.9281,3629.2359,176.0239,1.54E-84,0.9154,0.0433,0.0482,0.7625,1461.7579,14662.1538,107.1268,3966.5731,25.4857,5.02E-206,0.0043,0.0027,0.6323,0.7605,1462.3994,0.7673,Jan 2021,1462.3994,Mar 2021
86161,C4,250.8814,6.1798,39.8444,-2.9005,5.32E-36,3.72E-05,0.3874,0.0837,0.6745,929.9806,235.8759,7.568,2.7258,-3.3286,4.49E-13,0.0364,0.971,0.366,0.6696,931.1453,251.8219,6.1078,44.6211,-3.1556,1.47E-39,1.64E-07,0.2739,0.0249,0.6768,929.41,0.6768,Mar 2021,931.1453,Jun 2020
86162,CH50,1310.0255,6.7049,326.0942,-9.1902,2.94E-95,0.0855,0.0078,0.0757,0.398,1098.6056,1331.4345,4.4764,270.1128,-2.2987,8.84E-50,0.5895,0.1219,0.7962,0.3549,1104,1310.3279,6.685,374.3202,-11.6334,1.87E-104,0.0337,0.0006,0.0096,0.428,1094.6224,0.428,Mar 2021,1104,Jun 2020
86235,ENA panel,17558.4099,113.2432,5674.5969,63.438,1.25E-182,0.0355,0.0012,0.3553,0.7696,1501.204,18451.1448,25.0833,4701.616,212.5302,6.46E-67,0.8161,0.0398,0.0655,0.7614,1503.9456,17301.1498,134.9962,5891.2111,17.9407,2.02E-223,0.0022,0.0003,0.7781,0.7723,1500.2831,0.7723,Mar 2021,1503.9456,Jun 2020
86317,N-protein,20077.7703,6.475,1425.5978,422.6194,8.85E-174,0.9188,0.4713,5.29E-08,0.8032,1500.7056,20745.1862,-59.3458,133.9047,473.9107,2.48E-58,0.6653,0.9619,0.0008,0.806,1499.6134,20086.7449,5.8104,2731.7174,406.741,3.49E-217,0.9067,0.1266,3.79E-09,0.806,1499.601,0.806,Jun 2020,1500.7056,Jan 2021
86355,T cells (CD3),3009.6937,29.2175,451.7703,-12.4536,4.37E-96,0.0028,0.1256,0.2979,0.6186,1224.6304,2964.3655,33.2079,202.3801,-8.682,6.32E-38,0.1606,0.6746,0.7219,0.6026,1227.8182,3027.5668,27.7147,595.8417,-15.8369,8.86E-103,0.0004,0.0242,0.1189,0.6325,1221.7231,0.6325,Mar 2021,1227.8182,Jun 2020
86357,NK cells,2518.4069,24.5037,463.6024,-17.8436,1.09E-99,0.0033,0.0691,0.0793,0.5932,1193.0514,2493.1103,26.6867,276.6034,-12.0631,1.23E-36,0.1889,0.5021,0.565,0.5664,1198.0245,2533.5547,23.2346,585.2652,-21.2468,1.78E-107,0.0005,0.0099,0.0123,0.6139,1188.9773,0.6139,Mar 2021,1198.0245,Jun 2020
86359,CD4/CD8 subsets,8931.9535,43.8852,1866.0413,-71.3681,2.76E-189,0.0926,0.0175,0.014,0.3982,1362.3806,9127.5517,23.6281,1855.9845,-25.6648,1.77E-56,0.7023,0.1386,0.6855,0.3606,1367.104,8886.668,47.7704,1888.5182,-85.0579,1.89E-229,0.0202,0.0072,0.0005,0.4125,1360.5065,0.4125,Mar 2021,1367.104,Jun 2020
86360,CD4/CD8 subsets,16766.6937,72.6508,1411.1786,-93.5715,1.80E-190,0.1001,0.2735,0.053,0.2291,1444.5287,17001.1793,47.8443,1907.1997,-50.9994,1.77E-65,0.6433,0.3551,0.6262,0.2264,1444.8003,16779.3725,71.6769,1534.7907,-103.2699,9.62E-221,0.0394,0.188,0.0106,0.2375,1443.6726,0.2375,Mar 2021,1444.8003,Jun 2020
86665,EBV antibodies,10045.8033,-66.0332,2346.5935,156.2327,2.20E-88,0.0382,0.0194,0.0003,0.4425,1427.4441,9573.0345,-18.0936,-1019.4342,148.9801,2.31E-38,0.8034,0.4901,0.0566,0.4155,1431.1379,9992.1579,-61.4979,2969.0555,135.8995,1.02E-97,0.0182,0.0014,0.0005,0.4584,1425.1837,0.4584,Mar 2021,1431.1379,Jun 2020
86769,serology for Covid,19015.4286,15447.544,-91918.9758,-18615.831,0.587,0.0008,0.0257,4.61E-05,0.6676,1328.8658,-42174.3333,33142.6,38457.6828,-37115.7879,0.1578,0.0132,0.4089,0.0058,0.7835,1305.2868,34678.9667,11714.6429,-101358.1821,-14554.2702,0.3793,0.0015,0.001,7.10E-05,0.6527,1331.2807,0.7835,Jun 2020,1331.2807,Mar 2021
86790,Viral serologies (lab dependent),581.6952,13.8873,-214.2754,-9.9425,6.83E-09,0.0389,0.2233,0.187,0.2135,1085.3638,778.4414,-5.1498,430.4354,2.2473,3.74E-19,0.3782,0.002,0.7327,0.3166,1074.4009,574.1377,14.5331,-316.8085,-8.1162,3.90E-10,0.0084,0.0458,0.1948,0.2575,1080.8767,0.3166,Jun 2020,1085.3638,Jan 2021
88305,"Surgical pathology, gross and microscopic examination (nerve biopsy)",364877.7447,-304.1156,92760.2097,144.3092,2.64E-208,0.7937,0.0093,0.9119,0.3749,1939.1899,384417.2207,-2205.969,92451.4971,3006.7781,4.61E-68,0.3455,0.0524,0.2161,0.3752,1939.1452,361440.5142,-13.8443,97662.3632,-590.0429,3.39E-282,0.988,0.0018,0.5946,0.39,1937.2846,0.39,Mar 2021,1939.1899,Jan 2021
88314,"Immunohistochemistry stains often used to visualize nerve fibers (e.g., PGP 9.5)",480.1051,-5.9219,-111.9334,4.9861,1.50E-75,1.85E-05,0.0081,0.0026,0.7929,887.2775,450,-2.9828,-156.1333,0.7949,4.60E-41,0.2066,0.001,0.7441,0.7986,885.074,484.3077,-6.2784,-105.435,5.8065,9.43E-83,8.92E-08,0.0083,0.0002,0.7962,886.0275,0.7986,Jun 2020,887.2775,Jan 2021
88341,"Immunohistochemistry stains often used to visualize nerve fibers (e.g., PGP 9.5)",8172.4084,97.6735,3620.6014,-42.5843,3.72E-114,0.0049,0.0022,0.3454,0.7289,1428.1296,8798.3103,37.8325,3450.9788,61.5476,1.26E-51,0.5298,0.0112,0.3624,0.7146,1432.1378,8029.6923,109.7179,3663.9488,-70.712,6.85E-151,9.51E-05,0.0007,0.095,0.7341,1426.5945,0.7341,Mar 2021,1432.1378,Jun 2020
88342,"Immunohistochemistry stains often used to visualize nerve fibers (e.g., PGP 9.5)",42088.0841,264.1111,15409.176,-207.7879,2.01E-130,0.1297,0.0059,0.3221,0.5886,1659.1523,45237.5517,-43.9384,16471.5277,270.9079,1.90E-45,0.8962,0.0194,0.4493,0.5831,1660.175,41595.166,305.7264,16030.4132,-327.0573,1.93E-182,0.0261,0.0013,0.0752,0.601,1656.7572,0.601,Mar 2021,1660.175,Jun 2020
88356,Morphometric analysis for nerve density (specifically for intra-epidermal nerve fiber density),1048.0751,-24.7503,72.9806,23.2117,5.63E-46,3.46E-17,0.1004,1.70E-14,0.8725,957.9576,1072.7931,-27.1502,-28.6449,25.0677,1.62E-42,5.58E-11,0.6227,1.92E-09,0.875,956.4062,1036.4575,-23.773,91.8109,22.3464,2.70E-45,1.69E-17,0.0292,4.28E-14,0.8684,960.4412,0.875,Jun 2020,960.4412,Mar 2021
92552,Pure tone audiogram,63776.3709,641.0725,10333.4078,-846.8501,6.41E-25,0.1086,0.4062,0.0921,0.1751,1793.8753,69677.8069,39.5212,26123.9444,-216.0239,1.76E-18,0.9525,0.062,0.7589,0.2168,1789.8332,65101.0081,528.7691,16422.6729,-919.1271,1.76E-27,0.122,0.1639,0.0428,0.1984,1791.6448,0.2168,Jun 2020,1793.8753,Jan 2021
92553,Tympanometry and acoustic reflex threshold measurements,1871.7432,5.5575,392.2403,10.0927,3.61E-52,0.5878,0.2273,0.4331,0.3827,1224.325,2068.5655,-13.7251,632.3961,30.3298,1.53E-29,0.4363,0.082,0.1064,0.4229,1219.0831,1885.9798,4.3596,560.3243,6.9047,5.52E-65,0.5951,0.0542,0.5429,0.4013,1221.9416,0.4229,Jun 2020,1224.325,Jan 2021
92557,"Comprehensive audiometry, including air, bone, and speech",8704.3679,3122.4901,-49279.449,-4129.1756,0.149,3.84E-22,0.0013,3.04E-15,0.6079,1785.1542,3967.731,3569.603,-12327.8689,-5034.7258,0.6283,4.19E-08,0.4281,4.52E-13,0.579,1790.7133,11117.8988,2918.6001,-58683.9551,-3691.4609,0.0539,4.57E-24,0.0002,3.58E-12,0.6209,1782.5212,0.6209,Mar 2021,1790.7133,Jun 2020
92588,"Distortion product otoacoustic emissions, comprehensive diagnostic evaluation",9056.6637,-87.3205,1523.9451,146.1815,1.02E-70,0.0086,0.082,6.83E-05,0.3398,1371.9438,9689.9448,-148.6759,1500.7191,210.0626,1.44E-41,0.0059,0.1224,0.0002,0.4085,1363.3775,9019.7854,-84.1776,2019.2008,132.5342,2.09E-83,0.0018,0.0088,2.48E-05,0.3571,1369.8787,0.4085,Jun 2020,1371.9438,Jan 2021
92625,comprehensive tinnitus assessment,59.8318,-0.4936,2.5242,4.4776,3.01E-22,0.193,0.9244,0.0297,0.2799,932.7041,66.3103,-1.1059,-8.0719,4.7987,7.38E-21,0.0381,0.7412,0.0042,0.2808,932.6047,58.4008,-0.3702,6.7955,4.4129,8.83E-23,0.2745,0.8074,0.0455,0.2798,932.7218,0.2808,Jun 2020,932.7218,Mar 2021
93000,ECG,187788.4505,-488.321,57014.1845,1288.5349,1.60E-166,0.4369,0.0035,0.086,0.5087,1862.3128,195591.7172,-1259.3099,40753.2673,2667.6387,7.83E-56,0.3362,0.1296,0.0528,0.4866,1865.7408,185982,-334.909,64024.1354,826.0783,3.71E-219,0.4995,0.0002,0.1948,0.5268,1859.3809,0.5268,Mar 2021,1865.7408,Jun 2020
93040,"Rhythm ECG (limited, interpretation dependent)",3443.7793,-17.335,346.0435,21.2474,4.46E-134,0.1106,0.2513,0.0848,0.0724,1210.8989,3685.5862,-41.0271,664.0423,43.6478,1.48E-93,0.0081,0.0315,0.0075,0.1804,1201.2398,3425.7935,-15.7925,386.3073,18.34,2.13E-167,0.0697,0.1662,0.0921,0.0732,1210.8286,0.1804,Jun 2020,1210.8989,Jan 2021
93041,"Rhythm ECG (limited, interpretation dependent)",13680.0601,-6.9574,2332.2747,-154.8318,1.18E-188,0.7933,0.0016,9.44E-07,0.6619,1334.6143,14233.2828,-62.631,3460.575,-71.3381,1.88E-213,0.0643,2.35E-06,0.0539,0.6676,1333.2922,13675.9474,-6.5306,2437.8073,-171.1352,1.78E-213,0.7691,7.91E-05,8.07E-11,0.6955,1326.4539,0.6955,Mar 2021,1334.6143,Jan 2021
93042,"Rhythm ECG (limited, interpretation dependent)",8727.2102,26.2039,2395.8196,-88.6888,9.53E-256,0.1609,0.0005,0.0004,0.4188,1334.638,8937.6414,5.7768,2150.2523,-32.5676,2.12E-105,0.8876,0.0213,0.4616,0.3038,1348.7197,8670.4737,31.1152,2431.6901,-106.1617,6.70E-277,0.0513,5.01E-05,1.23E-06,0.4511,1330.1818,0.4511,Mar 2021,1348.7197,Jun 2020
93224,Holter monitor (24-48 hr ECG),3384.2372,-13.4834,738.9523,34.1209,1.07E-89,0.2096,0.024,0.007,0.427,1235.8765,3520.5172,-26.4975,493.2607,53.9828,6.41E-52,0.1823,0.2246,0.0094,0.4282,1235.7164,3369.3684,-12.2333,909.9401,27.8722,6.64E-102,0.16,0.0017,0.0127,0.4463,1233.2153,0.4463,Mar 2021,1235.8765,Jan 2021
93225,Holter monitor (24-48 hr ECG),2504.6351,7.5161,904.4249,-45.4509,2.29E-90,0.4625,0.0061,0.0002,0.3235,1214.0369,2712.0276,-12.4108,1176.6315,-13.9162,7.57E-52,0.4808,0.0028,0.4634,0.2986,1216.8478,2451.1781,12.0515,753.3804,-52.0023,2.02E-98,0.1684,0.0189,1.34E-05,0.311,1215.4623,0.3235,Jan 2021,1216.8478,Jun 2020
93226,Holter monitor (24-48 hr ECG),4360.8844,19.1955,853.8447,-76.0161,2.51E-125,0.1542,0.0391,9.82E-07,0.3775,1254.4173,4611.0207,-5.0089,1431.0031,-40.5919,7.09E-73,0.8398,0.0057,0.1198,0.3766,1254.5392,4338.3036,21.1344,755.0093,-81.7592,2.94E-145,0.0539,0.0563,1.00E-08,0.3853,1253.4366,0.3853,Mar 2021,1254.5392,Jun 2020
93227,Holter monitor (24-48 hr ECG),2297.7838,1.3266,934.8453,-26.6994,1.84E-78,0.883,0.0007,0.0088,0.3183,1190.8009,2478.9517,-16.0015,1022.1024,2.4295,1.30E-50,0.2761,0.0014,0.8807,0.2694,1196.2079,2250.6073,5.3043,865.0644,-33.7973,2.13E-85,0.4921,0.0005,0.0006,0.3173,1190.9122,0.3183,Jan 2021,1196.2079,Jun 2020
93241,continuous cardiac monitoring and detection,0,19.902,-29.8151,-9.9131,0,0.0027,0.0164,0.087,0.8463,445.1534,0,19.902,-29.8151,-9.9131,0,0.0027,0.0164,0.087,0.8463,445.1534,29,5.1266,-75.8654,5.1266,0,5.75E-26,4.23E-05,5.75E-26,0.854,446.7577,0.854,Mar 2021,446.7577,Mar 2021
93242,continuous cardiac monitoring and detection,0,-68.3858,186.3424,117.9566,0,0.0018,6.33E-06,1.29E-09,0.8625,587.018,0,-68.3858,186.3424,117.9566,0,0.0018,6.33E-06,1.29E-09,0.8625,587.018,220,213,-78.2692,-163.4649,0,0,0.2557,0,0.8632,594.2604,0.8632,Mar 2021,594.2604,Mar 2021
93243,continuous cardiac monitoring and detection,0,-692.4881,1483.4666,790.9786,0,5.44E-49,5.04E-63,9.47E-81,0.8497,649.0534,0,-692.4881,1483.4666,790.9786,0,5.44E-49,5.04E-63,9.47E-81,0.8497,649.0534,1910,309,209.1692,-212.5717,0,0,0.1632,1.48E-171,0.8523,655.785,0.8523,Mar 2021,655.785,Mar 2021
93244,continuous cardiac monitoring and detection,0,-65.8891,169.0342,103.1452,0,1.64E-05,4.14E-09,2.38E-14,0.7962,582.8961,0,-65.8891,169.0342,103.1452,0,1.64E-05,4.14E-09,2.38E-14,0.7962,582.8961,259,27,27.2885,10.1128,0,0,0.5843,0.0003,0.7963,590.3549,0.7963,Mar 2021,590.3549,Mar 2021
93246,continuous cardiac monitoring and detection,0,-129.9846,300.5532,170.5686,0,6.98E-10,2.82E-14,2.64E-20,0.8313,580.3343,0,-129.9846,300.5532,170.5686,0,6.98E-10,2.82E-14,2.64E-20,0.8313,580.3343,537,-22,-10.7308,62.8625,0,0,0.8733,2.22E-70,0.8317,587.71,0.8317,Mar 2021,587.71,Mar 2021
93247,continuous cardiac monitoring and detection,0,-857.305,1792.9227,935.6177,0,1.45E-76,1.11E-94,2.79E-117,0.8021,643.768,0,-857.305,1792.9227,935.6177,0,1.45E-76,1.11E-94,2.79E-117,0.8021,643.768,2277,327,272.5462,-251.2888,0,0,0.048,1.16E-259,0.8083,649.9099,0.8083,Mar 2021,649.9099,Mar 2021
93248,continuous cardiac monitoring and detection,0,-132.3011,310.3377,178.0366,0,8.35E-07,9.41E-10,9.46E-14,0.8057,597.6316,0,-132.3011,310.3377,178.0366,0,8.35E-07,9.41E-10,9.46E-14,0.8057,597.6316,554,28,-59.9308,18.1844,0,0,0.4867,5.58E-06,0.8062,604.999,0.8062,Mar 2021,604.999,Mar 2021
93303,complete transthoracic echocardiogram (TTE) for congenital cardiac anomalies,24302.1021,178.8434,7027.3868,-141.5846,2.04E-238,0.0151,0.0016,0.0843,0.7039,1518.0669,25842.5586,27.3222,8086.3008,86.4761,2.76E-82,0.847,0.006,0.5577,0.7038,1518.0843,23924.0972,210.9919,6498.3063,-194.7445,3.12E-284,0.0006,0.0017,0.0096,0.701,1518.8284,0.7039,Jan 2021,1518.8284,Mar 2021
93306,Echocardiogram,208951.1126,238.2936,52356.8437,96.74,1.50E-253,0.6765,0.0041,0.8854,0.5478,1841.8743,218152.2828,-670.0276,48474.4488,1568.239,1.63E-85,0.5642,0.0453,0.1968,0.5353,1843.9939,207275.2672,380.2829,56250.1634,-316.2693,0,0.4015,0.0005,0.5843,0.564,1839.029,0.564,Mar 2021,1843.9939,Jun 2020
93660,Tilt table test (with continuous monitoring),79.53,-1.362,-29.1945,2.4762,1.10E-09,0.0179,0.0223,0.0002,0.3497,754.6553,68.8828,-0.3118,-54.8073,1.1201,5.96E-08,0.7079,0.0004,0.1948,0.3833,750.5129,82.3036,-1.5968,-17.415,2.6769,5.00E-10,0.0032,0.2046,2.89E-05,0.3341,756.4948,0.3833,Jun 2020,756.4948,Mar 2021
94761,"Pulse oximetry (spot / overnight, sometimes used adjunctively)",20358.1997,-252.432,2904.203,255.0192,9.82E-241,4.15E-09,0.0347,7.08E-07,0.4754,1426.1717,20208.3448,-233.7635,-634.3788,276.7107,7.61E-101,0.0126,0.739,0.0049,0.4531,1429.4155,20280.2834,-245.7194,3748.8706,229.5409,1.46E-273,2.59E-12,0.0025,3.08E-07,0.4973,1422.8411,0.4973,Mar 2021,1429.4155,Jun 2020
94762,"Pulse oximetry (spot / overnight, sometimes used adjunctively)",4259.3363,-40.0319,110.926,43.456,8.40E-54,0.0132,0.7991,0.0157,0.2324,1260.0032,3803.2552,5.0975,-1364.9556,8.8433,3.83E-38,0.8685,0.0287,0.7801,0.3696,1244.6372,4308.4737,-44.1977,452.5267,42.0436,4.24E-55,0.001,0.2284,0.0044,0.2477,1258.4306,0.3696,Jun 2020,1260.0032,Jan 2021
95816,EEG (if syncope vs seizure differentiation is needed),8079.515,-15.1024,2265.2088,74.0185,4.29E-128,0.5515,0.0052,0.0155,0.5934,1371.0043,8388.2621,-45.0778,1455.2718,127.8392,5.36E-52,0.4051,0.1895,0.0239,0.5791,1373.7042,7991.7449,-7.6434,2524.6684,55.4113,6.00E-149,0.713,0.0008,0.0471,0.6024,1369.2569,0.6024,Mar 2021,1373.7042,Jun 2020
95885,Needle EMG,1518.0856,-8.4382,331.114,17.8212,1.75E-70,0.1721,0.0612,0.0105,0.3041,1143.0978,1628.0483,-19.2498,344.5724,30.2083,8.99E-52,0.0737,0.1176,0.0069,0.3414,1138.8061,1503.1012,-7.1435,372.6103,15.092,6.35E-78,0.1585,0.0262,0.0152,0.3078,1142.6787,0.3414,Jun 2020,1143.0978,Jan 2021
95886,Needle EMG,18269.2508,15.1968,6193.1824,43.9843,3.16E-129,0.8229,0.0029,0.58,0.5431,1514.8917,19868.2414,-142.266,6849.4263,254.9789,1.07E-71,0.2093,0.004,0.0338,0.5696,1510.233,17942.2996,42.9781,6148.8447,-4.9359,5.24E-146,0.4463,0.0016,0.9469,0.5419,1515.0914,0.5696,Jun 2020,1515.0914,Mar 2021
95907,Nerve conduction studies (depending on number of nerves tested),60.8288,-1.0712,-6.7769,0.7295,1.87E-06,0.0522,0.5076,0.2012,0.425,715.8466,66.4207,-1.6483,9.0397,1.0025,1.35E-06,0.0229,0.4385,0.1785,0.4262,715.6766,62.2713,-1.1925,-0.2767,0.7767,3.69E-07,0.0161,0.9778,0.1328,0.4226,716.1607,0.4262,Jun 2020,716.1607,Mar 2021
95908,Nerve conduction studies (depending on number of nerves tested),468.7462,-6.1077,115.6315,7.6188,1.76E-73,0.0016,0.047,0.0007,0.1973,957.3093,519.9586,-11.1128,143.3837,12.854,3.12E-64,7.34E-05,0.0132,9.80E-06,0.3065,945.8985,456.2024,-5.0465,102.5221,6.6183,7.27E-71,0.0032,0.0666,0.0037,0.1674,960.1583,0.3065,Jun 2020,960.1583,Mar 2021
95909,Nerve conduction studies (depending on number of nerves tested),944.967,-1.0775,369.2314,4.0936,1.93E-50,0.8276,0.0164,0.482,0.3637,1115.7185,1043.6,-10.8581,413.7516,16.8231,7.93E-39,0.19,0.0196,0.0534,0.3915,1112.2268,920.8785,0.9767,348.4761,1.1895,3.20E-52,0.8135,0.0204,0.8321,0.3549,1116.7898,0.3915,Jun 2020,1116.7898,Mar 2021
95910,Nerve conduction studies (depending on number of nerves tested),1895.3198,-12.7945,773.1288,12.3338,4.53E-91,0.0636,0.0004,0.1421,0.3374,1172.4608,2039.7379,-27.033,677.9541,34.19,8.69E-69,0.0196,0.0082,0.0063,0.331,1173.219,1858.5749,-9.6712,801.4206,6.145,2.81E-91,0.1039,0.0001,0.4456,0.3437,1171.7131,0.3437,Mar 2021,1173.219,Jun 2020
95911,Nerve conduction studies (depending on number of nerves tested),3376.2207,14.4255,986.9745,-4.0176,1.10E-113,0.2934,0.0241,0.8083,0.4984,1270.387,3666.4897,-14.3355,1254.3193,32.7278,5.78E-58,0.5324,0.0096,0.1792,0.5272,1265.7765,3339.4211,17.5562,1022.0038,-11.6905,3.84E-148,0.1072,0.0119,0.4428,0.5049,1269.3808,0.5272,Jun 2020,1270.387,Jan 2021
95912,Nerve conduction studies (depending on number of nerves tested),2215.8198,-17.204,335.5881,36.3344,9.58E-160,0.0034,0.0803,1.71E-06,0.4083,1160.1477,2313.8897,-26.9256,222.5378,46.9754,1.43E-87,0.0144,0.3326,4.92E-05,0.4275,1157.5726,2219.6154,-17.5069,504.8263,33.3236,3.65E-185,0.0002,0.0052,1.03E-06,0.4334,1156.7666,0.4334,Mar 2021,1160.1477,Jan 2021
95913,Nerve conduction studies (depending on number of nerves tested),1832.0195,4.0925,538.2505,4.7509,5.76E-71,0.592,0.0163,0.604,0.5344,1165.6084,2050.6621,-17.2813,783.3337,29.0977,9.13E-117,0.0254,5.86E-06,0.001,0.6077,1152.2399,1793.7045,7.3517,491.9565,0.5118,1.90E-72,0.2619,0.0259,0.9545,0.5244,1167.2574,0.6077,Jun 2020,1167.2574,Mar 2021
95921,Cardiovagal (heart rate variability with deep breathing),2191.021,-11.0901,681.9695,23.8795,2.37E-36,0.2443,0.0212,0.0287,0.3607,1219.8822,2172.7586,-9.3153,155.3164,31.5837,1.42E-21,0.6682,0.7299,0.1616,0.3163,1225.1127,2167.4575,-9.0816,775.6781,18.2748,1.14E-37,0.2468,0.0051,0.0585,0.3723,1218.4548,0.3723,Mar 2021,1225.1127,Jun 2020
95922,"Vasomotor adrenergic function (e.g., BP response to Valsalva or tilt)",104.4009,13.8485,-34.1049,-25.6013,0.0063,2.77E-14,0.5693,1.67E-26,0.6341,972.0718,123.2414,12.0517,165.2848,-23.4474,0.0006,1.76E-06,0.0104,2.65E-16,0.6247,974.0484,122.166,12.3495,-22.9626,-25.0195,0.0012,4.55E-11,0.7098,1.41E-22,0.624,974.1789,0.6341,Jan 2021,974.1789,Mar 2021
95923,Sudomotor function (QSART),4782.6006,-58.2073,1483.2415,48.1203,6.72E-97,3.98E-05,0.0001,0.0022,0.3199,1246.5346,5049.131,-84.502,1143.2864,88.0826,1.62E-80,0.0002,0.0145,0.0003,0.3132,1247.3001,4695.8947,-50.8592,1524.9755,35.9101,4.89E-95,5.99E-05,3.34E-05,0.0148,0.3099,1247.6711,0.3199,Jan 2021,1247.6711,Mar 2021
95924,Combined assessment of the autonomic nervous system,785.6126,-5.3541,16.7967,10.2635,1.28E-32,0.0687,0.7965,0.0022,0.1545,1008.7196,817.3655,-8.3365,24.0144,12.4703,5.27E-29,0.0472,0.7312,0.0041,0.1739,1006.9114,776.7409,-4.5991,4.4366,10.0253,1.08E-33,0.0848,0.9457,0.0018,0.1522,1008.9354,0.1739,Jun 2020,1008.9354,Mar 2021
95943,Quantitative autonomic function testing of parasympathetic and sympathetic functions,1109.6141,-23.1795,248.334,5.5894,1.20E-121,2.23E-19,0.0138,0.1485,0.8328,1027.4086,1174.9793,-29.5256,250.7915,13.9978,1.67E-164,1.48E-22,0.0027,8.44E-05,0.8418,1023.0808,1084.2308,-21.0352,202.5344,3.5566,7.90E-100,2.66E-15,0.0651,0.4282,0.8224,1032.0766,0.8418,Jun 2020,1032.0766,Mar 2021
95992,Neuropsychological testing (sometimes used depending on setup),60.1697,-0.3891,58.8818,2.391,3.45E-05,0.5798,0.0329,0.0568,0.4473,867.7942,57.9172,-0.1542,8.8286,2.9958,0.0014,0.9028,0.7643,0.0495,0.4217,871.3271,55.915,-0.0338,58.8168,1.8835,0.0002,0.9613,0.0272,0.1781,0.4419,868.5577,0.4473,Jan 2021,871.3271,Jun 2020
96110," Developmental screening, per standardized instrument, with scoring and documentation. ",249805.7162,1853.8067,97939.7545,-1576.4862,2.52E-148,0.0136,7.16E-05,0.0951,0.6924,1914.2029,267412.8276,116.3867,101092.3397,1290.2004,4.64E-89,0.9278,0.0006,0.3609,0.6769,1918.0442,245570.4049,2214.5187,96024.3202,-2321.8706,4.06E-152,0.0007,4.43E-05,0.0105,0.6968,1913.0904,0.6968,Mar 2021,1918.0442,Jun 2020
96111," Deleted; old code for developmental testing, per hour / extended developmental testing",8726.1607,-332.9219,2941.3664,333.7968,8.08E-18,6.13E-14,0.0005,5.28E-14,0.7596,1384.4532,10009.9724,-458.1113,2827.3693,458.9562,1.31E-36,2.82E-21,0.0015,2.42E-21,0.8469,1349.2793,8405.8016,-305.8371,2928.9623,306.646,2.58E-15,1.54E-12,0.0004,1.34E-12,0.7351,1392.0272,0.8469,Jun 2020,1392.0272,Mar 2021
96112," Developmental test administration, first hour. ",6506.84,114.177,2470.8345,-52.4718,7.45E-60,0.0037,0.0109,0.2425,0.6885,1188.3628,7079.0784,22.1225,2570.1036,73.5893,1.77E-20,0.8763,0.1335,0.6109,0.6665,1192.8628,6433.1966,123.732,2579.6466,-76.1316,5.15E-56,3.04E-06,0.0016,0.0285,0.6999,1185.8866,0.6999,Mar 2021,1192.8628,Jun 2020
96113," Developmental test administration, each additional 30 minutes. ",1160.56,16.4078,456.981,14.6634,8.99E-23,0.0692,0.0196,0.1935,0.7171,1007.9769,1251.549,0.8064,344.049,35.1312,1.62E-12,0.9716,0.1757,0.1312,0.711,1009.3996,1147.0085,18.1809,532.7855,10.0172,7.22E-25,0.0092,0.0046,0.3213,0.724,1006.361,0.724,Mar 2021,1009.3996,Jun 2020
96116," Neurobehavioral status exam, first hour. ",1722.6366,11.843,607.4187,5.5717,3.54E-38,0.1421,0.0128,0.5552,0.6345,1198.3788,1759.7241,9.0493,296.6236,17.5551,3.02E-30,0.5056,0.3243,0.2393,0.6103,1203.3899,1667.1903,16.5502,502.4381,0.7738,1.07E-33,0.0308,0.0461,0.9367,0.6221,1200.9748,0.6345,Jan 2021,1203.3899,Jun 2020
96121," Neurobehavioral status exam, each additional hour. ",529.3333,11.413,-77.1411,-15.9048,0.001,0.2195,0.3872,0.092,0.119,892.4374,492.5686,18.1127,-45.0919,-22.3158,0.0067,0.3176,0.788,0.2209,0.1212,892.2749,538.7521,10.2137,-94.4517,-14.4792,0.0006,0.2161,0.2506,0.0872,0.1166,892.6132,0.1212,Jun 2020,892.6132,Mar 2021
96125," Standardized cognitive performance testing, per hour. ",432.8769,-10.2342,130.3155,12.4516,2.11E-16,4.37E-06,0.0087,7.32E-06,0.2585,994.2579,461.0621,-12.9675,65.1449,15.9465,1.20E-14,2.17E-05,0.1341,1.56E-06,0.2721,992.8101,425.2874,-9.586,152.4235,11.2991,7.04E-17,2.23E-06,0.0032,2.91E-05,0.2586,994.2399,0.2721,Jun 2020,994.2579,Jan 2021
96127," Brief emotional/behavioral assessment, per standardized instrument, with scoring and documentation. ",156133.4369,4484.9607,35775.4166,-161.4194,9.58E-45,4.43E-06,0.2847,0.9002,0.7818,1956.6134,169681.6345,3121.9005,54919.4655,1389.6021,8.13E-22,0.0879,0.1603,0.4767,0.7877,1954.4982,156946.5385,4416.9353,46439.5389,-438.9236,1.31E-55,9.20E-09,0.1448,0.7102,0.7853,1955.3542,0.7877,Jun 2020,1956.6134,Jan 2021
96130," Psychological testing evaluation services, first hour. ",22469.7667,-440.5413,7924.2606,671.716,5.90E-15,0.0488,0.0281,0.0044,0.4283,1340.6107,24625.1765,-735.2426,2822.7595,1053.8291,3.28E-19,0.007,0.4084,0.0002,0.4369,1339.6053,21359.7607,-298.5747,6890.153,527.4566,1.48E-13,0.1317,0.0472,0.0162,0.3971,1344.1114,0.4369,Jun 2020,1344.1114,Mar 2021
96131," Psychological testing evaluation services, each additional hour. ",7710.7567,-67.7035,3533.3978,197.3315,9.68E-27,0.3371,0.0075,0.0082,0.7176,1197.5407,8450.2745,-168.4828,1529.6321,342.0446,1.13E-32,0.1213,0.2946,0.0026,0.7012,1201.2818,7335.9145,-19.6178,3287.3222,142.3121,4.00E-24,0.7425,0.0079,0.0361,0.7045,1200.5336,0.7176,Jan 2021,1201.2818,Jun 2020
96132," Neuropsychological testing evaluation services, first hour. ",3461.5667,6.8348,396.447,113.0999,7.57E-55,0.6657,0.1879,7.99E-11,0.8954,1056.8861,3554.7647,-7.5882,-254.7611,127.3874,3.52E-28,0.8679,0.6176,0.0055,0.8957,1056.7323,3450.735,8.2797,696.462,107.9721,9.66E-59,0.4998,0.0128,2.02E-13,0.8976,1055.4884,0.8976,Mar 2021,1056.8861,Jan 2021
96133," Neuropsychological testing evaluation services, each additional hour. ",2355.14,-21.9035,85.8107,89.7128,1.57E-51,0.0424,0.6939,1.10E-11,0.7532,1029.4885,2408.1961,-29.7525,-359.1645,94.325,3.17E-25,0.3497,0.3092,0.0034,0.7514,1029.9711,2341.1966,-20.1203,258.112,87.0557,8.79E-56,0.0183,0.224,8.22E-13,0.7535,1029.4271,0.7535,Mar 2021,1029.9711,Jun 2020
96136, Psychological or neuropsychological test administration and scoring first 30 minutes. ,7971.95,-11.3109,2533.1419,179.0589,1.57E-61,0.7885,0.0042,0.0003,0.7983,1183.3005,8671.6078,-118.2745,1436.7945,310.9704,9.64E-35,0.1836,0.1526,0.0007,0.7981,1183.3618,7671.2222,27.2191,2323.253,137.016,1.43E-54,0.492,0.0103,0.0076,0.79,1185.9469,0.7983,Jan 2021,1185.9469,Mar 2021
96137, Psychological or neuropsychological test administration and scoring each additional 30 minutes. ,5409.7433,-18.5683,2714.7785,111.2571,9.26E-77,0.5487,1.49E-05,0.0013,0.8179,1129.0401,5923.8824,-95.7868,1536.114,221.1566,2.59E-48,0.0945,0.0384,0.0003,0.7914,1138.0042,5197.4786,8.7371,2720.1286,74.5368,2.67E-66,0.7537,4.09E-06,0.0246,0.8168,1129.4562,0.8179,Jan 2021,1138.0042,Jun 2020
96138," Psychological or neuropsychological test administration and scoring by technician, first 30 minutes. ",6446.0233,49.4726,-1081.6634,54.2044,1.42E-60,0.0826,0.0092,0.0709,0.7141,1091.6172,5995.5686,118.2745,-1569.3664,-30.5587,2.74E-64,0.0053,0.0048,0.4699,0.7021,1094.3372,6632.5556,25.8325,-483.0483,74.6776,4.68E-55,0.3623,0.2953,0.0122,0.699,1095.0043,0.7141,Jan 2021,1095.0043,Mar 2021
96139," Psychological or neuropsychological test administration and scoring by technician, each additional 30 minutes. ",2136.5967,-17.2004,207.1817,73.4927,1.01E-65,0.218,0.4789,4.01E-06,0.7058,1029.2421,2474.1765,-70.6029,325.5318,123.5776,1.73E-34,0.0092,0.2791,8.24E-06,0.7354,1022.259,2096.2308,-11.9938,263.0308,68.3419,3.55E-69,0.241,0.3272,4.49E-07,0.7036,1029.7381,0.7354,Jun 2020,1029.7381,Mar 2021
96146, Psychological or neuropsychological test administration with single automated standardized instrument via electronic platform,1701.6667,-65.2935,383.5618,59.7208,2.11E-37,2.18E-11,0.0039,6.48E-09,0.7832,897.5076,1858.902,-89.8333,143.286,85.9404,1.09E-56,2.33E-13,0.2564,4.51E-12,0.8222,884.4168,1615.1795,-54.1436,264.5333,50.3022,3.00E-26,9.73E-07,0.108,1.16E-05,0.7335,911.1345,0.8222,Jun 2020,911.1345,Mar 2021
