HCPCS_CODE,Description,B0_const_Jan2021,B1_time_Jan2021,B2_level_Jan2021,B3_slope_Jan2021,p_const_Jan2021,p_time_Jan2021,p_level_Jan2021,p_slope_Jan2021,R_squared_Jan2021,BIC_Jan2021,B0_const_Jun2020,B1_time_Jun2020,B2_level_Jun2020,B3_slope_Jun2020,p_const_Jun2020,p_time_Jun2020,p_level_Jun2020,p_slope_Jun2020,R_squared_Jun2020,BIC_Jun2020,B0_const_Mar2021,B1_time_Mar2021,B2_level_Mar2021,B3_slope_Mar2021,p_const_Mar2021,p_time_Mar2021,p_level_Mar2021,p_slope_Mar2021,R_squared_Mar2021,BIC_Mar2021,N_obs,BIC_min,Best_Intervention_BIC,R_squared_max,Best_Intervention_R_squared,Agreement
11102,"Tangential skin biopsy, single lesion",8174.3942,4.9512,2327.8391,28.1323,8.77E-64,0.8807,0.0017,0.5152,0.4342,1133.2522,8027.3143,35.1055,578.9927,33.2604,1.62E-55,0.6598,0.6036,0.6900,0.3719,1139.8371,8206.2825,0.5268,3017.0476,11.9183,7.94E-68,0.9844,4.47E-06,0.7400,0.4854,1127.2816,63,1127.2816,Mar2021,0.4854,Mar2021,Agree
11103,"Tangential skin biopsy, each additional lesion",829.4596,2.2396,230.4035,0.9866,2.62E-26,0.6286,0.0158,0.8657,0.3257,878.7108,724.7429,21.9956,-130.0985,-14.6512,7.71E-51,0.0207,0.3767,0.1411,0.2893,882.0228,839.1834,0.8564,323.6960,-0.1070,8.20E-27,0.8353,0.0003,0.9834,0.3736,874.0698,63,874.0698,Mar2021,0.3736,Mar2021,Agree
11104,"Punch skin biopsy, single lesion",1324.6106,-8.4105,75.6030,7.8851,1.22E-130,0.0177,0.4763,0.0972,0.0324,872.8529,1269.3429,2.8923,-152.5739,-2.0264,2.60E-60,0.8205,0.3581,0.8744,0.0413,872.2720,1324.8502,-8.4163,109.1295,7.2286,1.13E-133,0.0029,0.3443,0.1202,0.0385,872.4544,63,872.2720,Jun2020,0.0413,Jun2020,Agree
11105,"Punch skin biopsy, each additional lesion",333.8231,-3.4168,-125.7485,2.8925,1.09E-21,0.1416,0.0018,0.2282,0.6615,713.3684,243.3143,13.9077,-286.3501,-15.7696,5.03E-21,2.93E-05,3.88E-11,3.08E-06,0.7461,695.2542,346.0565,-5.1332,-93.9608,4.7837,3.46E-20,0.0191,0.0214,0.0327,0.6432,716.6720,63,695.2542,Jun2020,0.7461,Jun2020,Agree
11106,"Incisional skin biopsy, single lesion",184.1221,10.6772,61.3821,-14.4185,3.60E-17,7.39E-09,0.3925,1.87E-05,0.2203,823.2058,205.0571,6.0571,171.2046,-8.5287,5.39E-19,0.0192,0.0008,0.0077,0.2161,823.5463,200.0553,8.4562,107.4058,-13.5094,8.09E-21,3.82E-05,0.1723,0.0003,0.2460,821.0995,63,821.0995,Mar2021,0.2460,Mar2021,Agree
11107,"Incisional skin biopsy, each additional lesion",51.7046,-0.6528,70.5862,-0.4320,3.02E-08,0.3122,0.0188,0.7350,0.1317,701.5541,37.9714,2.1253,0.6874,-1.9820,1.31E-06,0.1127,0.9777,0.2237,0.0346,708.2350,53.9848,-0.9737,94.2167,-0.8096,3.00E-08,0.0911,0.0025,0.5322,0.2148,695.2159,57,695.2159,Mar2021,0.2148,Mar2021,Agree
23500,Closed treatment of clavicular fracture; without manipulation,14.1141,-0.2983,11.7375,1.0400,0.0011,0.1197,0.0833,0.0007,0.4471,631.6581,10.0855,0.1224,-10.0686,0.8150,0.0704,0.7512,0.2086,0.0528,0.4389,632.7691,13.8212,-0.2729,15.4183,0.9306,0.0010,0.1085,0.0271,0.0027,0.4557,630.4846,53,630.4846,Mar2021,0.4557,Mar2021,Agree
25600,Closed treatment of distal radius fracture; without manipulation,601.4058,-3.9552,223.1322,4.8793,8.35E-12,0.3081,0.1109,0.4523,0.0915,1076.0480,518.8632,4.3648,-107.0441,0.7367,4.66E-08,0.5412,0.5215,0.9265,0.0635,1078.3237,626.8075,-6.2335,396.4605,3.2578,2.84E-12,0.0941,0.0011,0.5767,0.1658,1069.6505,75,1069.6505,Mar2021,0.1658,Mar2021,Agree
25605,Closed treatment of a distal radial fracture with manipulation ,59.8423,0.1370,60.4527,-0.5476,0.0004,0.8608,0.0517,0.6917,0.1698,844.3235,50.2222,1.0438,14.1877,-0.4724,0.0069,0.4181,0.6694,0.7543,0.1188,848.8003,63.9979,-0.2346,90.6096,-0.9826,0.0001,0.7450,0.0008,0.4278,0.2394,837.7575,72,837.7575,Mar2021,0.2394,Mar2021,Agree
27447,Total knee replacement (arthroplasty),51.3632,0.5774,86.0676,5.5389,4.38E-07,0.2461,0.0024,0.0001,0.7489,873.7999,64.0684,-0.7624,44.5414,7.6703,2.82E-10,0.1951,0.0481,1.10E-10,0.7434,875.4433,51.2138,0.5909,116.4204,4.7947,1.03E-07,0.1605,1.38E-05,0.0008,0.7621,869.7680,75,869.7680,Mar2021,0.7621,Mar2021,Agree
27786,Closed treatment of distal fibular fracture; without manipulation,67.1162,-1.1873,13.4025,1.9941,5.48E-07,0.0573,0.3899,0.0079,0.1243,747.5278,48.1282,0.7682,-50.2783,0.4386,0.0003,0.3656,0.0022,0.6278,0.1918,741.5169,67.4867,-1.2203,22.4995,1.8686,1.57E-07,0.0213,0.1254,0.0070,0.1358,746.5387,67,741.5169,Jun2020,0.1918,Jun2020,Agree
28470,Closed treatment of metatarsal fracture; without manipulation,25.3404,0.2072,3.6785,0.7602,0.0002,0.6242,0.7592,0.1667,0.3426,700.5561,13.8376,1.3638,-28.3800,-0.2327,0.1058,0.0308,0.0306,0.7369,0.3767,696.5656,26.8881,0.0690,13.1359,0.7358,3.60E-05,0.8414,0.2263,0.1327,0.3534,699.3123,67,696.5656,Jun2020,0.3767,Jun2020,Agree
29826,Arthroscopic shoulder surgical procedure for subacromial decompression,11.7408,1.1230,22.9653,-2.6929,0.1551,0.0296,0.2407,0.0002,0.2228,748.2717,18.6752,0.3860,43.8310,-1.6173,0.0107,0.4005,0.0055,0.0070,0.2198,748.5619,5.2549,1.7043,-7.6681,-2.8931,0.5678,0.0022,0.6920,0.0003,0.2084,749.6502,59,748.2717,Jan2021,0.2228,Jan2021,Agree
29827,Arthroscopic shoulder rotator cuff repair,1.7920,0.7375,2.3087,-1.1630,0.7659,0.0207,0.8445,0.0138,0.1137,680.4167,8.5470,0.0301,24.4907,-0.4841,0.1640,0.9388,0.0066,0.2915,0.1507,677.2196,1.6279,0.7508,-0.4629,-1.1726,0.7744,0.0052,0.9688,0.0181,0.1144,680.3626,44,677.2196,Jun2020,0.1507,Jun2020,Agree
62270,lumbar puncture,399.2085,-9.0235,-25.2584,7.7683,3.30E-26,1.12E-07,0.4242,6.02E-06,0.8282,836.8620,362.1880,-5.1289,-148.9439,3.7949,1.33E-18,0.1066,0.0081,0.2343,0.8566,823.3158,401.7734,-9.2541,-0.9398,7.8941,5.48E-28,3.55E-10,0.9724,1.19E-07,0.8277,837.0987,67,823.3158,Jun2020,0.8566,Jun2020,Agree
71250,CT Chest,24488.1426,307.8293,2343.3169,-69.2594,4.71E-276,2.97E-24,0.1293,0.2579,0.7771,1468.4751,24263.1624,329.4209,1058.5741,-50.7829,6.71E-183,4.41E-08,0.4831,0.4789,0.7718,1470.2471,24707.8131,288.4285,3632.1200,-84.3816,2.51E-287,3.35E-22,0.0367,0.1694,0.7851,1465.7366,75,1465.7366,Mar2021,0.7851,Mar2021,Agree
71260,CT Chest,38112.6217,363.2614,6075.3912,-346.9598,3.46E-278,1.23E-13,0.0063,9.53E-05,0.6664,1505.6352,39469.2906,218.4044,8413.5788,-121.5363,0.0000,0.0007,4.24E-05,0.1648,0.6577,1507.5818,38128.1603,362.4235,6554.6949,-389.0770,1.05E-291,1.43E-15,0.0043,6.04E-06,0.6795,1502.6315,75,1502.6315,Mar2021,0.6795,Mar2021,Agree
75561,cardiovascular magnetic resonance imaging,94.4554,3.1238,68.8477,2.2541,1.91E-09,0.0004,0.0434,0.1662,0.7326,886.2110,116.5214,0.9214,70.0426,5.1229,5.68E-11,0.4450,0.0189,0.0018,0.7363,885.1690,94.1606,3.1485,87.5250,1.6780,1.75E-10,7.78E-06,0.0046,0.3095,0.7393,884.3200,75,884.3200,Mar2021,0.7393,Mar2021,Agree
75565,Cardiac MRI,122.5028,0.8040,18.5306,2.7194,4.44E-20,0.2264,0.5033,0.0113,0.5393,840.0061,127.1709,0.3709,2.5575,3.2849,3.37E-15,0.7801,0.9343,0.0234,0.5418,839.6082,122.9612,0.7610,31.0655,2.5397,2.31E-21,0.1608,0.2636,0.0255,0.5426,839.4788,75,839.4788,Mar2021,0.5426,Mar2021,Agree
75574,Cardiac CTA,261.5799,16.4551,-4.0632,37.4710,1.48E-36,2.32E-41,0.9629,3.28E-21,0.9313,1051.6651,232.2051,19.6113,-283.0047,33.0724,9.57E-29,3.12E-35,3.76E-05,1.71E-25,0.9314,1051.6248,270.4415,15.6665,121.0874,37.1487,1.99E-37,3.87E-46,0.2029,1.05E-18,0.9320,1050.9615,75,1050.9615,Mar2021,0.9320,Mar2021,Agree
76700,abdominal ultrasound,58547.7546,-74.0162,9208.0720,43.4770,0.0000,0.3184,0.0025,0.7299,0.2449,1543.5971,57268.2650,63.4619,736.7845,68.6915,0.0000,0.5183,0.8191,0.6012,0.1512,1552.3694,58793.2108,-95.9411,12354.2954,-27.4606,0.0000,0.1288,5.43E-06,0.7932,0.3268,1534.9848,75,1534.9848,Mar2021,0.3268,Mar2021,Agree
80061,"Lipid Panel (Total, HDL, Triglycerides, and calculated LDL)",965901.8729,6189.0459,193622.0656,-1635.1432,2.22E-262,1.83E-05,0.0004,0.5066,0.7306,1993.3238,976356.5385,5068.4646,130311.3962,2253.5286,1.85E-238,0.0310,0.0495,0.4341,0.7025,2000.7802,959441.5380,6767.3652,201738.2948,-3194.2236,3.21E-267,3.84E-08,0.0003,0.1981,0.7374,1991.4097,75,1991.4097,Mar2021,0.7374,Mar2021,Agree
81025,"qualitative urine pregnancy test (hCG) performed by visual color comparison, such as a dipstick or test strip",489552.6134,-259.9913,58532.9578,641.4922,0.0000,0.5928,0.0022,0.4726,0.3343,1833.0322,473364.8291,1452.9337,-17414.2347,81.5234,0.0000,0.0300,0.3815,0.9339,0.2702,1839.9322,490414.3661,-334.1074,75879.8006,188.2871,0.0000,0.4006,5.93E-06,0.8113,0.3852,1827.0669,75,1827.0669,Mar2021,0.3852,Mar2021,Agree
81240,Prothrombin gene mutation,1566.5837,-19.7491,362.2740,14.5843,5.89E-306,2.46E-19,6.61E-07,4.28E-06,0.5016,985.7747,1526.2051,-15.3026,-20.1645,15.8439,9.72E-206,0.0001,0.8548,0.0006,0.3791,1002.2671,1553.2004,-18.5531,412.7481,11.4441,0.0000,4.60E-20,2.49E-10,8.69E-05,0.5345,980.6563,75,1002.2671,Jun2020,0.5345,Mar2021,Disagree
81241,Factor V Leiden,1889.8671,-16.9246,515.7372,8.2179,9.04E-293,3.53E-11,2.04E-09,0.0312,0.3457,1020.7796,1840.7179,-11.6297,70.3307,11.3062,1.23E-207,0.0149,0.6214,0.0484,0.1003,1044.6705,1869.4457,-15.1023,552.7645,3.8753,6.66E-292,2.45E-09,7.53E-13,0.2733,0.3867,1015.9267,75,1015.9267,Mar2021,0.3867,Mar2021,Agree
82465,"Total cholesterol, serum",48310.2443,-15.4755,6078.9634,-205.6570,2.15E-138,0.8836,0.0944,0.1705,0.0864,1552.5370,47877.0598,26.2906,3169.9412,-143.0781,1.02E-121,0.8748,0.4449,0.4408,0.0381,1556.4075,48643.6719,-45.3352,8389.9048,-248.4696,3.50E-147,0.6180,0.0195,0.0659,0.1368,1548.2802,75,1548.2802,Mar2021,0.1368,Mar2021,Agree
82542,Prostaglandin D2 (lab-dependent methodology),13762.3555,-88.4185,-1177.5481,94.2758,5.58E-118,0.0387,0.3431,0.0415,0.4567,1336.3773,11835.0085,114.1101,-6006.1292,-95.7249,7.40E-114,0.0004,1.13E-21,0.0056,0.7533,1277.1685,13799.1056,-91.6812,-1046.6172,102.8246,5.77E-137,0.0054,0.3415,0.0080,0.4593,1336.0201,75,1277.1685,Jun2020,0.7533,Jun2020,Agree
82570,Creatinine (needed for normalization),232050.8821,203.9707,17100.6687,2075.9396,0.0000,0.4867,0.1178,2.43E-05,0.7101,1753.8997,234063.5897,-14.7887,2705.0454,2406.9520,1.61E-236,0.9798,0.8353,0.0002,0.7075,1754.5825,230462.5184,346.4564,18341.8271,1904.7714,0.0000,0.1830,0.1045,0.0003,0.7079,1754.4760,75,1753.8997,Jan2021,0.7101,Jan2021,Agree
82785,IgE (total),24121.3718,33.1817,3254.2667,228.9647,2.68E-82,0.5636,0.0735,0.0122,0.6118,1481.9200,22074.4017,245.2756,-4705.6530,87.9965,1.73E-72,0.0037,0.0239,0.3832,0.6170,1480.8994,24314.3873,15.8721,5344.9989,202.1180,9.02E-85,0.7496,0.0015,0.0143,0.6322,1477.8640,75,1477.8640,Mar2021,0.6322,Mar2021,Agree
83497,5-HIAA (sometimes used in differential),1166.6953,-21.5318,-210.1575,20.4012,1.24E-32,1.27E-06,0.0111,3.74E-05,0.8467,979.1220,1268.4530,-31.9962,34.6662,25.1775,2.55E-32,1.39E-07,0.7184,9.71E-05,0.8212,990.6331,1164.0369,-21.2947,-219.2184,21.7939,8.41E-36,3.43E-08,0.0028,2.15E-07,0.8563,974.2432,75,974.2432,Mar2021,0.8563,Mar2021,Agree
83520,Tryptase,14083.3433,738.7244,4139.7967,-972.7860,1.08E-98,2.05E-155,0.0025,6.57E-66,0.8962,1423.4129,13745.8547,773.5655,6401.2917,-893.6422,3.88E-81,7.64E-64,0.0004,6.77E-36,0.8580,1446.9148,14228.4982,725.8594,3399.0992,-992.4556,4.80E-102,2.90E-177,0.0100,1.62E-78,0.9025,1418.7359,75,1418.7359,Mar2021,0.9025,Mar2021,Agree
83721,"Lipoprotein, direct measurement; high-density cholesterol (HDL)",28361.4420,0.9661,3742.1227,64.9630,1.39E-295,0.9801,0.0273,0.4037,0.3631,1453.9521,28546.6496,-17.6889,1876.9403,134.2695,4.71E-265,0.7948,0.3260,0.1065,0.3340,1457.3073,28235.5686,12.1899,4123.8024,33.5652,9.26E-305,0.7079,0.0152,0.6844,0.3723,1452.8621,75,1452.8621,Mar2021,0.3723,Mar2021,Agree
84478,Triglycerides,29401.7545,-22.7612,7494.3439,-58.8215,0.0000,0.4183,0.0003,0.4196,0.3240,1473.0775,29216.3248,-2.8937,3430.3869,40.3363,0.0000,0.9598,0.1218,0.6132,0.1893,1486.7009,29230.0604,-7.3249,8162.5702,-118.3949,0.0000,0.7657,0.0001,0.1135,0.3648,1468.4053,75,1468.4053,Mar2021,0.3648,Mar2021,Agree
85025,CBC,2851183.8966,7734.0244,416507.7908,-1113.2767,0.0000,0.0017,3.31E-05,0.8107,0.7122,2080.0274,2783615.6923,14758.5938,38782.8356,-710.6099,0.0000,0.0006,0.7565,0.9005,0.6520,2094.2534,2851953.5003,7676.7709,503974.8885,-4343.1495,0.0000,0.0002,1.31E-09,0.2577,0.7439,2071.2614,75,2071.2614,Mar2021,0.7439,Mar2021,Agree
85240,Clotting factors (selective use),1511.8357,34.2394,643.3050,-10.1107,4.62E-111,3.12E-19,0.0002,0.1599,0.8571,1123.5496,1499.3419,35.8157,315.5525,-1.0141,1.07E-89,6.30E-08,0.1424,0.9064,0.8335,1135.0150,1493.1389,35.9198,671.0041,-15.1943,7.09E-115,2.63E-29,6.70E-05,0.0320,0.8621,1120.8571,75,1120.8571,Mar2021,0.8621,Mar2021,Agree
85244,Clotting factors (selective use),70.8546,0.9304,4.8572,1.3236,4.02E-20,0.0046,0.6643,0.0043,0.7346,710.7809,73.2564,0.6964,0.1880,1.5458,5.95E-18,0.1791,0.9862,0.0061,0.7361,710.3466,69.3704,1.0628,2.3421,1.2563,1.62E-19,0.0004,0.8422,0.0114,0.7334,711.1118,75,710.3466,Jun2020,0.7361,Jun2020,Agree
85245,Clotting factors (selective use),999.8153,26.2789,551.7335,-9.7395,4.57E-101,3.12E-22,2.34E-05,0.0776,0.8624,1081.1974,999.3932,26.5501,302.6560,-0.9902,6.93E-89,1.47E-09,0.0569,0.8768,0.8337,1095.4251,984.8660,27.6153,578.9003,-14.0997,2.17E-102,1.70E-32,2.53E-06,0.0085,0.8694,1077.3192,75,1077.3192,Mar2021,0.8694,Mar2021,Agree
85246,Clotting factors (selective use),1350.6499,29.2178,598.9768,-8.5937,3.14E-145,3.61E-20,8.41E-05,0.1836,0.8598,1102.4067,1315.0427,33.1320,232.7469,-2.2648,1.72E-132,2.29E-10,0.2148,0.7605,0.8320,1115.9888,1333.3017,30.7724,627.5421,-13.3491,5.31E-153,5.82E-31,2.27E-05,0.0359,0.8657,1099.2243,75,1099.2243,Mar2021,0.8657,Mar2021,Agree
85247,Clotting factors (selective use),278.1806,8.4992,161.6751,-4.3294,9.25E-81,4.34E-22,0.0004,0.0152,0.8103,926.0934,285.3675,7.8260,114.3213,-1.0554,4.50E-81,3.62E-08,0.0252,0.6112,0.7843,935.7223,273.2671,8.9416,163.4182,-5.5854,3.43E-83,3.12E-33,0.0003,0.0021,0.8154,924.0359,75,924.0359,Mar2021,0.8154,Mar2021,Agree
85250,Clotting factors (selective use),59.5003,2.1284,-2.1905,2.1720,2.09E-39,1.03E-22,0.8561,8.50E-05,0.8136,770.3065,57.7009,2.3193,-17.4529,1.8788,1.11E-26,1.84E-08,0.1214,0.0009,0.8134,770.3882,61.0371,1.9915,9.2012,2.1781,3.99E-43,1.80E-22,0.4977,0.0002,0.8142,770.0646,75,770.0646,Mar2021,0.8142,Mar2021,Agree
85260,Clotting factors (selective use),13.1503,0.2404,3.0600,-0.6964,0.0048,0.4268,0.6524,0.0346,0.1630,554.3992,4.6166,1.2400,-13.1005,-1.5375,0.3251,0.0004,0.0225,2.34E-05,0.2546,546.1703,14.5401,0.1001,8.0445,-0.6727,0.0015,0.6924,0.1912,0.0113,0.1921,551.8876,51,546.1703,Jun2020,0.2546,Jun2020,Agree
85270,Clotting factors (selective use),38.6334,2.7342,-12.9381,-1.5266,8.06E-13,2.26E-18,0.2063,0.0007,0.6890,717.0610,47.4017,1.7863,26.1144,-0.8893,2.73E-29,4.05E-09,0.0016,0.0373,0.6987,714.6902,41.4458,2.4830,-6.6227,-1.3826,1.96E-15,3.34E-14,0.5665,0.0032,0.6836,718.3568,75,714.6902,Jun2020,0.6987,Jun2020,Agree
85300,Antithrombin III,584.3611,11.6577,275.8803,-14.8028,1.99E-145,1.64E-13,4.39E-08,7.02E-12,0.7965,941.1217,604.2393,9.5562,264.2574,-8.2277,4.97E-139,9.02E-05,0.0004,0.0055,0.7300,962.3449,571.5072,12.8091,242.0606,-16.9056,5.10E-130,7.48E-20,8.70E-07,2.06E-16,0.7981,940.5234,75,940.5234,Mar2021,0.7981,Mar2021,Agree
85303,Protein C / S,659.4349,11.5567,242.6984,-15.0684,7.84E-165,6.94E-14,4.35E-06,2.73E-11,0.7567,944.9658,677.9573,9.5573,248.8271,-9.1042,1.09E-178,1.77E-05,0.0005,0.0010,0.6983,961.1109,645.4633,12.8035,196.8260,-16.9288,4.32E-139,3.90E-18,0.0003,1.05E-12,0.7528,946.1431,75,944.9658,Jan2021,0.7567,Jan2021,Agree
85305,Protein C / S,283.9063,7.3863,90.9382,-10.5728,8.70E-47,5.61E-16,0.0003,3.62E-20,0.6943,856.3020,300.1282,5.7036,140.7708,-7.2859,1.45E-50,0.0005,0.0004,4.15E-05,0.6584,864.6357,277.3940,7.9714,56.1297,-11.2124,7.23E-41,4.42E-19,0.0324,7.78E-20,0.6873,858.0130,75,856.3020,Jan2021,0.6943,Jan2021,Agree
85306,Protein C / S,765.6048,14.2023,253.8619,-17.5311,2.32E-271,1.50E-27,5.29E-07,2.85E-16,0.7758,960.8206,784.6496,12.2065,265.0048,-11.2248,3.40E-220,1.61E-06,0.0006,0.0003,0.7232,976.6230,747.6617,15.8084,186.2804,-19.4720,4.41E-180,1.22E-25,0.0010,7.65E-15,0.7672,963.6398,75,960.8206,Jan2021,0.7758,Jan2021,Agree
85379,D-dimer,33422.3883,1076.8674,18259.5092,-1773.0110,1.18E-35,2.61E-08,0.0005,1.46E-14,0.7867,1575.0710,39755.7350,430.0674,33332.3383,-859.1555,0.0000,2.04E-12,2.83E-13,3.06E-09,0.7703,1580.6434,31717.9607,1231.3656,10099.5406,-1904.5400,1.76E-24,7.12E-09,0.1113,1.03E-15,0.7612,1583.5443,75,1575.0710,Jan2021,0.7867,Jan2021,Agree
85384,Fibrinogen,4216.0007,235.3952,959.5010,-296.7829,2.86E-35,1.34E-27,0.1084,3.89E-31,0.8690,1268.4289,4999.2650,153.9234,4008.1956,-199.8218,3.33E-68,1.75E-16,3.91E-17,4.07E-19,0.8872,1257.2555,4174.9968,239.3282,256.5384,-300.4563,9.68E-34,7.41E-31,0.6906,3.07E-36,0.8665,1269.8703,75,1257.2555,Jun2020,0.8872,Jun2020,Agree
85390,Coagulation interpretation/report,619.6519,47.8606,1144.9368,-53.1927,7.87E-08,1.66E-08,3.58E-08,5.37E-09,0.9246,1079.0483,943.4530,14.9145,1596.8687,-5.0684,2.83E-189,2.37E-09,8.82E-16,0.4652,0.9075,1094.3288,525.5337,56.3414,833.4093,-62.1998,0.0001,1.07E-09,0.0006,2.43E-10,0.9055,1095.9497,75,1079.0483,Jan2021,0.9246,Jan2021,Agree
85576,Platelet function assay (PFA-100/200),622.6462,11.8373,115.6698,-8.6458,1.05E-39,2.02E-05,0.2432,0.0423,0.5496,1022.4795,710.3333,2.7610,317.7125,1.1652,4.44E-79,0.3570,0.0003,0.7653,0.5789,1017.4429,630.2457,11.1759,151.8273,-9.3408,6.71E-43,3.28E-06,0.1149,0.0223,0.5595,1020.8114,75,1017.4429,Jun2020,0.5789,Jun2020,Agree
85597,Platelet aggregation studies,355.4418,4.2849,161.8218,-1.8352,9.13E-159,7.92E-08,0.0001,0.2431,0.7433,902.1343,375.1111,2.2219,137.9671,2.3934,1.99E-179,0.0489,0.0018,0.1515,0.7132,910.4475,342.3679,5.4568,132.8040,-3.1908,1.96E-104,1.66E-08,0.0041,0.0996,0.7312,905.5773,75,902.1343,Jan2021,0.7433,Jan2021,Agree
85610,PT/INR,438265.5184,132.2220,18839.2508,-1793.7156,0.0000,0.6122,0.1403,0.0003,0.2960,1753.7081,432513.6239,737.8978,3925.5061,-1925.8930,0.0000,0.1209,0.7640,0.0009,0.2559,1757.8629,438750.1299,90.2387,20667.8623,-1913.2459,0.0000,0.6930,0.1440,0.0002,0.3098,1752.2291,75,1752.2291,Mar2021,0.3098,Mar2021,Agree
85652,ESR,127089.5807,966.7866,28007.1930,-678.8063,0.0000,1.71E-14,1.28E-07,0.0057,0.7870,1661.3223,126145.0684,1065.2284,14787.4197,-308.6139,0.0000,2.21E-05,0.0587,0.3557,0.7337,1678.0903,126257.9220,1041.5349,28580.3700,-897.4574,0.0000,1.77E-18,1.60E-08,0.0002,0.7972,1657.6609,75,1657.6609,Mar2021,0.7972,Mar2021,Agree
85730,aPTT,186325.1753,1478.7745,6297.0496,-2231.8476,0.0000,7.37E-17,0.4357,1.36E-12,0.5007,1672.1637,181799.3846,1941.9785,4249.5782,-2427.0688,0.0000,1.23E-13,0.5780,1.77E-13,0.4817,1674.9694,187267.1502,1395.2134,6598.2958,-2245.4838,0.0000,1.39E-18,0.4639,5.56E-12,0.5070,1671.2140,75,1671.2140,Mar2021,0.5070,Mar2021,Agree
86038,ANA,62404.9172,226.6662,12382.4925,-63.3002,0.0000,0.0046,0.0002,0.6646,0.6371,1572.2231,62575.9829,208.6660,6749.6578,140.3576,1.57E-281,0.1376,0.0991,0.4241,0.5897,1581.4416,62051.3255,258.2357,13275.8996,-163.2416,0.0000,0.0002,3.70E-05,0.2593,0.6504,1569.4331,75,1569.4331,Mar2021,0.6504,Mar2021,Agree
86140,CRP,142410.7339,2107.1289,36591.4760,-1945.9488,0.0000,8.44E-43,3.69E-11,2.57E-13,0.8819,1675.2270,144540.0171,1889.0171,33186.7160,-1117.4468,2.64E-269,5.41E-12,0.0002,0.0033,0.8407,1697.6715,141166.6508,2220.3862,33983.6057,-2216.2507,1.35E-278,1.35E-36,1.32E-09,4.78E-16,0.8863,1672.3668,75,1672.3668,Mar2021,0.8863,Mar2021,Agree
86146,Anticardiolipin antibodies (IgG/IgM),2450.3724,79.7044,1132.8857,-26.2396,4.63E-89,5.47E-35,2.06E-05,0.0292,0.9001,1205.2975,2526.2308,71.8431,874.2626,-1.3638,5.28E-67,3.71E-08,0.0149,0.9316,0.8861,1215.1640,2402.0431,84.0555,1091.1782,-35.1822,3.67E-80,3.67E-44,9.56E-05,0.0065,0.9014,1204.3391,75,1204.3391,Mar2021,0.9014,Mar2021,Agree
86147,Anticardiolipin antibodies (IgG/IgM),4235.2581,85.5127,1430.9686,-21.7621,1.63E-159,1.92E-29,2.28E-05,0.1549,0.8792,1243.7699,4314.5299,77.4068,995.2904,7.6900,9.89E-140,2.54E-08,0.0195,0.6744,0.8631,1253.1761,4173.8719,91.0329,1403.9174,-33.2114,1.93E-145,1.86E-35,7.76E-05,0.0452,0.8808,1242.7724,75,1242.7724,Mar2021,0.8808,Mar2021,Agree
86148,Beta-2 glycoprotein,639.7916,20.7047,504.4396,-52.0088,1.71E-106,5.58E-30,1.38E-05,5.87E-45,0.6809,1045.3518,602.7179,24.5579,430.6365,-45.1897,7.81E-45,1.54E-07,0.0099,4.95E-15,0.5291,1074.5365,640.0140,20.6857,491.6071,-55.3695,3.40E-113,3.40E-48,7.38E-06,8.21E-62,0.7171,1036.3270,75,1036.3270,Mar2021,0.7171,Mar2021,Agree
86160,C3,14651.6968,131.8652,2815.4688,9.2258,1.92E-261,1.73E-10,0.0010,0.8081,0.8055,1381.7926,14518.7521,145.5644,985.1552,39.3875,7.74E-165,0.0007,0.3743,0.4412,0.7876,1388.3980,14483.4292,146.9598,2671.4785,-14.3473,1.71E-243,4.49E-13,0.0034,0.7331,0.8044,1382.2100,75,1381.7926,Jan2021,0.8055,Jan2021,Agree
86161,C4,241.7682,7.6205,-1.4668,-4.3412,6.04E-30,5.14E-07,0.9737,0.0102,0.7184,878.1294,187.4359,13.1590,-105.3821,-8.9196,3.10E-13,2.52E-09,0.0263,0.0001,0.7572,867.0036,246.9359,7.1660,10.3534,-4.2138,2.36E-34,9.68E-10,0.7903,0.0027,0.7183,878.1433,75,867.0036,Jun2020,0.7572,Jun2020,Agree
86162,CH50,1282.2772,11.0981,200.0806,-13.5834,1.27E-105,6.89E-05,0.0284,0.0024,0.4270,1040.3858,1211.3504,18.3289,2.3259,-16.1512,4.08E-97,6.75E-05,0.9844,0.0031,0.3900,1045.0761,1295.3934,9.9296,269.2026,-14.8780,2.65E-107,4.84E-05,0.0023,0.0002,0.4595,1035.9973,75,1035.9973,Mar2021,0.4595,Mar2021,Agree
86235,ENA panel,17146.5429,178.7980,3792.0486,-2.1167,4.78E-289,1.74E-13,0.0005,0.9662,0.8066,1421.9176,16893.5556,204.8756,1225.0207,32.7379,1.16E-227,2.00E-05,0.3810,0.5920,0.7868,1429.2457,17071.2260,185.5355,4251.1792,-32.5986,2.33E-304,3.82E-20,7.71E-05,0.5077,0.8135,1419.2201,75,1419.2201,Mar2021,0.8135,Mar2021,Agree
86255,"fluorescent noninfectious agent antibody screen (e.g., ANA, tissue antibodies) performed using immunofluorescence",11185.1857,127.6063,2899.1748,-492.0985,5.18E-221,1.91E-14,0.0876,2.86E-17,0.6337,1419.6136,11127.2137,134.0752,3870.1931,-430.0353,3.38E-171,1.87E-06,0.0142,2.23E-19,0.5818,1429.5537,11053.6368,139.4079,1778.0633,-510.1709,1.27E-209,2.75E-18,0.3473,1.48E-13,0.6329,1419.7940,75,1419.6136,Jan2021,0.6337,Jan2021,Agree
86256,fluorescent noninfectious agent antibody titer,3207.7327,26.6900,759.1619,-98.9712,2.94E-172,0.0002,0.0408,3.95E-15,0.5373,1201.0803,3379.1795,8.9210,1320.7690,-67.8705,5.16E-305,0.2430,8.86E-05,2.85E-10,0.5029,1206.4519,3190.4880,28.2410,612.0824,-103.9124,5.79E-191,7.20E-07,0.1165,5.86E-15,0.5431,1200.1328,75,1200.1328,Mar2021,0.5431,Mar2021,Agree
86317,N-protein,19576.3148,85.5330,-839.9753,343.5614,3.33E-229,0.0055,0.4631,3.43E-10,0.8581,1407.8253,18690.1282,177.4451,-4441.1836,237.1198,8.21E-171,3.62E-05,6.39E-05,1.63E-05,0.8621,1405.6847,19815.8113,64.1875,842.6986,348.3639,1.21E-227,0.0268,0.4849,3.27E-10,0.8587,1407.4894,75,1405.6847,Jun2020,0.8621,Jun2020,Agree
86355,T cells (CD3),2938.6735,40.5898,124.7618,-23.8259,1.83E-98,1.37E-06,0.6009,0.0309,0.6800,1153.9031,2611.7009,73.9962,-587.0292,-49.4703,7.04E-120,8.33E-22,0.0028,3.36E-07,0.7115,1146.1374,2990.4219,35.9650,327.7267,-24.0871,1.64E-99,5.89E-07,0.1550,0.0114,0.6894,1151.6648,75,1146.1374,Jun2020,0.7115,Jun2020,Agree
86357,NK cells,2456.2323,34.4232,178.5958,-27.7630,5.75E-110,2.70E-07,0.3634,0.0021,0.6695,1119.0773,2190.8291,61.6229,-399.3291,-46.9993,2.24E-194,2.80E-29,0.0144,2.43E-10,0.6924,1113.6924,2500.8865,30.4373,351.4351,-28.4494,1.76E-107,2.15E-07,0.0663,0.0002,0.6860,1115.2244,75,1113.6924,Jun2020,0.6924,Jun2020,Agree
86359,CD4/CD8 subsets,8726.3427,76.6060,926.4243,-104.0889,4.12E-205,3.58E-06,0.0588,9.20E-07,0.4997,1272.8887,8249.3932,125.0332,-105.1993,-127.0699,1.16E-120,3.26E-06,0.8621,1.78E-05,0.4693,1277.3094,8774.8547,72.3217,1091.9354,-109.6091,3.59E-227,5.04E-08,0.0210,1.09E-09,0.5202,1269.7440,75,1269.7440,Mar2021,0.5202,Mar2021,Agree
86360,CD4/CD8 subsets,16422.3693,127.5698,-166.6602,-148.4905,5.26E-213,1.64E-05,0.8390,3.31E-05,0.3281,1352.8439,15487.5983,222.7214,-1475.7762,-225.8765,1.25E-178,7.43E-09,0.0737,6.62E-08,0.3780,1347.0600,16595.7820,112.1473,220.9750,-143.7404,3.17E-219,1.18E-05,0.7941,6.24E-06,0.3267,1352.9996,75,1347.0600,Jun2020,0.3780,Jun2020,Agree
86665,EBV antibodies,9871.8222,-39.3226,1585.7051,129.5221,1.06E-86,0.1966,0.0885,0.0023,0.4185,1364.8671,8570.2393,97.1685,-3243.9790,33.7180,2.61E-50,0.0128,0.0002,0.4697,0.4617,1359.0759,9893.5807,-41.2738,2319.3434,115.6754,1.24E-96,0.0876,0.0066,0.0023,0.4387,1362.2139,75,1359.0759,Jun2020,0.4617,Jun2020,Agree
86769,serology for Covid,26035.1496,14359.2652,-85879.3519,-17527.5522,0.4451,0.0009,0.0284,4.91E-05,0.7261,1242.9103,39.1667,-23.5000,162074.6828,-3949.6879,4.02E-09,2.21E-05,9.71E-34,1.86E-19,0.8416,1214.4443,40841.7680,10925.5353,-96473.4778,-13765.1626,0.3202,0.0035,0.0010,0.0002,0.7159,1244.8117,50,1214.4443,Jun2020,0.8416,Jun2020,Agree
86790,Viral serologies (lab dependent),551.6951,18.7870,-355.7661,-14.8423,8.36E-09,0.0003,0.0098,0.0165,0.3397,1020.8840,715.1538,2.2154,287.4991,-5.1178,7.43E-17,0.6563,0.0194,0.3767,0.2658,1028.8382,558.2322,18.2088,-436.9039,-11.7919,3.74E-10,3.45E-05,0.0007,0.0237,0.3930,1014.5715,75,1014.5715,Mar2021,0.3930,Mar2021,Agree
88305,"Surgical pathology, gross and microscopic examination (nerve biopsy)",355783.7094,1140.1486,51304.9985,-1299.9550,0.0000,0.0053,0.0034,0.0814,0.4448,1816.5701,349851.6239,1781.9439,15355.5327,-981.1347,0.0000,0.0087,0.4571,0.2666,0.3774,1825.1528,356434.5684,1081.3426,62146.3934,-1685.2299,0.0000,0.0016,0.0002,0.0137,0.4815,1811.4309,75,1811.4309,Mar2021,0.4815,Mar2021,Agree
88314,"Immunohistochemistry stains often used to visualize nerve fibers (e.g., PGP 9.5)",478.4574,-5.7014,-118.0008,4.7656,1.92E-72,0.0002,0.0105,0.0071,0.7955,854.9726,430.7692,-0.7846,-198.4505,-1.4032,1.25E-29,0.7645,3.93E-05,0.6057,0.8164,846.8843,483.4320,-6.1481,-109.3791,5.6762,2.34E-81,9.21E-07,0.0101,0.0004,0.7983,853.9562,75,846.8843,Jun2020,0.8164,Jun2020,Agree
88341,"Immunohistochemistry stains often used to visualize nerve fibers (e.g., PGP 9.5)",7928.7707,135.9664,2523.9863,-80.8772,7.11E-206,1.37E-14,0.0024,0.0186,0.7627,1355.9267,7919.2821,138.9651,1498.2938,-39.5850,3.20E-220,6.08E-09,0.0956,0.2826,0.7322,1365.0010,7892.3329,139.1999,2710.4740,-100.1940,7.61E-235,2.75E-23,0.0008,0.0033,0.7722,1352.8688,75,1352.8688,Mar2021,0.7722,Mar2021,Agree
88342,"Immunohistochemistry stains often used to visualize nerve fibers (e.g., PGP 9.5)",40742.9875,477.5253,9284.7731,-421.2022,9.50E-253,2.70E-13,0.0036,0.0022,0.6648,1562.2568,40250.0598,531.2844,5352.7793,-304.3150,1.55E-227,4.21E-07,0.1330,0.0432,0.6236,1570.9352,40854.5812,467.4448,10787.4194,-488.7756,7.55E-271,5.94E-18,0.0006,0.0002,0.6849,1557.5997,75,1557.5997,Mar2021,0.6849,Mar2021,Agree
88356,Morphometric analysis for nerve density (specifically for intra-epidermal nerve fiber density),1045.5637,-24.4109,63.6133,22.8723,4.01E-45,2.15E-16,0.1643,7.92E-14,0.8744,923.0641,1073.0256,-27.2205,-26.9100,25.1380,8.12E-37,2.80E-07,0.7477,2.41E-06,0.8762,922.0240,1034.4805,-23.4241,80.8820,21.9976,1.03E-44,3.67E-17,0.0518,8.64E-14,0.8710,925.0839,75,922.0240,Jun2020,0.8762,Jun2020,Agree
92552,Pure tone audiogram,61318.6101,1035.3203,-1007.5073,-1241.0980,3.10E-26,0.0005,0.9175,0.0040,0.2126,1710.0091,60671.0684,1081.0284,5968.4815,-1257.5311,4.44E-24,0.0173,0.5850,0.0129,0.2181,1709.4808,63844.1766,808.8373,7316.9807,-1199.1953,1.21E-26,0.0085,0.4901,0.0050,0.2199,1709.3124,75,1709.3124,Mar2021,0.2199,Mar2021,Agree
92553,Tympanometry and acoustic reflex threshold measurements,1799.4603,17.2091,56.7174,-1.5589,4.86E-69,0.0011,0.7871,0.8703,0.4066,1156.3717,1807.1111,16.5450,46.2882,0.0597,3.16E-56,0.0602,0.8337,0.9955,0.4061,1156.4293,1848.3044,12.8414,284.1718,-1.5771,3.10E-69,0.0204,0.1936,0.8687,0.4189,1154.7943,75,1154.7943,Mar2021,0.4189,Mar2021,Agree
92557,"Comprehensive audiometry, including air, bone, and speech",8383.0632,3152.5135,-50008.9639,-4159.1990,0.1679,5.46E-20,0.0016,8.07E-15,0.5991,1716.6064,1176.8632,3878.6756,-18191.0339,-5343.7984,0.9019,1.94E-06,0.3156,4.05E-10,0.5741,1721.1362,10959.2063,2922.0720,-58653.7239,-3694.9328,0.0567,3.95E-22,0.0003,5.75E-12,0.6126,1714.0353,75,1714.0353,Mar2021,0.6126,Mar2021,Agree
92588,"Distortion product otoacoustic emissions, comprehensive diagnostic evaluation",8848.9044,-54.1072,569.2397,112.9682,4.88E-90,0.0065,0.2543,9.87E-06,0.3018,1290.8092,8970.3077,-65.5415,-107.4048,126.9283,8.99E-65,0.0385,0.8461,0.0002,0.3093,1289.9901,8907.6824,-59.3455,1212.5155,107.7020,4.28E-96,0.0009,0.0117,5.64E-06,0.3276,1287.9846,75,1287.9846,Mar2021,0.3276,Mar2021,Agree
92625,comprehensive tinnitus assessment,57.8053,-0.1796,-6.4396,4.1636,2.49E-23,0.5331,0.8028,0.0416,0.2659,899.6063,59.5983,-0.3371,-22.8867,4.0298,1.35E-20,0.4183,0.3306,0.0141,0.2650,899.7046,57.2316,-0.1256,-1.0854,4.1683,7.13E-24,0.6343,0.9683,0.0575,0.2662,899.5781,75,899.5781,Mar2021,0.2662,Mar2021,Agree
93000,ECG,182901.0852,286.2116,34792.9082,514.0023,1.53E-241,0.3613,0.0023,0.3319,0.5434,1760.3627,176012.0598,999.0475,-2901.0818,409.2814,1.96E-196,0.0302,0.8266,0.4875,0.5004,1767.1076,183286.6867,252.3552,44990.6729,238.8141,1.05E-267,0.3145,3.72E-05,0.6051,0.5748,1755.0225,75,1755.0225,Mar2021,0.5748,Mar2021,Agree
93040,"Rhythm ECG (limited, interpretation dependent)",3378.0741,-6.7494,41.2540,10.6618,4.61E-163,0.3317,0.8344,0.2398,0.0177,1142.1378,3474.7436,-16.6226,191.5581,19.2433,5.77E-141,0.0764,0.3392,0.0662,0.0323,1141.0120,3390.3871,-7.8289,127.0575,10.3763,3.78E-187,0.1795,0.5258,0.2300,0.0216,1141.8356,75,1141.0120,Jun2020,0.0323,Jun2020,Agree
93041,"Rhythm ECG (limited, interpretation dependent)",13549.3843,14.3266,1718.0095,-176.1159,2.75E-177,0.4997,0.0021,1.58E-10,0.7393,1263.0239,13848.0855,-17.8991,2593.2794,-116.0700,1.06E-173,0.5130,3.80E-06,0.0002,0.7060,1272.0564,13607.4717,9.2114,1923.8296,-186.8772,7.54E-201,0.6245,4.42E-05,2.36E-15,0.7729,1252.6708,75,1252.6708,Mar2021,0.7729,Mar2021,Agree
93042,"Rhythm ECG (limited, interpretation dependent)",8585.1827,49.4189,1725.3211,-111.9039,5.17E-279,2.10E-06,0.0007,1.55E-08,0.4743,1261.6084,8338.6410,75.3426,801.4126,-102.1333,2.97E-155,0.0001,0.1732,5.76E-05,0.3284,1279.9776,8594.4131,48.7163,1856.5106,-123.7627,6.72E-288,5.59E-07,1.78E-05,4.68E-12,0.5199,1254.8033,75,1254.8033,Mar2021,0.5199,Mar2021,Agree
93224,Holter monitor (24-48 hr ECG),3312.9835,-2.1538,413.6714,22.7913,6.82E-109,0.7581,0.0785,0.0205,0.4150,1171.3301,3240.5128,5.8205,-131.6402,21.6648,7.03E-88,0.6435,0.6540,0.1159,0.4020,1172.9768,3330.6359,-3.7432,634.5386,19.3821,1.48E-113,0.5328,0.0042,0.0320,0.4405,1167.9982,75,1167.9982,Mar2021,0.4405,Mar2021,Agree
93225,Holter monitor (24-48 hr ECG),2432.7849,18.9874,574.7782,-56.9223,1.77E-120,0.0002,0.0091,3.90E-12,0.4251,1140.6602,2457.5983,16.9737,608.2944,-43.3007,5.89E-102,0.0402,0.0220,2.53E-05,0.3268,1152.4970,2410.8681,20.9656,463.8693,-60.9164,4.84E-122,4.86E-06,0.0496,1.55E-11,0.4278,1140.3059,75,1140.3059,Mar2021,0.4278,Mar2021,Agree
93226,Holter monitor (24-48 hr ECG),4265.6742,34.2509,422.1153,-91.0715,6.11E-144,3.40E-07,0.0921,1.13E-18,0.5238,1175.7374,4269.1368,34.3829,669.9174,-79.9837,3.67E-109,0.0052,0.0339,7.18E-09,0.4708,1183.6447,4286.1266,32.4511,388.4682,-93.0759,1.08E-153,1.23E-07,0.1738,1.59E-18,0.5338,1174.1351,75,1174.1351,Mar2021,0.5338,Mar2021,Agree
93227,Holter monitor (24-48 hr ECG),2237.2104,10.7997,663.8602,-36.1725,8.92E-104,0.0222,0.0002,1.20E-07,0.3669,1120.7339,2272.2308,7.7415,564.0189,-21.3135,2.41E-102,0.2755,0.0125,0.0196,0.2299,1135.4357,2215.8683,12.6971,626.2689,-41.1901,4.40E-105,0.0026,0.0001,1.56E-08,0.3853,1118.5315,75,1118.5315,Mar2021,0.3853,Mar2021,Agree
93241,continuous cardiac monitoring and detection,0,21.5668,-16.5724,-11.5779,0,0.0015,0.0091,0.0509,0.8463,445.1534,0,14.1764,-2.0404,-4.1875,0,6.10E-07,0.0001,0.0330,0.8463,445.1534,29.0000,5.1266,-75.8654,5.1266,0.0000,5.75E-26,4.23E-05,5.75E-26,0.8540,446.7577,40,445.1534,Jan2021,0.8540,Mar2021,Disagree
93242,continuous cardiac monitoring and detection,0,-68.3858,186.3424,117.9566,0,0.0018,6.33E-06,1.29E-09,0.8625,587.0180,0,11.9350,3.2126,37.6358,0,0.2296,0.1343,2.72E-07,0.8625,587.0180,220.0000,213.0000,-78.2692,-163.4649,0.0000,0.0000,0.2557,0.0000,0.8632,594.2604,42,587.0180,Jan2021,0.8632,Mar2021,Disagree
93243,continuous cardiac monitoring and detection,0,-692.4881,1483.4666,790.9786,0,5.44E-49,5.04E-63,9.47E-81,0.8497,649.0534,0,-178.6921,56.9843,277.1826,0,1.17E-16,8.71E-35,6.47E-70,0.8497,649.0534,1910.0000,309.0000,209.1692,-212.5717,0,0,0.1632,1.48E-171,0.8523,655.7850,42,649.0534,Jan2021,0.8523,Mar2021,Disagree
93244,continuous cardiac monitoring and detection,0,-65.8891,169.0342,103.1452,0,1.64E-05,4.14E-09,2.38E-14,0.7962,582.8961,0,3.7001,3.7320,33.5559,0,0.6007,0.0133,4.54E-11,0.7962,582.8961,259.0000,27.0000,27.2885,10.1128,0.0000,0,0.5843,0.0003,0.7963,590.3549,42,582.8961,Jan2021,0.7963,Mar2021,Disagree
93246,continuous cardiac monitoring and detection,0,-129.9846,300.5532,170.5686,0,6.98E-10,2.82E-14,2.64E-20,0.8313,580.3343,0,-17.1365,9.3571,57.7206,0,0.0785,6.94E-06,1.46E-16,0.8313,580.3343,537.0000,-22.0000,-10.7308,62.8625,0,0,0.8733,2.22E-70,0.8317,587.7100,42,580.3343,Jan2021,0.8317,Mar2021,Disagree
93247,continuous cardiac monitoring and detection,0,-857.3050,1792.9227,935.6177,0,1.45E-76,1.11E-94,2.79E-117,0.8021,643.7680,0,-253.6060,73.1906,331.9187,0,1.19E-32,7.85E-58,1.70E-103,0.8021,643.7680,2277.0000,327.0000,272.5462,-251.2888,0,0,0.0480,1.16E-259,0.8083,649.9099,42,643.7680,Jan2021,0.8083,Mar2021,Disagree
93248,continuous cardiac monitoring and detection,0,-132.3011,310.3377,178.0366,0,8.35E-07,9.41E-10,9.46E-14,0.8057,597.6316,0,-14.1543,9.2555,59.8898,0,0.2417,0.0004,2.83E-11,0.8057,597.6316,554.0000,28.0000,-59.9308,18.1844,0,0,0.4867,5.58E-06,0.8062,604.9990,42,597.6316,Jan2021,0.8062,Mar2021,Disagree
93303,complete transthoracic echocardiogram (TTE) for congenital cardiac anomalies,23723.0425,272.5311,4327.3745,-235.2723,0.0000,1.93E-38,1.06E-05,3.32E-08,0.7909,1418.9576,23726.8205,272.5005,3337.0452,-158.7022,0.0000,5.49E-09,0.0157,0.0088,0.7553,1430.7425,23605.4671,283.2551,4143.1992,-267.0077,0.0000,2.13E-44,0.0001,4.67E-09,0.7962,1417.0509,75,1417.0509,Mar2021,0.7962,Mar2021,Agree
93306,Echocardiogram,204496.9674,950.9273,31868.8090,-615.8937,0.0000,3.00E-05,0.0017,0.1552,0.6248,1733.0192,201004.1538,1311.9108,10128.3038,-413.6993,0.0000,0.0002,0.3782,0.3809,0.5752,1742.3473,204841.8513,920.3026,38702.8494,-856.2890,0.0000,1.42E-06,7.82E-05,0.0294,0.6532,1727.1221,75,1727.1221,Mar2021,0.6532,Mar2021,Agree
93660,Tilt table test (with continuous monitoring),78.1437,-1.1471,-35.3319,2.2612,1.32E-09,0.0585,0.0108,0.0010,0.3641,725.7328,57.9573,0.9480,-79.1578,-0.1398,2.94E-09,0.1590,1.34E-08,0.8455,0.4689,712.2323,81.6424,-1.4606,-21.7930,2.5407,5.58E-10,0.0097,0.1397,0.0001,0.3411,728.3967,59,712.2323,Jun2020,0.4689,Jun2020,Agree
94761,"Pulse oximetry (spot / overnight, sometimes used adjunctively)",20098.8917,-210.6674,1701.7499,213.2546,1.21E-250,8.83E-09,0.1504,4.62E-06,0.5150,1349.5160,18881.2222,-80.1039,-3609.7254,123.0511,1.17E-130,0.1224,0.0005,0.0358,0.5752,1339.5794,20140.2272,-214.2346,2723.9895,198.0561,3.12E-280,2.35E-13,0.0098,9.12E-07,0.5454,1344.6583,75,1339.5794,Jun2020,0.5752,Jun2020,Agree
94762,"Pulse oximetry (spot / overnight, sometimes used adjunctively)",4200.0129,-31.0245,-145.0118,34.4485,1.42E-51,0.0897,0.7650,0.0855,0.2519,1204.7551,3340.0769,58.3815,-2393.7294,-44.4407,4.53E-87,1.15E-05,3.39E-16,0.0032,0.6564,1146.4050,4276.9729,-37.9277,252.0380,35.7736,6.08E-54,0.0100,0.5413,0.0249,0.2567,1204.2760,75,1146.4050,Jun2020,0.6564,Jun2020,Agree
95816,EEG (if syncope vs seizure differentiation is needed),7879.5790,16.9106,1344.6899,42.0055,4.88E-167,0.1671,0.0066,0.0496,0.6302,1292.0540,7569.6154,49.5692,-376.1993,33.1921,5.67E-130,0.0093,0.4661,0.1723,0.6071,1296.5998,7882.1254,16.7212,1732.7964,31.0467,1.28E-175,0.1106,0.0006,0.1352,0.6474,1288.4714,75,1288.4714,Mar2021,0.6474,Mar2021,Agree
95885,Needle EMG,1475.3857,-1.5532,132.8394,10.9362,1.24E-70,0.6694,0.2003,0.0238,0.2712,1078.5286,1471.1368,-1.0817,-7.2213,12.0403,5.32E-57,0.8542,0.9529,0.0612,0.2661,1079.0499,1479.9813,-1.9346,203.0042,9.8832,9.03E-76,0.5418,0.0772,0.0329,0.2815,1077.4511,75,1077.4511,Mar2021,0.2815,Mar2021,Agree
95886,Needle EMG,17775.6221,94.5601,3909.0965,-35.3790,1.65E-182,0.0011,0.0010,0.4885,0.5820,1430.9150,18202.2906,50.4660,3118.8813,62.2469,4.45E-173,0.3418,0.0296,0.3276,0.5553,1435.5598,17668.7531,104.2711,4154.5498,-66.2289,4.43E-183,3.13E-05,0.0008,0.2075,0.5917,1429.1573,75,1429.1573,Mar2021,0.5917,Mar2021,Agree
95907,Nerve conduction studies (depending on number of nerves tested),59.1393,-0.7953,-14.7443,0.4535,4.38E-06,0.1349,0.1051,0.4115,0.4676,683.6953,60.8291,-0.9986,-3.5587,0.3528,3.87E-05,0.2172,0.7742,0.6700,0.4458,686.7067,61.4432,-1.0008,-6.5396,0.5851,6.76E-07,0.0426,0.4986,0.2544,0.4568,685.1971,47,683.6953,Jan2021,0.4676,Jan2021,Agree
95908,Nerve conduction studies (depending on number of nerves tested),457.0666,-4.1916,60.2474,5.7027,5.75E-85,0.0002,0.1293,0.0005,0.1206,903.6421,484.8803,-7.0304,64.1553,8.7717,6.48E-78,0.0008,0.1549,8.29E-05,0.1506,901.0410,449.6920,-3.5309,52.9551,5.1027,9.14E-80,0.0008,0.1883,0.0044,0.1074,904.7614,75,901.0410,Jun2020,0.1506,Jun2020,Agree
95909,Nerve conduction studies (depending on number of nerves tested),912.1462,4.1989,217.3802,-1.1827,6.78E-51,0.1848,0.0480,0.7882,0.3527,1056.9049,930.0342,2.2803,159.4402,3.6847,1.20E-40,0.6903,0.2275,0.5518,0.3329,1059.1560,902.5973,5.0725,215.2125,-2.9063,1.40E-52,0.0525,0.0629,0.5165,0.3544,1056.7075,75,1056.7075,Mar2021,0.3544,Mar2021,Agree
95910,Nerve conduction studies (depending on number of nerves tested),1847.6902,-5.1708,553.9306,4.7102,7.50E-98,0.1752,0.0001,0.4475,0.2906,1109.9945,1875.8803,-8.0981,311.6349,15.2552,1.51E-84,0.2761,0.1036,0.0737,0.2175,1117.3548,1831.8690,-3.7370,608.5616,0.2108,9.03E-96,0.2770,3.54E-05,0.9732,0.3156,1107.3046,75,1107.3046,Mar2021,0.3156,Mar2021,Agree
95911,Nerve conduction studies (depending on number of nerves tested),3278.1571,30.2128,532.4828,-19.8049,1.65E-157,1.69E-05,0.0615,0.0923,0.5362,1199.7489,3324.4530,25.2499,487.9652,-6.8576,1.46E-154,0.0105,0.0940,0.5679,0.5212,1202.1349,3286.1848,29.5137,632.8115,-23.6481,2.77E-178,2.42E-07,0.0327,0.0432,0.5482,1197.7786,75,1197.7786,Mar2021,0.5482,Mar2021,Agree
95912,Nerve conduction studies (depending on number of nerves tested),2174.4624,-10.5415,143.7568,29.6718,7.79E-179,0.0020,0.2837,6.91E-07,0.3811,1100.5906,2159.0427,-9.0003,-124.5230,29.0501,1.95E-120,0.1976,0.4315,0.0002,0.3768,1101.1147,2197.8752,-12.6184,345.6894,28.4350,3.34E-187,0.0001,0.0185,7.31E-07,0.4082,1097.2406,75,1097.2406,Mar2021,0.4082,Mar2021,Agree
95913,Nerve conduction studies (depending on number of nerves tested),1791.8018,10.5146,353.6943,-1.6712,2.93E-76,0.0522,0.0389,0.8215,0.5409,1109.4182,1952.8462,-6.0000,565.2737,17.8164,7.42E-132,0.2897,8.99E-05,0.0092,0.5665,1105.1090,1770.8311,12.4130,327.5594,-4.5495,2.49E-77,0.0071,0.0643,0.5473,0.5390,1109.7380,75,1105.1090,Jun2020,0.5665,Jun2020,Agree
95921,Cardiovagal (heart rate variability with deep breathing),2119.3905,0.3299,353.9005,12.4595,1.92E-36,0.9644,0.1229,0.1767,0.3408,1152.1003,1827.0855,30.6301,-617.4804,-8.3616,3.33E-24,0.0220,0.0389,0.5565,0.3683,1148.9004,2128.2961,-0.4507,495.4969,9.6439,2.60E-37,0.9408,0.0247,0.2408,0.3611,1149.7544,75,1148.9004,Jun2020,0.3683,Jun2020,Agree
95922,"Vasomotor adrenergic function (e.g., BP response to Valsalva or tilt)",97.9084,14.9017,-64.4731,-26.6545,0.0119,3.79E-17,0.2702,3.47E-29,0.6540,933.7840,99.7179,14.7795,112.4309,-26.1752,0.0172,3.14E-06,0.1316,2.35E-14,0.6395,936.8692,119.4040,12.9805,-43.5473,-25.6505,0.0021,8.18E-11,0.4992,5.35E-22,0.6367,937.4495,75,933.7840,Jan2021,0.6540,Jan2021,Agree
95923,Sudomotor function (QSART),4688.2264,-43.2176,1052.9755,33.1306,6.10E-97,1.25E-06,3.19E-06,0.0034,0.2611,1170.2110,4719.5385,-46.4892,408.5222,50.0698,2.17E-76,0.0023,0.2070,0.0022,0.1464,1181.0334,4642.0761,-39.0686,1142.5425,24.1195,1.66E-95,3.46E-06,4.07E-07,0.0301,0.2815,1168.1086,75,1168.1086,Mar2021,0.2815,Mar2021,Agree
95924,Combined assessment of the autonomic nervous system,773.5721,-3.4879,-36.4768,8.3974,1.20E-31,0.1824,0.4905,0.0060,0.1263,964.0768,774.6496,-3.4397,-70.3800,7.5735,2.21E-23,0.4072,0.2453,0.0765,0.1256,964.1348,769.7890,-3.1441,-42.4466,8.5703,3.41E-33,0.1866,0.4403,0.0037,0.1317,963.6132,75,963.6132,Mar2021,0.1317,Mar2021,Agree
95943,Quantitative autonomic function testing of parasympathetic and sympathetic functions,1098.1931,-21.4196,198.1580,3.8295,6.45E-121,4.57E-26,0.0298,0.2778,0.8475,983.7097,1150.1282,-26.7026,196.5972,11.1747,1.07E-151,6.36E-23,0.0151,0.0005,0.8477,983.5939,1076.9875,-19.5234,153.8403,2.0448,6.25E-101,6.46E-19,0.1291,0.6277,0.8410,986.8546,46,983.5939,Jun2020,0.8477,Jun2020,Agree
95992,Neuropsychological testing (sometimes used depending on setup),58.4068,-0.1337,51.7086,2.1357,8.23E-05,0.8449,0.0550,0.0865,0.4292,836.1531,49.2906,0.8260,-9.9895,2.0156,0.0175,0.5664,0.7613,0.2144,0.4070,839.0155,54.7303,0.1904,51.7051,1.6593,0.0003,0.7777,0.0458,0.2316,0.4260,836.5779,71,836.1531,Jan2021,0.4292,Jan2021,Agree
96110," Developmental screening, per standardized instrument, with scoring and documentation. ",244538.7820,2714.9384,73067.0782,-2437.6179,3.02E-188,4.64E-15,5.29E-06,0.0003,0.7238,1824.0844,249479.9573,2200.3788,60673.4311,-793.7917,8.22E-166,0.0029,0.0042,0.3969,0.6792,1835.3276,242674.1723,2884.6672,74125.0584,-2992.0191,2.54E-179,2.32E-18,7.23E-06,1.89E-05,0.7350,1820.9895,75,1820.9895,Mar2021,0.7350,Mar2021,Agree
96111," Deleted; old code for developmental testing, per hour / extended developmental testing",8744.1230,-335.5338,3014.8215,336.4087,7.76E-18,2.27E-12,0.0025,1.99E-12,0.7585,1334.4608,10627.1026,-529.4205,4206.8963,530.2654,1.27E-51,2.22E-24,5.51E-05,1.90E-24,0.8804,1281.7286,8404.6211,-305.1411,2904.3904,305.9500,2.44E-15,7.71E-12,0.0016,6.79E-12,0.7335,1341.8562,66,1281.7286,Jun2020,0.8804,Jun2020,Agree
96112," Developmental test administration, first hour. ",6575.9433,155.6112,1448.7433,-93.9061,1.27E-66,2.64E-09,0.0251,0.0070,0.7090,1118.0409,5561.0000,350.1429,-1160.1429,-254.4310,2.49E-77,1.01E-12,0.1650,1.19E-06,0.6927,1121.4594,6638.2020,147.0048,1792.8194,-99.4045,2.47E-64,2.52E-12,0.0035,0.0009,0.7240,1114.7055,63,1114.7055,Mar2021,0.7240,Mar2021,Agree
96113," Developmental test administration, each additional 30 minutes. ",1171.9033,21.9828,317.4129,9.0884,8.39E-24,0.0076,0.0642,0.3965,0.7058,960.2823,1062.6286,41.9253,-124.9330,-5.9877,2.87E-13,0.0138,0.5303,0.7355,0.6975,962.0268,1177.0933,21.2995,424.7351,6.8985,6.02E-27,0.0012,0.0156,0.4785,0.7139,958.5140,63,958.5140,Mar2021,0.7139,Mar2021,Agree
96116," Neurobehavioral status exam, first hour. ",1683.3342,17.9380,433.3950,-0.5233,2.08E-35,0.0127,0.0487,0.9520,0.6378,1147.0002,1589.0769,28.6523,-81.6145,-2.0479,3.65E-21,0.0108,0.7512,0.8681,0.6177,1151.0617,1643.5438,21.5208,342.1695,-4.1969,1.16E-32,0.0012,0.1287,0.6379,0.6313,1148.3294,75,1147.0002,Jan2021,0.6378,Jan2021,Agree
96121," Neurobehavioral status exam, each additional hour. ",533.8788,13.7902,-136.3620,-18.2820,0.0009,0.1366,0.1433,0.0519,0.1616,850.4575,347.4571,49.6220,-404.1282,-53.8250,0.0168,0.0281,0.1174,0.0179,0.3038,838.7563,550.4567,11.4625,-137.3765,-15.7280,0.0005,0.1669,0.0986,0.0643,0.1519,851.1863,63,838.7563,Jun2020,0.3038,Jun2020,Agree
96125," Standardized cognitive performance testing, per hour. ",428.0152,-9.4235,106.8015,11.6408,3.99E-16,1.11E-05,0.0224,1.75E-05,0.2253,957.4799,448.8291,-11.5340,37.2408,14.5130,1.75E-12,0.0013,0.4690,0.0001,0.2270,957.3189,422.5327,-8.9255,130.7406,10.6386,8.55E-17,3.69E-06,0.0071,5.32E-05,0.2292,957.1059,75,957.1059,Mar2021,0.2292,Mar2021,Agree
96127," Brief emotional/behavioral assessment, per standardized instrument, with scoring and documentation. ",149097.7078,5606.2088,3567.4631,-1282.6675,6.25E-56,9.49E-21,0.8863,0.2183,0.8115,1866.3653,142477.7179,6263.2072,-5833.2052,-1751.7046,1.18E-55,4.34E-12,0.8164,0.1130,0.8119,1866.1742,153213.0178,5238.4604,19776.6315,-1260.4487,5.11E-57,3.46E-21,0.4598,0.2277,0.8131,1865.7300,75,1865.7300,Mar2021,0.8131,Mar2021,Agree
96130," Psychological testing evaluation services, first hour. ",22548.3062,-376.5949,6374.9546,607.7696,1.95E-15,0.0743,0.0661,0.0067,0.3804,1278.8362,22847.8857,-356.0374,-1467.2343,674.6238,2.13E-14,0.2479,0.7130,0.0305,0.3771,1279.1675,21696.0254,-256.6271,5505.1979,485.5090,1.62E-14,0.1590,0.0900,0.0176,0.3575,1281.1214,63,1278.8362,Jan2021,0.3804,Jan2021,Agree
96131," Psychological testing evaluation services, each additional hour. ",7748.8514,-37.4367,2799.1673,167.0647,6.17E-30,0.5565,0.0220,0.0144,0.7038,1138.4521,7451.4857,45.3429,-892.7903,128.2189,5.23E-24,0.6125,0.4997,0.1646,0.6811,1143.1049,7488.4374,-0.6074,2659.5389,123.3016,3.85E-29,0.9907,0.0180,0.0421,0.6970,1139.8735,63,1138.4521,Jan2021,0.7038,Jan2021,Agree
96132," Neuropsychological testing evaluation services, first hour. ",3479.5766,17.7441,127.5223,102.1906,9.03E-58,0.2144,0.6129,2.24E-10,0.8988,1003.5386,3108.5714,88.8462,-1351.5181,30.9530,1.11E-57,0.0011,5.59E-05,0.2623,0.9049,999.6014,3504.0819,14.3647,490.9891,101.8871,2.41E-60,0.2287,0.0549,6.96E-13,0.9010,1002.1124,63,1002.1124,Mar2021,0.9049,Jun2020,Disagree
96133," Neuropsychological testing evaluation services, each additional hour. ",2364.3737,-15.0253,-81.6207,82.8347,2.80E-54,0.1161,0.6611,1.33E-11,0.7489,980.6135,2122.6857,31.6308,-1055.7857,32.9418,3.08E-41,0.1588,9.37E-05,0.1548,0.7562,978.7416,2372.7876,-16.2111,128.7905,83.1465,5.00E-58,0.0439,0.5103,1.08E-12,0.7493,980.5092,63,978.7416,Jun2020,0.7562,Jun2020,Agree
96136, Psychological or neuropsychological test administration and scoring first 30 minutes. ,8010.3098,14.8463,1893.1674,152.9017,6.55E-75,0.6420,0.0086,0.0002,0.7931,1125.6564,7925.1714,41.9846,-380.9151,150.7113,1.49E-44,0.5417,0.6572,0.0359,0.7851,1128.0588,7807.8828,43.4203,1781.5625,120.8148,6.08E-74,0.1653,0.0228,0.0068,0.7888,1126.9557,63,1125.6564,Jan2021,0.7931,Jan2021,Agree
96137, Psychological or neuropsychological test administration and scoring each additional 30 minutes. ,5439.4548,-0.0154,2258.3505,92.7042,1.81E-105,0.9995,1.16E-05,0.0012,0.8135,1072.4949,5392.7429,18.6440,236.3620,106.7258,2.21E-84,0.6361,0.7138,0.0120,0.7741,1084.5872,5297.2583,20.1895,2334.0389,63.0844,1.27E-104,0.3540,2.12E-06,0.0240,0.8177,1071.0681,63,1071.0681,Mar2021,0.8177,Mar2021,Agree
96138," Psychological or neuropsychological test administration and scoring by technician, first 30 minutes. ",6422.9825,48.4864,-1035.9406,55.1906,2.70E-62,0.0914,0.0197,0.0679,0.7200,1043.0577,5764.3714,165.1956,-2088.9067,-77.4798,8.34E-78,0.0003,0.0003,0.1001,0.7141,1044.3805,6594.3030,24.6322,-414.7901,75.8778,5.41E-57,0.3715,0.3789,0.0090,0.7065,1046.0295,63,1043.0577,Jan2021,0.7200,Jan2021,Agree
96139," Psychological or neuropsychological test administration and scoring by technician, each additional 30 minutes. ",2152.4087,-6.8553,-46.5676,63.1476,2.91E-108,0.3939,0.8157,1.19E-08,0.7123,973.3202,2233.1429,-18.8901,-260.8399,71.8648,8.22E-70,0.2533,0.2147,3.75E-05,0.7146,972.8199,2146.9454,-6.0348,63.3400,62.3828,3.47E-119,0.3302,0.7623,2.72E-09,0.7125,973.2727,63,972.8199,Jun2020,0.7146,Jun2020,Agree
96146, Psychological or neuropsychological test administration with single automated standardized instrument via electronic platform,1704.4928,-62.3825,313.7823,56.8098,4.84E-38,1.91E-12,0.0062,1.51E-09,0.8096,850.5667,1834.9429,-85.0571,90.8260,81.1642,1.00E-39,2.26E-06,0.6361,6.61E-06,0.8295,843.5977,1631.5848,-52.0123,194.8464,48.1710,1.97E-28,3.06E-07,0.1899,5.37E-06,0.7732,861.5916,63,843.5977,Jun2020,0.8295,Jun2020,Agree
Agg_autonomic_testing,,7679.0974,-31.4740,1305.9262,27.3331,1.89E-70,0.0587,0.0025,0.1870,0.1206,1272.6853,7420.9915,-4.5193,-166.9072,23.1066,5.17E-47,0.8839,0.7887,0.4785,0.0463,1278.7727,7659.5652,-29.6829,1552.0455,16.6833,1.01E-72,0.0442,0.0003,0.3853,0.1534,1269.8303,75,1269.8303,Mar2021,0.1534,Mar2021,Agree
Agg_cardiac_monitoring,,462.4685,139.9828,753.9395,222.9532,0.0024,1.12E-64,0.1153,1.39E-22,0.9627,1303.3896,695.0000,116.5662,-305.5207,244.0377,5.00E-09,7.35E-42,0.3886,3.62E-42,0.9631,1302.4949,399.0545,145.6111,1150.7739,213.7456,0.0125,1.41E-76,0.0213,7.26E-17,0.9626,1303.5689,75,1302.4949,Jun2020,0.9631,Jun2020,Agree
Agg_clotting,,4316.6196,104.4801,1946.1172,-31.7122,5.65E-121,1.84E-23,0.0001,0.1389,0.8607,1287.6742,4276.4103,109.4072,960.6173,-4.3680,7.44E-105,4.70E-10,0.1184,0.8587,0.8371,1299.4392,4265.1203,109.1009,2051.3370,-47.0640,2.36E-125,1.15E-35,3.30E-05,0.0257,0.8664,1284.5570,75,1284.5570,Mar2021,0.8664,Mar2021,Agree
Agg_fluorescent_noninfectious_agent,,14392.9184,154.2963,3643.3576,-587.3896,2.40E-226,1.16E-11,0.0729,3.47E-18,0.6250,1447.0062,14506.3932,142.9962,5163.9596,-494.6265,8.97E-198,4.93E-05,0.0063,1.64E-18,0.5729,1456.7566,14244.1248,167.6489,2380.5188,-610.3284,7.08E-221,2.90E-16,0.2902,1.68E-14,0.6249,1447.0234,75,1447.0062,Jan2021,0.6250,Jan2021,Agree
Agg_fractures,,772.8599,-3.4725,271.9141,6.6220,2.01E-11,0.5166,0.1561,0.4570,0.1237,1120.2782,647.8974,9.0913,-187.6498,-0.6075,1.32E-07,0.3230,0.3897,0.9535,0.1056,1121.8042,809.2836,-6.7362,509.0025,4.6888,5.73E-12,0.1870,0.0024,0.5586,0.1920,1114.1927,75,1114.1927,Mar2021,0.1920,Mar2021,Agree
Agg_immunohistochemistry_stains,,48671.7582,613.4918,11808.7594,-502.0794,6.59E-251,3.36E-14,0.0031,0.0033,0.6892,1595.5422,48169.3419,670.2496,6851.0731,-343.9000,1.56E-230,1.71E-07,0.1234,0.0652,0.6503,1604.3802,48746.9141,606.6447,13497.8934,-588.9697,4.03E-271,4.09E-20,0.0006,0.0003,0.7068,1591.1693,75,1591.1693,Mar2021,0.7068,Mar2021,Agree
Agg_needle_EMG,,17775.6221,94.5601,3909.0965,-35.3790,1.65E-182,0.0011,0.0010,0.4885,0.5820,1430.9150,18202.2906,50.4660,3118.8813,62.2469,4.45E-173,0.3418,0.0296,0.3276,0.5553,1435.5598,17668.7531,104.2711,4154.5498,-66.2289,4.43E-183,3.13E-05,0.0008,0.2075,0.5917,1429.1573,75,1429.1573,Mar2021,0.5917,Mar2021,Agree
Agg_nerve_conduction,,10520.4636,24.2271,1846.7478,17.8794,1.48E-139,0.2535,0.0204,0.5925,0.4369,1359.5756,10787.9658,-3.5973,1460.3877,68.0733,1.93E-135,0.9172,0.0997,0.0855,0.4227,1361.4514,10500.4925,26.1122,2176.2500,3.2297,2.05E-149,0.1384,0.0095,0.9233,0.4508,1357.6991,75,1357.6991,Mar2021,0.4508,Mar2021,Agree
Agg_neurobehavioral,,1624.0394,47.7262,164.7946,-34.8033,1.55E-19,3.80E-07,0.5627,0.0013,0.6334,1180.6203,1372.3333,74.8533,-421.2190,-52.4520,7.43E-09,3.70E-06,0.2196,0.0025,0.6398,1179.2894,1612.4804,48.7833,64.1660,-35.7248,8.58E-20,2.71E-10,0.8092,0.0003,0.6329,1180.7304,75,1179.2894,Jun2020,0.6398,Jun2020,Agree
Agg_neurophysiologic/autonomic testing,,1100.5239,-21.4359,204.4154,6.6875,1.28E-120,3.30E-26,0.0146,0.0338,0.8383,972.4199,1150.8376,-26.5501,180.2102,13.8484,1.83E-148,4.44E-22,0.0185,6.84E-06,0.8384,972.3649,1079.4860,-19.5547,168.7948,4.8214,6.17E-101,5.10E-19,0.0693,0.2038,0.8303,976.0375,75,972.3649,Jun2020,0.8384,Jun2020,Agree
Agg_pregnancy_test,,489552.6134,-259.9913,58532.9578,641.4922,0.0000,0.5928,0.0022,0.4726,0.3343,1833.0322,473364.8291,1452.9337,-17414.2347,81.5234,0.0000,0.0300,0.3815,0.9339,0.2702,1839.9322,490414.3661,-334.1074,75879.8006,188.2871,0.0000,0.4006,5.93E-06,0.8113,0.3852,1827.0669,75,1827.0669,Mar2021,0.3852,Mar2021,Agree
Agg_psychological_testing,,59870.7565,-417.2333,12602.8155,1380.6135,1.55E-49,0.1948,0.0339,9.08E-05,0.7134,1361.4544,58681.0000,-68.3407,-7170.8020,1199.7238,1.73E-39,0.8961,0.3057,0.0246,0.7120,1361.7571,58539.3067,-228.8859,12743.5140,1164.1750,7.65E-49,0.4012,0.0239,0.0004,0.7078,1362.6818,63,1361.4544,Jan2021,0.7134,Jan2021,Agree
Agg_skin_biopsy,,12168.8212,-46.3463,3115.3991,76.7801,3.39E-106,0.0622,0.0008,0.0685,0.3345,1379.6124,12299.9573,-59.0735,1357.0422,131.4595,3.15E-92,0.1410,0.1981,0.0072,0.2791,1385.6133,12172.1463,-46.6159,3963.4938,51.4367,3.87E-113,0.0274,2.60E-06,0.1734,0.3850,1373.6927,75,1373.6927,Mar2021,0.3850,Mar2021,Agree
