HCPCS_CODE,rows,TOTAL_UNIQUE_BENEFICIARIES_sum,TOTAL_CLAIMS_sum,TOTAL_PAID_sum
T1019,457916,55702849.0,1100608370.0,122739547514.25948
T1015,2429393,235393614.0,322233922.0,49152668633.450584
T2016,81288,4389789.0,69000080.0,34904936746.48021
99213,13566914,639378224.0,764306590.0,33002827263.84592
S5125,214380,19413061.0,398071209.0,31342185586.040043
99214,11728025,432874138.0,502480931.0,29913857937.71099
99284,3980198,154899942.0,170705529.0,20151783534.429134
H2016,72289,4214296.0,60739036.0,19747791724.79001
99283,3270001,144272501.0,157926994.0,16874996865.609827
H2015,272463,20834363.0,109877296.0,16470573872.769913
99285,2901462,99843804.0,111002396.0,15097200452.299969
90837,1869501,56881182.0,127195989.0,12067590643.090343
S5102,96905,7491536.0,111095812.0,9340779714.299995
90834,1212542,54295935.0,108817687.0,8821622005.819923
T2021,110852,5412523.0,55550230.0,8653524974.890001
H2017,292828,13916632.0,78677933.0,8540416258.810069
T1017,283832,30016959.0,75144121.0,8423668162.810029
T1020,39648,5227037.0,33504642.0,8212560786.120002
90999,250573,6946377.0,90103258.0,7739248802.629996
A0427,293550,27655270.0,33489615.0,7674558268.409982
92507,945764,35866850.0,129458330.0,7484161290.330048
H2019,481861,18763291.0,69547577.0,7466162701.299909
T2033,25005,1259038.0,16562508.0,7422419481.580016
T1000,22131,764197.0,16800136.0,7014566028.82
H2014,131724,9274835.0,60726091.0,6759118318.499988
H0004,556970,27839525.0,73272784.0,6554190803.840037
S5140,17873,1901945.0,40883741.0,6394345181.390007
H0020,125637,22496570.0,312323784.0,6253632954.990006
97530,1089807,35441947.0,126200638.0,6219314705.239945
A0429,286605,25244819.0,31005479.0,6056979386.160049
H0019,39457,1373348.0,20357508.0,5981904018.440003
T1040,45260,9248813.0,30095351.0,5780366099.559995
99509,82187,5258026.0,79677945.0,5574554313.579986
00003,147866,14346885.0,20180301.0,5330165952.5399885
T2023,72685,11646618.0,12595953.0,5213703804.740006
T1016,203939,33883394.0,98273616.0,5212118019.49999
97153,73515,2018301.0,26012994.0,5146687913.109999
97110,1137186,38834892.0,135669845.0,4962727015.449999
S9124,23623,913358.0,11998345.0,4956847254.219997
S5130,125420,7793135.0,87575527.0,4894878973.209994
H2036,34147,1519281.0,18209988.0,4700742263.229998
T2031,64890,1767067.0,14265863.0,4653708307.009996
H0036,279936,13613698.0,56498126.0,4540606914.250103
G0463,812350,58015043.0,72375290.0,4447234569.649951
S5126,1905,1973757.0,49138345.0,4443797124.69
H0018,32016,1322160.0,10693683.0,4400753703.570002
T2046,28859,1003202.0,14075770.0,4189601279.489996
U0003,170897,49314205.0,68714959.0,4128082572.0899816
A0100,69392,25452658.0,157024238.0,3993212793.5700006
H2022,20860,1003634.0,7894247.0,3928019188.6699986
99212,1841599,76120004.0,92299154.0,3847648825.1202383
D0120,2280791,130457725.0,136235319.0,3814964188.5898576
H0015,125407,3724900.0,25053675.0,3809191242.519972
T2022,72494,16785628.0,18391337.0,3746599810.360003
T2025,26437,2875845.0,20538486.0,3628332154.7499943
D1120,1699599,104558849.0,108321764.0,3624050261.269848
90832,841396,37546209.0,65774815.0,3570225511.9299254
H2010,105183,9810276.0,27518924.0,3500042360.209998
A0425,473720,62689727.0,121772109.0,3454672105.3399897
74177,781973,24787458.0,26928547.0,3323587917.0099897
99203,1543645,44445079.0,47756882.0,3225842829.1999516
H0038,138423,6326722.0,30385812.0,3117594686.139998
80307,463577,55301052.0,85461430.0,2992428809.6200466
H0044,30922,2636047.0,3051826.0,2982141222.3000073
99204,1176939,30167906.0,32379031.0,2979909396.450029
S5150,49051,3531452.0,34505170.0,2977456445.680005
99232,1525745,32691320.0,96610775.0,2932275950.8399386
D2392,785138,20393012.0,36235346.0,2869556895.1600966
T2017,20389,1150929.0,13887144.0,2849724381.470002
99215,926376,25340122.0,29619773.0,2771835859.300027
T1003,42668,2179721.0,12404681.0,2759177664.0100036
99392,1367476,38068580.0,41373785.0,2727768296.3699713
H2021,39377,1867175.0,14309379.0,2661392215.180001
99233,1032481,20935898.0,57616401.0,2607048925.5300126
H0040,40846,1975321.0,13180933.0,2572672053.6699977
D1110,1598227,55647935.0,58293656.0,2537761528.480013
99282,547833,22263767.0,24203945.0,2526347399.160029
G0156,52701,2250778.0,49714941.0,2486018120.170001
99391,1228034,33037065.0,37076781.0,2473077262.96999
H0032,221302,10999251.0,20015725.0,2443669164.6799984
T2003,169070,12566260.0,108696965.0,2441359438.2500014
96361,297849,16489288.0,20950721.0,2419209797.620015
T1018,44188,4779038.0,32480648.0,2369210319.230023
S9123,34147,1803424.0,9197918.0,2337005974.6299977
W1793,10028,527089.0,13098743.0,2256074210.529999
G9012,52632,8270802.0,20935656.0,2253706985.5099998
99199,116848,119979378.0,173326821.0,2244557524.6499653
S5136,7280,406627.0,6358331.0,2243358095.9999967
S5170,36119,11645710.0,122192059.0,2241711930.2500024
D2930,223759,5632996.0,16494186.0,2166119060.340003
G0378,130742,7150821.0,12043339.0,2159102251.58
A0130,83584,8527699.0,56277367.0,2149807062.0999994
70450,926017,31444453.0,35130760.0,2128298144.480016
S9484,19396,1618451.0,4527776.0,2115456782.070002
G9005,9151,10715973.0,12898667.0,2075643464.4400017
H0046,91834,4412358.0,18653459.0,2053184468.6800022
93306,700526,18942719.0,20462495.0,1991258854.2300017
H2012,52319,1701995.0,15388000.0,1988568580.8399975
99393,1064407,29004311.0,31410444.0,1987400169.9199345
T2013,11581,573523.0,12241625.0,1973060556.0700033
80053,1664536,191124835.0,226139755.0,1951315122.2699
90791,467317,14119006.0,16146970.0,1938448204.3999937
G0299,144999,6714696.0,34048381.0,1908639009.000002
E1390,291212,33114896.0,37800973.0,1894193726.3200083
H0043,20108,1457966.0,14374131.0,1887844846.9199998
T1502,40326,2827270.0,39292553.0,1869997730.739999
H2011,71153,3433025.0,6613568.0,1863200894.4400005
92014,994516,32590752.0,34678723.0,1855061785.430018
A0428,115552,10997316.0,21403107.0,1828756960.0599937
H0035,25168,1277289.0,14129079.0,1807047518.470001
T2020,27809,1472778.0,16056676.0,1806987216.5099995
S5135,29326,1470440.0,22550913.0,1771174312.869999
D0150,1337726,44129013.0,46846802.0,1757757811.2800379
99211,560277,32259778.0,44127221.0,1731507495.7999885
S5100,38512,1619507.0,16128307.0,1729716817.4599986
S5108,7345,809049.0,12092329.0,1720759449.170001
T1005,56780,2412269.0,23726217.0,1716881429.0499995
H0039,34236,1842531.0,13404413.0,1703584181.9100008
S5105,21445,1985970.0,21224538.0,1657314393.64
H0010,10085,547833.0,3875371.0,1636591319.6299992
0450,62285,16340750.0,18488280.0,1617303226.2200139
D1351,527999,16304114.0,61783307.0,1601573177.149984
97535,130552,4552457.0,21914840.0,1598401821.030004
S0215,77811,11358883.0,57790437.0,1544352327.6100004
T1002,95312,5951011.0,13932247.0,1515751669.2499945
D8670,144031,10370019.0,11143838.0,1514897978.6100016
43239,221273,5488164.0,5956836.0,1512205741.059999
D7140,449691,10800064.0,23686863.0,1477748652.9599793
92508,453977,33972157.0,110042491.0,1458873527.4699464
D1206,1169896,74829666.0,77773830.0,1443017133.7298896
88305,680642,28488376.0,33352065.0,1442671301.9400067
97155,68403,1954675.0,9439184.0,1441434242.0999966
S9122,18024,637937.0,12233963.0,1428107925.0600004
G0300,62805,2141302.0,17064855.0,1394181786.0099971
87491,354411,60779963.0,65707272.0,1391269612.5000055
D2391,556452,13241827.0,22805479.0,1388117898.4800208
99223,629947,14031414.0,15724018.0,1328324527.2999992
H2020,63204,2078045.0,7996240.0,1320072437.5800025
90460,1188311,52757966.0,68551665.0,1315894786.5400193
99291,285635,5752369.0,10902745.0,1313592202.1400027
92004,674558,19656773.0,20638089.0,1297311113.4600203
87591,345388,60215497.0,65183176.0,1284234442.950004
H2018,8430,768358.0,4269218.0,1284114421.0600002
90853,269812,10309447.0,35579531.0,1281352751.3799946
85025,2259404,227368740.0,276124130.0,1268183294.6499653
H0031,147120,8043579.0,10496976.0,1242653261.7999969
H0005,154725,5748648.0,23222742.0,1241455043.6399975
99394,686970,17425695.0,18994962.0,1237413323.0600119
G0480,153217,17658797.0,26079221.0,1237348004.3600082
H0011,11676,583636.0,3724085.0,1233576104.899999
J9271,7201,158878.0,230803.0,1229899613.4
H0023,17393,2987275.0,9489348.0,1229871219.5100007
96374,569912,30889435.0,36482989.0,1222059064.0999982
T1041,46006,1359332.0,1364087.0,1212193093.360008
G0483,46901,6897204.0,10906035.0,1152646948.0199974
H2035,18548,845352.0,8557719.0,1145669127.0400007
S5145,9777,442367.0,6247271.0,1124835072.449999
D7210,168445,4315096.0,10401864.0,1119961530.4099963
74176,343616,9340485.0,10243561.0,1099230928.0099978
90847,168547,6027616.0,10531444.0,1092016160.690006
90792,271850,7489930.0,8419882.0,1090614935.179996
D1208,1170690,68564692.0,70737820.0,1083552960.719978
S9083,116953,9314354.0,10509615.0,1076138930.6299946
96365,191631,9021554.0,12833815.0,1071539000.8299989
G2067,20575,2210326.0,7609377.0,1071044434.5899999
B4161,23262,1914181.0,2701000.0,1049842847.0300004
D0274,1310604,45127316.0,46867644.0,1046551415.5100769
81420,9896,3182919.0,3494267.0,1025001944.6500003
87635,392278,22362160.0,25850711.0,1018708178.7900567
T2030,25801,760578.0,891837.0,1017192384.1
A0120,68008,7899418.0,39043765.0,1000327218.9699998
T1025,10687,328578.0,4374172.0,996683448.6500001
D0999,78155,5126271.0,6424392.0,995597894.8299985
H0034,53257,4364048.0,8080524.0,972148045.2499987
T1027,60061,3326675.0,10406447.0,960684952.3700002
T2048,3593,112827.0,968519.0,958744313.6400001
A9276,7514,2378912.0,2806897.0,958644853.1200012
D0230,1400453,69309054.0,149565588.0,940042718.2000335
H0037,9204,1134038.0,5103231.0,936263191.9899998
36415,2730219,181860997.0,224973443.0,935786355.6899555
S9485,16231,1161662.0,2442431.0,931057143.1299996
S0280,13486,5083508.0,6581849.0,925803457.790001
71046,1380029,57493214.0,63003343.0,922535415.1000029
97112,387655,11474291.0,37646570.0,920641759.3099984
T4527,86326,10358429.0,10977971.0,919615290.7700005
71045,1858018,88154900.0,112591845.0,916817062.7200036
77067,421307,15955359.0,16804864.0,916756103.7699962
A0431,10055,452055.0,517462.0,915251588.1099997
H2013,3616,109561.0,1225020.0,912934600.2400001
D0330,734043,22321152.0,23644453.0,909413985.2599953
G0467,274935,15215878.0,19666126.0,909015664.509997
41899,28813,900202.0,1028626.0,903204333.440001
V2020,767111,44836282.0,47732976.0,887648201.930012
97140,465901,15083780.0,45357985.0,886919429.720002
T2012,3890,177251.0,4847167.0,873982247.5600001
T4535,103171,21179598.0,22240699.0,850819425.6600004
B4035,54245,4407146.0,6872390.0,837051290.2799997
T2026,3279,241887.0,4631122.0,818575263.7400004
D0220,1658833,75580812.0,80066712.0,816074762.0399579
D0272,1061440,49243535.0,51038487.0,799186470.3499577
