CLAIM_FROM_MONTH,0295T,0296T,0297T,0298T,0464T,11104,11105,23500,23600,25600,27447,27500,27750,27786,28470,29826,29827,71250,71260,75557,75561,75563,75565,75574,81240,81241,82542,82570,82785,83497,83520,84150,85025,85240,85244,85245,85246,85247,85250,85260,85270,85300,85303,85305,85306,85379,85384,85390,85576,85597,85610,85652,85730,86038,86140,86146,86147,86148,86160,86161,86162,86235,86317,86355,86357,86359,86360,86665,86769,86790,88305,88314,88341,88342,88356,92552,92553,92557,92588,93000,93040,93041,93042,93224,93225,93226,93227,93241,93242,93243,93244,93245,93246,93247,93248,93303,93306,93660,94761,94762,95816,95885,95886,95907,95908,95909,95910,95911,95912,95913,95921,95922,95923,95992,96131,96132,96133
2018-01-01,,45.0,566.0,88.0,,,,36.0,,293.0,48.0,,19.0,58.0,22.0,55.0,14.0,27478.0,43766.0,17.0,73.0,,93.0,290.0,1458.0,1779.0,13973.0,249397.0,20991.0,1758.0,15666.0,,3061748.0,1593.0,64.0,1008.0,1337.0,267.0,80.0,,50.0,677.0,727.0,299.0,840.0,42337.0,5746.0,1082.0,648.0,381.0,459286.0,134448.0,196207.0,64320.0,159252.0,2947.0,4766.0,727.0,16122.0,298.0,1366.0,17470.0,20623.0,2999.0,2423.0,9727.0,17495.0,9789.0,,589.0,362033.0,597.0,8023.0,41545.0,1443.0,54111.0,1734.0,27595.0,8249.0,185016.0,3237.0,15207.0,10188.0,2891.0,2409.0,4191.0,2180.0,,,,,,,,,25388.0,210538.0,42.0,22414.0,3823.0,7388.0,1782.0,18923.0,34.0,506.0,1009.0,1988.0,3631.0,2052.0,1968.0,1983.0,219.0,5089.0,103.0,,,
2018-02-01,,108.0,705.0,192.0,,,,13.0,,385.0,78.0,,,22.0,,15.0,,23265.0,36996.0,,65.0,,73.0,235.0,1656.0,2031.0,11986.0,233761.0,20460.0,1445.0,14903.0,,2733730.0,1400.0,80.0,1002.0,1291.0,277.0,50.0,,60.0,611.0,664.0,337.0,795.0,37551.0,4938.0,884.0,823.0,356.0,406863.0,124537.0,173767.0,60749.0,144054.0,2600.0,4354.0,644.0,14424.0,204.0,1214.0,15923.0,18024.0,2627.0,2197.0,8532.0,15806.0,9622.0,,464.0,337171.0,452.0,7619.0,38696.0,1075.0,51545.0,1562.0,25635.0,6916.0,170310.0,3046.0,14368.0,8086.0,2858.0,2405.0,4360.0,2067.0,,,,,,,,,22642.0,190552.0,51.0,20302.0,3307.0,7307.0,1353.0,17631.0,67.0,432.0,948.0,1908.0,3012.0,2138.0,1704.0,2201.0,162.0,5225.0,77.0,,,
2018-03-01,14.0,112.0,908.0,276.0,,,,13.0,,422.0,127.0,,,50.0,35.0,27.0,40.0,27596.0,42410.0,12.0,131.0,,118.0,320.0,1629.0,1940.0,13016.0,254825.0,24694.0,1054.0,16866.0,,2959978.0,1572.0,67.0,1112.0,1433.0,302.0,78.0,,57.0,672.0,732.0,371.0,842.0,43575.0,5582.0,991.0,664.0,416.0,452845.0,137519.0,195294.0,67361.0,159196.0,3048.0,4925.0,710.0,15644.0,279.0,1261.0,18250.0,20677.0,2965.0,2422.0,8723.0,16206.0,10317.0,,920.0,374407.0,499.0,9148.0,44388.0,1191.0,60786.0,1914.0,28652.0,9431.0,189474.0,3886.0,14946.0,9153.0,3444.0,2684.0,4972.0,2480.0,,,,,,,,,26041.0,219524.0,22.0,18494.0,4009.0,8545.0,1754.0,19108.0,94.0,429.0,1184.0,2148.0,3440.0,2613.0,2240.0,2277.0,196.0,5457.0,94.0,,,
2018-04-01,15.0,106.0,889.0,191.0,,,,,,666.0,52.0,,,87.0,47.0,31.0,30.0,25878.0,40153.0,18.0,162.0,,202.0,294.0,1408.0,1715.0,12921.0,245292.0,26129.0,1069.0,16208.0,,2880200.0,1761.0,93.0,1133.0,1460.0,293.0,57.0,,41.0,583.0,671.0,358.0,814.0,42156.0,5359.0,927.0,736.0,302.0,440740.0,134227.0,190128.0,66689.0,155072.0,2827.0,4656.0,650.0,15975.0,269.0,1373.0,18299.0,20877.0,2947.0,2366.0,9041.0,16783.0,9443.0,,769.0,367721.0,477.0,8012.0,42625.0,1116.0,63653.0,2226.0,28295.0,9139.0,189325.0,3761.0,14567.0,8272.0,3584.0,2816.0,4788.0,2547.0,,,,,,,,,24698.0,211696.0,59.0,18737.0,3380.0,8543.0,1534.0,18952.0,92.0,516.0,907.0,1977.0,3404.0,2089.0,2111.0,2048.0,207.0,4766.0,64.0,,,
2018-05-01,14.0,188.0,1048.0,183.0,,,,,,1019.0,48.0,,14.0,80.0,55.0,13.0,,27656.0,43631.0,,198.0,,109.0,321.0,1418.0,1770.0,13386.0,247884.0,27368.0,1112.0,17074.0,,2945162.0,1926.0,117.0,1357.0,1674.0,368.0,97.0,27.0,78.0,665.0,756.0,356.0,867.0,44378.0,5166.0,1035.0,741.0,391.0,457086.0,138762.0,199498.0,68393.0,159728.0,3173.0,4964.0,634.0,16176.0,243.0,1269.0,19226.0,20358.0,2952.0,2479.0,9237.0,17093.0,9541.0,,1075.0,390329.0,440.0,9143.0,47145.0,1085.0,64053.0,2063.0,29441.0,8479.0,200227.0,3782.0,15269.0,8797.0,3728.0,3006.0,4913.0,2616.0,,,,,,,,,26248.0,222399.0,42.0,18888.0,4047.0,8709.0,1869.0,21458.0,120.0,584.0,1228.0,2091.0,4045.0,2338.0,2173.0,2074.0,239.0,4633.0,120.0,,,
2018-06-01,36.0,198.0,946.0,201.0,,,,12.0,,456.0,50.0,,27.0,,13.0,,,25329.0,39889.0,22.0,70.0,,116.0,357.0,1279.0,1549.0,11195.0,223670.0,22708.0,792.0,16161.0,,2727213.0,1590.0,88.0,996.0,1369.0,271.0,55.0,,35.0,661.0,763.0,335.0,841.0,39783.0,5045.0,914.0,631.0,350.0,425640.0,125010.0,187800.0,59993.0,144779.0,2550.0,4317.0,692.0,13963.0,207.0,1153.0,16569.0,18981.0,2646.0,2211.0,8294.0,15395.0,7421.0,,883.0,348904.0,409.0,8267.0,41066.0,1058.0,66189.0,1736.0,24827.0,7545.0,169586.0,3182.0,13366.0,8251.0,3137.0,2237.0,4212.0,2091.0,,,,,,,,,23165.0,199780.0,56.0,15648.0,3249.0,7219.0,1367.0,17119.0,56.0,443.0,856.0,1741.0,3370.0,1910.0,1897.0,1983.0,236.0,4304.0,81.0,,,
2018-07-01,,170.0,845.0,190.0,,,,,,404.0,74.0,,20.0,,41.0,12.0,,23867.0,41173.0,,131.0,,84.0,389.0,1481.0,1797.0,10863.0,225384.0,21154.0,908.0,17183.0,,2840497.0,1593.0,104.0,1048.0,1458.0,300.0,64.0,,61.0,708.0,800.0,378.0,924.0,41413.0,5285.0,934.0,678.0,414.0,436456.0,127130.0,190710.0,60891.0,148127.0,2711.0,4469.0,701.0,14204.0,240.0,1231.0,17081.0,19250.0,2627.0,2245.0,8371.0,15795.0,7332.0,,1011.0,341411.0,321.0,7953.0,40084.0,831.0,83437.0,1950.0,25012.0,7353.0,169518.0,3313.0,12951.0,8821.0,2938.0,2348.0,4134.0,1993.0,,,,,,,,,24290.0,201120.0,41.0,17799.0,3144.0,7136.0,1262.0,16947.0,54.0,442.0,883.0,1709.0,3210.0,1923.0,1742.0,1871.0,214.0,4183.0,34.0,,,
2018-08-01,33.0,203.0,918.0,268.0,,,,,,497.0,54.0,,,17.0,,13.0,,26935.0,42519.0,16.0,140.0,,153.0,410.0,1414.0,1774.0,12305.0,239582.0,23517.0,1515.0,19249.0,,2998112.0,1873.0,92.0,1267.0,1592.0,400.0,82.0,,60.0,679.0,803.0,362.0,900.0,42111.0,5887.0,1049.0,726.0,413.0,445656.0,137150.0,196435.0,66708.0,158284.0,3089.0,5065.0,842.0,15679.0,317.0,1277.0,18965.0,21322.0,3159.0,2798.0,9155.0,17353.0,8494.0,,797.0,385559.0,330.0,10066.0,47607.0,859.0,112652.0,2573.0,30465.0,11584.0,194163.0,3514.0,13067.0,8106.0,3828.0,2794.0,5040.0,2798.0,,,,,,,,,27872.0,220694.0,90.0,18086.0,3542.0,7952.0,1724.0,20652.0,31.0,526.0,1166.0,1945.0,3905.0,2380.0,2206.0,1816.0,217.0,4095.0,15.0,,,
2018-09-01,68.0,184.0,931.0,214.0,,,,,,637.0,33.0,33.0,,74.0,13.0,,,22488.0,37466.0,,76.0,,136.0,310.0,1243.0,1560.0,11602.0,206232.0,20167.0,782.0,17493.0,,2641794.0,1564.0,50.0,1056.0,1399.0,312.0,80.0,20.0,71.0,550.0,611.0,267.0,750.0,39238.0,4885.0,856.0,594.0,364.0,393730.0,119382.0,177117.0,56700.0,140437.0,2573.0,4123.0,650.0,13340.0,219.0,1085.0,16654.0,17298.0,2839.0,2430.0,8053.0,14984.0,7516.0,,446.0,319389.0,335.0,7514.0,37713.0,551.0,69734.0,1769.0,22354.0,10059.0,158114.0,3047.0,12106.0,8514.0,2660.0,2150.0,3909.0,1900.0,,,,,,,,,22649.0,183028.0,64.0,16426.0,3046.0,6484.0,1093.0,16156.0,,287.0,655.0,1393.0,3002.0,1942.0,1731.0,1388.0,116.0,3231.0,,,,
2018-10-01,129.0,325.0,1203.0,344.0,,,,34.0,,910.0,53.0,41.0,,102.0,,18.0,,27425.0,41652.0,17.0,150.0,,130.0,395.0,1635.0,1999.0,12694.0,237803.0,23255.0,944.0,18591.0,,2864891.0,2145.0,74.0,1347.0,1760.0,338.0,76.0,16.0,47.0,769.0,849.0,336.0,976.0,40888.0,5593.0,1174.0,679.0,456.0,431410.0,138818.0,191123.0,67464.0,161835.0,3140.0,4910.0,948.0,16774.0,246.0,1269.0,19318.0,18909.0,3497.0,3009.0,9653.0,17814.0,9965.0,,693.0,387942.0,557.0,10326.0,48695.0,736.0,76222.0,1942.0,31497.0,10155.0,201459.0,3882.0,12797.0,8245.0,4267.0,2803.0,4510.0,2493.0,,,,,,,,,27717.0,221814.0,118.0,17070.0,3781.0,8997.0,1582.0,20368.0,12.0,546.0,934.0,1865.0,4181.0,2324.0,2044.0,1478.0,159.0,4172.0,17.0,,,
2018-11-01,49.0,163.0,958.0,174.0,,,,29.0,,366.0,35.0,,12.0,83.0,24.0,,,23986.0,36374.0,13.0,88.0,,107.0,308.0,1173.0,1448.0,11566.0,205930.0,19889.0,736.0,17864.0,,2560032.0,1618.0,79.0,1108.0,1432.0,315.0,72.0,,50.0,623.0,687.0,326.0,813.0,36887.0,5558.0,1150.0,451.0,352.0,400100.0,121516.0,173260.0,56915.0,143771.0,2777.0,4429.0,643.0,14383.0,275.0,1202.0,16925.0,16787.0,2755.0,2391.0,7742.0,14737.0,8591.0,,613.0,327770.0,408.0,8170.0,40652.0,568.0,59690.0,1406.0,23607.0,8036.0,157208.0,2727.0,11875.0,7563.0,2683.0,2075.0,3717.0,1810.0,,,,,,,,,23538.0,183688.0,117.0,16830.0,3425.0,6621.0,1158.0,16357.0,26.0,326.0,711.0,1342.0,3039.0,1700.0,1819.0,1277.0,99.0,3257.0,14.0,,,
2018-12-01,41.0,158.0,1012.0,179.0,,,,12.0,,285.0,20.0,,12.0,68.0,30.0,12.0,,24000.0,34258.0,,55.0,,102.0,308.0,1065.0,1328.0,10629.0,188486.0,18232.0,627.0,18047.0,,2565413.0,1247.0,46.0,869.0,1227.0,270.0,47.0,,41.0,561.0,623.0,275.0,739.0,40803.0,6905.0,984.0,660.0,307.0,402973.0,112865.0,182489.0,50990.0,142933.0,2667.0,4066.0,732.0,12518.0,255.0,1232.0,15238.0,16492.0,2927.0,2563.0,7961.0,14670.0,8161.0,,444.0,280024.0,365.0,6866.0,33509.0,464.0,45192.0,1318.0,18961.0,6897.0,135441.0,2496.0,12222.0,8791.0,2219.0,1930.0,3421.0,1608.0,,,,,,,,,21340.0,175813.0,33.0,17405.0,3505.0,6132.0,890.0,12711.0,,311.0,493.0,1148.0,2432.0,1321.0,1205.0,1346.0,57.0,2803.0,14.0,,,
2019-01-01,93.0,276.0,1239.0,231.0,,1451.0,273.0,,,313.0,62.0,,15.0,73.0,,,,30237.0,44550.0,31.0,173.0,,160.0,410.0,1594.0,2022.0,13379.0,251571.0,25439.0,884.0,27748.0,,3112022.0,1933.0,53.0,1404.0,1719.0,415.0,64.0,12.0,65.0,829.0,798.0,324.0,1015.0,47878.0,8578.0,1157.0,816.0,386.0,466214.0,148228.0,217890.0,69637.0,180414.0,3468.0,5668.0,946.0,17854.0,393.0,1679.0,21374.0,22115.0,3960.0,3334.0,11619.0,21841.0,10778.0,,650.0,382948.0,437.0,10660.0,50557.0,689.0,65903.0,2316.0,30781.0,9187.0,205448.0,3645.0,12869.0,10476.0,3400.0,2905.0,4633.0,2614.0,,,,,,,,,28990.0,229813.0,106.0,19075.0,4734.0,8846.0,1146.0,19673.0,53.0,354.0,945.0,1748.0,3957.0,2193.0,1979.0,2391.0,172.0,4624.0,36.0,7505.0,2961.0,1797.0
2019-02-01,38.0,319.0,1321.0,210.0,19.0,1269.0,184.0,14.0,,340.0,64.0,,,17.0,22.0,45.0,16.0,27482.0,37156.0,,135.0,,162.0,422.0,1387.0,1688.0,13605.0,229572.0,24594.0,994.0,24593.0,,2860620.0,1835.0,61.0,1171.0,1649.0,413.0,83.0,15.0,76.0,650.0,701.0,322.0,830.0,44950.0,7928.0,1029.0,912.0,428.0,429710.0,134794.0,203631.0,63535.0,166012.0,3435.0,5357.0,869.0,16241.0,429.0,1621.0,19671.0,18853.0,3760.0,3225.0,9927.0,18745.0,10312.0,,754.0,355971.0,325.0,9123.0,45368.0,542.0,58173.0,1836.0,27069.0,7168.0,181828.0,3147.0,12602.0,8254.0,2791.0,2703.0,4713.0,2408.0,,,,,,,,,26832.0,210036.0,100.0,17555.0,4275.0,8344.0,1104.0,17174.0,38.0,326.0,870.0,1406.0,3378.0,1959.0,1599.0,2074.0,139.0,3757.0,,8321.0,2733.0,1982.0
2019-03-01,105.0,367.0,1521.0,308.0,48.0,1240.0,331.0,13.0,,649.0,45.0,,,130.0,41.0,52.0,,32054.0,44207.0,,131.0,,132.0,541.0,1452.0,1796.0,13934.0,246648.0,29807.0,717.0,27325.0,,3160248.0,2165.0,69.0,1452.0,1958.0,535.0,99.0,13.0,110.0,818.0,923.0,420.0,1068.0,52292.0,8686.0,1335.0,1073.0,501.0,472596.0,148946.0,228179.0,71427.0,182658.0,3840.0,6054.0,1042.0,17658.0,325.0,1737.0,22109.0,22283.0,3911.0,3231.0,10243.0,19233.0,11572.0,,703.0,386333.0,306.0,10278.0,49476.0,492.0,65510.0,1991.0,30687.0,8012.0,199602.0,3480.0,14255.0,9918.0,3679.0,2951.0,5124.0,2729.0,,,,,,,,,28815.0,237691.0,79.0,19281.0,4405.0,9326.0,1422.0,20075.0,81.0,382.0,1046.0,1979.0,3798.0,2253.0,1654.0,2203.0,193.0,4314.0,57.0,8826.0,3495.0,2352.0
2019-04-01,59.0,510.0,1766.0,380.0,,1336.0,303.0,,,961.0,79.0,,,51.0,,87.0,25.0,31566.0,44786.0,15.0,198.0,,208.0,605.0,1383.0,1872.0,14198.0,247392.0,32070.0,723.0,27233.0,,3139963.0,2382.0,75.0,1673.0,2157.0,447.0,110.0,16.0,76.0,753.0,868.0,377.0,968.0,49345.0,7864.0,1515.0,1086.0,489.0,463152.0,152849.0,222507.0,71793.0,185113.0,4012.0,6262.0,1109.0,18539.0,379.0,1760.0,22977.0,22804.0,4211.0,3485.0,10964.0,20622.0,10805.0,,685.0,413149.0,355.0,11322.0,54428.0,573.0,69832.0,1902.0,34526.0,8123.0,211170.0,3328.0,13840.0,9709.0,4248.0,2984.0,5220.0,2980.0,,,,,,,,,30423.0,241512.0,79.0,17822.0,4304.0,9723.0,1607.0,21728.0,82.0,428.0,1092.0,2074.0,4163.0,2098.0,2001.0,2975.0,271.0,4798.0,66.0,8822.0,3764.0,2445.0
2019-05-01,165.0,462.0,1896.0,325.0,,1496.0,426.0,15.0,,1012.0,75.0,,26.0,94.0,38.0,,,32074.0,45387.0,,222.0,,242.0,642.0,1320.0,1804.0,14153.0,241923.0,30783.0,861.0,27487.0,,3132999.0,2104.0,100.0,1586.0,2003.0,459.0,99.0,28.0,87.0,750.0,845.0,366.0,986.0,51245.0,8205.0,1407.0,939.0,493.0,471035.0,151640.0,227862.0,70776.0,184285.0,3985.0,5791.0,1190.0,17987.0,355.0,1731.0,21715.0,23218.0,4051.0,3284.0,10641.0,20417.0,10847.0,,760.0,419948.0,445.0,11515.0,55381.0,632.0,67416.0,2166.0,34503.0,7886.0,210619.0,3272.0,13903.0,9542.0,3977.0,3186.0,5356.0,2969.0,,,,,,,,,30256.0,243671.0,109.0,18282.0,4197.0,9103.0,1505.0,22133.0,36.0,467.0,1154.0,2194.0,4272.0,2196.0,2046.0,3318.0,241.0,4856.0,71.0,8863.0,4101.0,2807.0
2019-06-01,91.0,340.0,1740.0,327.0,,912.0,245.0,,,656.0,39.0,,,51.0,37.0,28.0,27.0,27030.0,41899.0,,114.0,,177.0,602.0,1282.0,1664.0,13384.0,218518.0,27191.0,949.0,25354.0,,2915755.0,1874.0,35.0,1349.0,1683.0,393.0,70.0,18.0,58.0,677.0,723.0,303.0,907.0,46716.0,7998.0,1128.0,711.0,394.0,437855.0,136604.0,215653.0,62936.0,166626.0,3442.0,5212.0,1026.0,15480.0,242.0,1463.0,19244.0,21850.0,3669.0,2978.0,9255.0,17789.0,8703.0,,685.0,370104.0,382.0,9465.0,44735.0,565.0,71103.0,1855.0,33640.0,6605.0,181763.0,3009.0,13161.0,9563.0,3223.0,2345.0,4375.0,2389.0,,,,,,,,,26638.0,214038.0,75.0,14918.0,3992.0,7786.0,1441.0,17853.0,13.0,335.0,777.0,1631.0,3352.0,1854.0,1682.0,2729.0,255.0,3947.0,47.0,5529.0,3176.0,2039.0
2019-07-01,154.0,422.0,1988.0,314.0,,1174.0,237.0,,,494.0,47.0,,12.0,,,13.0,28.0,29996.0,45167.0,29.0,121.0,,180.0,561.0,1322.0,1737.0,14382.0,234626.0,27918.0,585.0,27805.0,,3150548.0,2193.0,101.0,1508.0,2006.0,455.0,93.0,37.0,77.0,808.0,852.0,386.0,1001.0,48855.0,8389.0,1231.0,805.0,486.0,463486.0,149357.0,225361.0,67705.0,180127.0,3707.0,5703.0,983.0,17237.0,314.0,1629.0,21020.0,23723.0,4004.0,3169.0,9841.0,19247.0,8946.0,,790.0,392776.0,327.0,10995.0,51589.0,479.0,97376.0,2427.0,48188.0,8211.0,198091.0,3404.0,13950.0,10272.0,3255.0,2639.0,5041.0,2269.0,,,,,,,,,29592.0,229499.0,44.0,16427.0,4423.0,8514.0,1604.0,19125.0,51.0,355.0,875.0,1735.0,3592.0,2028.0,2009.0,2836.0,492.0,4120.0,49.0,5366.0,3548.0,2306.0
2019-08-01,13.0,395.0,1961.0,551.0,,1243.0,406.0,,,559.0,52.0,,12.0,31.0,31.0,28.0,,30136.0,45695.0,,199.0,,117.0,626.0,1203.0,1650.0,13952.0,234985.0,28682.0,677.0,29560.0,,3201057.0,2414.0,88.0,1733.0,2199.0,589.0,99.0,32.0,100.0,810.0,944.0,386.0,1068.0,48713.0,8525.0,1336.0,877.0,409.0,458695.0,150940.0,225883.0,69182.0,182670.0,3912.0,5830.0,1103.0,17578.0,432.0,1575.0,21139.0,24084.0,3982.0,3312.0,9977.0,19889.0,9363.0,,818.0,406477.0,417.0,11482.0,53343.0,612.0,134007.0,2837.0,61514.0,9520.0,205010.0,3477.0,14580.0,10365.0,3787.0,2830.0,5114.0,2449.0,,,,,,,,,30410.0,234439.0,47.0,16861.0,5067.0,8470.0,1622.0,20099.0,31.0,317.0,1021.0,1970.0,4238.0,1990.0,1999.0,2707.0,620.0,3844.0,19.0,5370.0,3497.0,2392.0
2019-09-01,23.0,496.0,1976.0,445.0,,1275.0,250.0,,,1021.0,25.0,,,79.0,66.0,23.0,12.0,28628.0,43719.0,,99.0,,69.0,489.0,1118.0,1498.0,12902.0,224702.0,26536.0,590.0,29532.0,,3075405.0,2245.0,87.0,1545.0,1965.0,401.0,116.0,,58.0,716.0,818.0,339.0,942.0,48914.0,7696.0,941.0,784.0,363.0,443095.0,146997.0,220375.0,65812.0,181603.0,3915.0,5770.0,1147.0,17003.0,454.0,1513.0,20563.0,21854.0,3877.0,3291.0,9918.0,18848.0,10098.0,,670.0,384107.0,380.0,10465.0,50158.0,622.0,92572.0,2239.0,71754.0,7943.0,195188.0,2952.0,14157.0,10474.0,3410.0,2764.0,4763.0,2363.0,,,,,,,,,29003.0,219672.0,98.0,17486.0,5057.0,8059.0,1415.0,18505.0,75.0,292.0,941.0,1629.0,3394.0,2045.0,1758.0,2969.0,474.0,3916.0,81.0,6104.0,3455.0,2027.0
2019-10-01,35.0,605.0,2272.0,497.0,,1435.0,306.0,53.0,,938.0,51.0,,41.0,84.0,85.0,41.0,,34584.0,49499.0,27.0,166.0,,196.0,936.0,1370.0,1801.0,15128.0,249521.0,29691.0,622.0,34102.0,,3279351.0,2831.0,115.0,1876.0,2488.0,492.0,123.0,38.0,108.0,988.0,1054.0,584.0,1284.0,51163.0,8607.0,1345.0,652.0,450.0,474129.0,163633.0,238266.0,74835.0,200896.0,4758.0,7024.0,1207.0,19921.0,718.0,1701.0,23719.0,24881.0,4771.0,4034.0,12628.0,22913.0,12064.0,,998.0,445206.0,439.0,13232.0,61262.0,572.0,96831.0,2680.0,122135.0,8687.0,229731.0,3743.0,14096.0,9846.0,4278.0,3600.0,5638.0,2795.0,,,,,,,,,33652.0,254937.0,86.0,18477.0,5291.0,10092.0,1925.0,23372.0,81.0,468.0,1212.0,2263.0,4652.0,2433.0,2175.0,2988.0,687.0,4185.0,93.0,10214.0,5101.0,3090.0
2019-11-01,18.0,438.0,2015.0,357.0,,1051.0,349.0,,,379.0,37.0,,,41.0,50.0,14.0,,29094.0,40459.0,,97.0,,62.0,567.0,1048.0,1393.0,14652.0,207146.0,24114.0,516.0,29762.0,,2865784.0,2086.0,102.0,1429.0,1812.0,421.0,92.0,29.0,72.0,659.0,756.0,444.0,943.0,45649.0,7630.0,1192.0,611.0,364.0,415018.0,136353.0,208867.0,59524.0,172605.0,3328.0,5314.0,806.0,15138.0,416.0,1312.0,18525.0,21072.0,3750.0,3148.0,10305.0,18300.0,10073.0,,750.0,358902.0,437.0,9805.0,47594.0,573.0,76237.0,1914.0,113498.0,6760.0,174783.0,2726.0,12889.0,9376.0,2924.0,2629.0,4644.0,1950.0,,,,,,,,,27120.0,208319.0,92.0,17884.0,4497.0,8101.0,1455.0,16803.0,26.0,233.0,811.0,1335.0,3549.0,1847.0,1586.0,2221.0,447.0,3402.0,80.0,7682.0,3464.0,2066.0
2019-12-01,40.0,420.0,2227.0,471.0,,1066.0,451.0,12.0,,285.0,57.0,,14.0,34.0,29.0,,,28627.0,41414.0,,49.0,,47.0,627.0,861.0,1177.0,14973.0,201249.0,20810.0,538.0,28368.0,,2885326.0,1666.0,72.0,1141.0,1551.0,362.0,97.0,36.0,75.0,657.0,741.0,380.0,850.0,46167.0,7677.0,1137.0,558.0,314.0,419363.0,130011.0,207452.0,54687.0,170550.0,3287.0,4912.0,849.0,14861.0,522.0,1242.0,16932.0,19370.0,3853.0,3325.0,10052.0,18114.0,9313.0,47.0,535.0,327578.0,534.0,8770.0,41872.0,603.0,63133.0,1475.0,112216.0,5801.0,155722.0,2437.0,13125.0,9458.0,2417.0,2261.0,4285.0,2000.0,,,,,,,,,25798.0,202664.0,20.0,19496.0,4675.0,7302.0,1006.0,14224.0,43.0,189.0,562.0,1044.0,2971.0,1284.0,1411.0,1826.0,467.0,2736.0,32.0,6572.0,3344.0,1782.0
2020-01-01,22.0,736.0,2586.0,425.0,,1636.0,464.0,16.0,,416.0,62.0,,18.0,69.0,42.0,58.0,12.0,37318.0,50316.0,38.0,165.0,,155.0,748.0,1136.0,1534.0,16718.0,281738.0,28749.0,640.0,33624.0,,3465467.0,2535.0,110.0,1834.0,2266.0,452.0,137.0,16.0,86.0,1031.0,996.0,545.0,1201.0,53064.0,8486.0,1463.0,795.0,499.0,479839.0,170201.0,239870.0,75421.0,210563.0,5075.0,6842.0,1359.0,21052.0,609.0,1827.0,24030.0,24685.0,5049.0,4126.0,13873.0,24559.0,13126.0,,874.0,422241.0,536.0,11957.0,57545.0,626.0,85324.0,2389.0,132427.0,7438.0,230601.0,3200.0,14463.0,11543.0,3323.0,2891.0,5424.0,2632.0,,,,,,,,,33622.0,252718.0,71.0,18169.0,4926.0,9979.0,1830.0,22431.0,33.0,546.0,1594.0,2127.0,4450.0,2174.0,2236.0,2067.0,397.0,3842.0,132.0,10520.0,4952.0,2885.0
2020-02-01,21.0,585.0,2953.0,616.0,,1450.0,447.0,30.0,,546.0,51.0,31.0,37.0,106.0,82.0,26.0,28.0,33175.0,42642.0,27.0,121.0,,97.0,698.0,1373.0,1753.0,13300.0,253010.0,28701.0,543.0,31003.0,,3147236.0,2478.0,109.0,1609.0,2071.0,416.0,134.0,35.0,114.0,911.0,1028.0,481.0,1204.0,47350.0,7788.0,1181.0,716.0,397.0,438199.0,154054.0,222303.0,70349.0,190381.0,4765.0,6552.0,1443.0,19045.0,510.0,1730.0,22881.0,23223.0,4165.0,3513.0,11388.0,20414.0,12214.0,,938.0,386874.0,435.0,10889.0,52136.0,495.0,78101.0,2142.0,121889.0,6743.0,201607.0,3248.0,13602.0,9708.0,3196.0,3069.0,5675.0,2464.0,,,,,,,,,28721.0,232824.0,74.0,15046.0,3715.0,8242.0,1448.0,20084.0,28.0,282.0,1048.0,1751.0,4205.0,2126.0,1849.0,2413.0,420.0,4043.0,154.0,8753.0,4014.0,2626.0
2020-03-01,14.0,455.0,3216.0,618.0,,781.0,262.0,16.0,,435.0,20.0,79.0,,29.0,35.0,,,28822.0,37621.0,,59.0,,29.0,269.0,963.0,1309.0,10134.0,195842.0,20069.0,653.0,27925.0,,2596279.0,1595.0,53.0,1061.0,1376.0,265.0,110.0,12.0,95.0,771.0,740.0,404.0,839.0,42268.0,7018.0,910.0,632.0,367.0,379993.0,118227.0,182808.0,49695.0,154523.0,3737.0,5075.0,1075.0,14045.0,360.0,1284.0,16944.0,16356.0,3113.0,2614.0,8291.0,15531.0,8153.0,,449.0,280142.0,357.0,8980.0,37260.0,454.0,49577.0,1006.0,118093.0,4341.0,129472.0,2202.0,11959.0,7257.0,2332.0,1978.0,4192.0,1939.0,,,,,,,,,21579.0,172521.0,25.0,10700.0,3151.0,5307.0,702.0,12611.0,,112.0,470.0,1032.0,2452.0,1260.0,1452.0,995.0,333.0,2207.0,67.0,5692.0,2944.0,1843.0
2020-04-01,,251.0,1828.0,102.0,,463.0,252.0,,,116.0,,18.0,14.0,20.0,,,,14569.0,25589.0,,12.0,,15.0,48.0,501.0,700.0,5342.0,110909.0,7314.0,586.0,22832.0,,1708836.0,588.0,,424.0,663.0,113.0,38.0,,75.0,348.0,429.0,169.0,499.0,46797.0,7792.0,1220.0,363.0,214.0,276102.0,75217.0,123277.0,25231.0,123722.0,2227.0,2994.0,571.0,7482.0,119.0,651.0,8398.0,6496.0,1596.0,1282.0,4042.0,8509.0,3048.0,30002.0,205.0,91843.0,292.0,4123.0,11259.0,323.0,19329.0,260.0,77501.0,1451.0,45320.0,1135.0,9152.0,5455.0,1109.0,685.0,2007.0,722.0,,,,,,,,,12658.0,81749.0,31.0,6255.0,1681.0,2541.0,244.0,5505.0,,,130.0,262.0,1286.0,615.0,972.0,294.0,384.0,988.0,,3354.0,2365.0,1131.0
2020-05-01,,420.0,2117.0,184.0,,558.0,217.0,15.0,,280.0,,,,19.0,,31.0,32.0,24247.0,42022.0,,60.0,,30.0,277.0,708.0,1008.0,6257.0,162506.0,13759.0,587.0,28071.0,,2272523.0,1116.0,34.0,875.0,1173.0,289.0,44.0,,78.0,669.0,709.0,324.0,784.0,64647.0,11299.0,1756.0,651.0,311.0,355594.0,112902.0,179542.0,43917.0,164514.0,3317.0,4581.0,889.0,12616.0,284.0,1042.0,14108.0,11051.0,2787.0,2250.0,6839.0,13357.0,4665.0,214044.0,516.0,205217.0,245.0,6343.0,26362.0,259.0,39014.0,788.0,77561.0,2927.0,85084.0,1947.0,11993.0,7534.0,1751.0,1533.0,3315.0,1138.0,,,,,,,,,20830.0,147636.0,,9301.0,1716.0,4190.0,554.0,10642.0,,133.0,334.0,742.0,2128.0,1086.0,1205.0,480.0,354.0,1323.0,,3248.0,2485.0,1323.0
2020-06-01,,673.0,2841.0,547.0,,876.0,176.0,,,548.0,78.0,68.0,,22.0,29.0,103.0,54.0,34382.0,52103.0,16.0,172.0,,160.0,602.0,750.0,1168.0,8446.0,238363.0,22060.0,645.0,34602.0,,2901882.0,2193.0,104.0,1636.0,1891.0,451.0,110.0,27.0,152.0,844.0,952.0,464.0,1094.0,64683.0,11267.0,1994.0,905.0,426.0,421108.0,152342.0,217626.0,66394.0,201347.0,4762.0,6593.0,1236.0,18427.0,456.0,1522.0,21584.0,18641.0,4107.0,3381.0,10836.0,19915.0,6441.0,236032.0,991.0,349129.0,277.0,10274.0,49191.0,304.0,83434.0,1805.0,97267.0,5934.0,165529.0,2873.0,13778.0,9296.0,2856.0,2785.0,4983.0,2157.0,,,,,,,,,31063.0,216441.0,15.0,9199.0,2220.0,7513.0,1182.0,19221.0,27.0,320.0,960.0,1489.0,3737.0,1694.0,1900.0,1428.0,454.0,2978.0,,4150.0,3400.0,1767.0
2020-07-01,,952.0,3233.0,688.0,,1167.0,196.0,,,405.0,91.0,28.0,,21.0,37.0,27.0,12.0,35065.0,52464.0,,144.0,,120.0,723.0,798.0,1291.0,8071.0,241904.0,22985.0,608.0,35734.0,,3025855.0,2425.0,59.0,1645.0,2175.0,514.0,137.0,13.0,128.0,1028.0,1046.0,540.0,1276.0,79874.0,13366.0,2253.0,1088.0,567.0,436133.0,153431.0,231318.0,69140.0,214787.0,4759.0,6748.0,1121.0,18164.0,460.0,1495.0,21624.0,21825.0,4126.0,3390.0,11193.0,20051.0,6796.0,230664.0,1050.0,373891.0,241.0,11122.0,54048.0,324.0,97728.0,2272.0,110226.0,6785.0,186401.0,3115.0,15451.0,10089.0,2697.0,2815.0,5163.0,2593.0,,,,,,,,,31980.0,231608.0,13.0,11403.0,2409.0,8296.0,1418.0,21493.0,75.0,374.0,1001.0,1861.0,4359.0,1865.0,2262.0,1984.0,427.0,3699.0,90.0,4576.0,3439.0,1917.0
2020-08-01,14.0,759.0,3182.0,813.0,,1054.0,203.0,,,457.0,110.0,,,19.0,45.0,12.0,26.0,32584.0,51415.0,,224.0,,94.0,642.0,827.0,1153.0,7919.0,237812.0,22878.0,566.0,36132.0,,3024626.0,2369.0,114.0,1679.0,2044.0,526.0,110.0,36.0,164.0,965.0,1122.0,559.0,1264.0,71309.0,12950.0,2391.0,1076.0,568.0,436410.0,152110.0,234138.0,68193.0,207658.0,4876.0,6757.0,1218.0,17925.0,404.0,1708.0,22499.0,22649.0,3721.0,3124.0,10331.0,18910.0,6643.0,183998.0,1287.0,374022.0,248.0,10938.0,52596.0,299.0,115183.0,2614.0,106596.0,7385.0,186028.0,3305.0,15139.0,9650.0,3085.0,2624.0,4982.0,2526.0,,,,,,,,,31463.0,231244.0,31.0,11387.0,2172.0,7495.0,1507.0,21188.0,30.0,325.0,1110.0,1685.0,4445.0,2031.0,2277.0,2154.0,586.0,3580.0,57.0,4152.0,3471.0,1880.0
2020-09-01,15.0,870.0,3579.0,796.0,,1356.0,317.0,,,484.0,61.0,,13.0,,18.0,39.0,14.0,32995.0,50710.0,,195.0,,139.0,787.0,1016.0,1371.0,8333.0,253790.0,23889.0,571.0,38282.0,,3090288.0,2743.0,120.0,1801.0,2299.0,583.0,109.0,,122.0,1025.0,1124.0,546.0,1274.0,62722.0,11717.0,2161.0,1272.0,511.0,439709.0,161068.0,233482.0,72848.0,205522.0,5346.0,7296.0,1305.0,18852.0,455.0,1671.0,23247.0,22532.0,3957.0,3364.0,11158.0,20394.0,7534.0,149457.0,1347.0,403833.0,301.0,12982.0,59564.0,349.0,106828.0,2612.0,100958.0,7840.0,205569.0,3603.0,14709.0,9944.0,3393.0,3062.0,5391.0,2317.0,,,,,,,,,32682.0,241846.0,38.0,12666.0,2437.0,7892.0,1637.0,22552.0,50.0,303.0,1311.0,1934.0,5022.0,1866.0,2432.0,1784.0,725.0,3367.0,33.0,6461.0,3778.0,2034.0
2020-10-01,25.0,1165.0,3783.0,897.0,,1205.0,238.0,,,406.0,128.0,49.0,13.0,,18.0,122.0,69.0,36483.0,53062.0,,263.0,,188.0,966.0,1062.0,1593.0,9037.0,262779.0,25987.0,458.0,40862.0,,3214210.0,3099.0,97.0,2197.0,2714.0,688.0,160.0,20.0,133.0,1191.0,1198.0,626.0,1392.0,67170.0,12456.0,2505.0,1188.0,542.0,455715.0,170658.0,240140.0,79354.0,218613.0,5766.0,7973.0,1455.0,21401.0,493.0,1691.0,25845.0,23583.0,4045.0,3494.0,11341.0,21275.0,7956.0,142264.0,1566.0,434083.0,268.0,14715.0,64123.0,331.0,104556.0,2738.0,107314.0,8547.0,212021.0,3992.0,14708.0,10129.0,3911.0,3410.0,5714.0,2755.0,,,,,,,,,34591.0,256033.0,25.0,13354.0,2431.0,9251.0,1626.0,23630.0,48.0,461.0,1248.0,1915.0,4668.0,2042.0,2794.0,2091.0,672.0,3740.0,41.0,9343.0,4256.0,2191.0
2020-11-01,40.0,795.0,3851.0,808.0,,1102.0,232.0,,,293.0,54.0,39.0,12.0,,,63.0,31.0,33892.0,49215.0,,212.0,,164.0,723.0,819.0,1191.0,8994.0,228860.0,22208.0,520.0,37719.0,,2950887.0,2700.0,122.0,2026.0,2390.0,544.0,124.0,,148.0,923.0,954.0,463.0,1152.0,78935.0,12236.0,2860.0,1132.0,506.0,426872.0,153980.0,223380.0,67616.0,211499.0,4958.0,6896.0,1198.0,17799.0,366.0,1433.0,21616.0,20590.0,3586.0,3080.0,9843.0,18112.0,7225.0,123910.0,1488.0,381499.0,212.0,12693.0,54293.0,258.0,86285.0,2323.0,95224.0,7169.0,175193.0,2973.0,13522.0,9777.0,2969.0,3294.0,5597.0,2868.0,,,,,,,,,32305.0,219110.0,12.0,12484.0,2032.0,7921.0,1337.0,20075.0,28.0,314.0,984.0,1494.0,3849.0,1585.0,2097.0,1824.0,587.0,3178.0,,8824.0,3820.0,1961.0
2020-12-01,67.0,930.0,3948.0,887.0,,1080.0,187.0,,,173.0,72.0,52.0,,,,27.0,26.0,33802.0,50995.0,,293.0,,192.0,812.0,875.0,1228.0,10020.0,225304.0,20566.0,731.0,38178.0,,2956749.0,2536.0,102.0,1824.0,2140.0,577.0,128.0,,116.0,892.0,977.0,569.0,1242.0,96025.0,14362.0,3183.0,1019.0,487.0,434234.0,155162.0,222567.0,65465.0,224971.0,5122.0,7112.0,1295.0,18536.0,378.0,1436.0,21764.0,19543.0,3765.0,3132.0,10204.0,18255.0,7181.0,141691.0,1477.0,375073.0,167.0,12506.0,53696.0,185.0,69109.0,2104.0,98618.0,6722.0,161121.0,2969.0,13455.0,10266.0,3090.0,3302.0,5569.0,2947.0,,,,,,,,,32936.0,221698.0,,12236.0,2051.0,8022.0,1230.0,20689.0,,363.0,870.0,1616.0,4044.0,1677.0,2316.0,1397.0,565.0,2844.0,83.0,8125.0,3401.0,1835.0
2021-01-01,,,,,,1181.0,167.0,,,175.0,74.0,21.0,,22.0,20.0,121.0,20.0,35419.0,55256.0,,197.0,,132.0,802.0,972.0,1438.0,10424.0,257306.0,23178.0,411.0,40233.0,,3210822.0,2980.0,115.0,2079.0,2586.0,652.0,126.0,16.0,113.0,1136.0,1183.0,630.0,1453.0,103622.0,15095.0,3692.0,1118.0,650.0,448920.0,172368.0,236106.0,73410.0,244926.0,5984.0,8109.0,1390.0,21296.0,527.0,1596.0,24289.0,21013.0,3949.0,3343.0,11452.0,20079.0,8216.0,166035.0,1217.0,386285.0,214.0,12966.0,56142.0,235.0,70684.0,1974.0,97810.0,6501.0,194458.0,3188.0,14139.0,11217.0,2992.0,3456.0,5534.0,2736.0,,220.0,1910.0,259.0,,537.0,2277.0,554.0,36208.0,237232.0,,13123.0,2219.0,8758.0,1603.0,23333.0,13.0,383.0,1301.0,1951.0,4436.0,1709.0,2538.0,2170.0,446.0,3722.0,52.0,9285.0,3862.0,1934.0
2021-02-01,,,,,,1060.0,134.0,12.0,,211.0,74.0,,,18.0,14.0,119.0,40.0,31650.0,47510.0,,225.0,,161.0,742.0,995.0,1525.0,9903.0,254719.0,23476.0,405.0,38939.0,,3047454.0,2934.0,125.0,2147.0,2608.0,628.0,117.0,,106.0,1150.0,1266.0,613.0,1486.0,78277.0,11532.0,3022.0,846.0,645.0,428111.0,169772.0,225489.0,75207.0,220619.0,5750.0,7889.0,1397.0,21133.0,411.0,1511.0,24611.0,19489.0,3826.0,3166.0,10626.0,18555.0,8205.0,132078.0,1127.0,394716.0,223.0,13553.0,57839.0,300.0,75054.0,1874.0,95920.0,6046.0,184675.0,2835.0,12857.0,9447.0,3106.0,3259.0,5094.0,2960.0,29.0,433.0,2219.0,286.0,,515.0,2604.0,582.0,33688.0,234202.0,,10924.0,2316.0,8207.0,1158.0,21421.0,,378.0,1039.0,1705.0,4172.0,1398.0,2260.0,1919.0,395.0,3465.0,128.0,8701.0,3584.0,1920.0
2021-03-01,,,,,,1734.0,276.0,13.0,,466.0,185.0,,29.0,15.0,33.0,115.0,91.0,43826.0,64128.0,25.0,379.0,,342.0,1275.0,1354.0,2012.0,12291.0,322191.0,33169.0,462.0,46296.0,,3771017.0,3923.0,137.0,2855.0,3545.0,905.0,190.0,37.0,139.0,1369.0,1465.0,710.0,1639.0,83696.0,13609.0,3761.0,1274.0,881.0,518353.0,211668.0,275916.0,97517.0,267500.0,7841.0,10545.0,2049.0,26683.0,564.0,2138.0,32079.0,25731.0,5232.0,4451.0,14154.0,23877.0,10410.0,141205.0,1254.0,516879.0,297.0,18577.0,79426.0,387.0,103128.0,2863.0,121234.0,8979.0,271266.0,3712.0,15276.0,12042.0,4699.0,4948.0,7272.0,4248.0,32.0,655.0,2856.0,531.0,12.0,789.0,3528.0,1051.0,43858.0,317303.0,75.0,15270.0,3347.0,12378.0,2160.0,31291.0,29.0,619.0,1843.0,2953.0,6534.0,2733.0,3280.0,2861.0,451.0,5025.0,251.0,13543.0,5430.0,3025.0
2021-04-01,,,,,,1563.0,186.0,14.0,,798.0,150.0,,,52.0,20.0,115.0,77.0,39581.0,61367.0,13.0,307.0,,196.0,1336.0,1159.0,1804.0,10724.0,285767.0,32961.0,247.0,43709.0,,3621765.0,4029.0,150.0,2896.0,3494.0,848.0,188.0,38.0,142.0,1270.0,1342.0,661.0,1493.0,89054.0,13287.0,3270.0,1438.0,847.0,507490.0,197445.0,274654.0,89740.0,254657.0,6855.0,9511.0,1731.0,24186.0,592.0,1963.0,29469.0,24304.0,4628.0,3910.0,12426.0,20965.0,9838.0,114250.0,1148.0,480460.0,267.0,17574.0,73686.0,312.0,87800.0,2593.0,113033.0,7756.0,240652.0,3266.0,14212.0,13187.0,4127.0,4049.0,6448.0,3369.0,30.0,569.0,2517.0,342.0,26.0,790.0,3206.0,786.0,38074.0,294753.0,,16452.0,3071.0,11372.0,1602.0,27266.0,27.0,411.0,1500.0,2463.0,5803.0,2147.0,2429.0,2590.0,402.0,4603.0,187.0,12244.0,4584.0,2367.0
2021-05-01,,,,,,1082.0,115.0,13.0,,836.0,233.0,,,21.0,27.0,79.0,15.0,37853.0,60897.0,13.0,246.0,,162.0,1166.0,1189.0,1720.0,10659.0,261546.0,31047.0,254.0,40503.0,,3512917.0,3586.0,137.0,2650.0,3253.0,809.0,152.0,16.0,125.0,1155.0,1200.0,582.0,1374.0,82083.0,12788.0,3371.0,1339.0,724.0,480783.0,186525.0,263091.0,83590.0,243174.0,6462.0,8899.0,1571.0,22450.0,490.0,1771.0,27474.0,24064.0,4121.0,3498.0,11058.0,19261.0,9287.0,86979.0,804.0,448400.0,210.0,15494.0,67297.0,248.0,79339.0,2267.0,96583.0,6813.0,216547.0,2935.0,15079.0,14061.0,3851.0,3578.0,5428.0,3089.0,30.0,632.0,2444.0,358.0,60.0,597.0,3045.0,611.0,34584.0,276266.0,49.0,17786.0,3560.0,9809.0,1502.0,24004.0,40.0,346.0,1345.0,1977.0,4688.0,1944.0,2552.0,2403.0,436.0,3997.0,178.0,11093.0,3989.0,2210.0
2021-06-01,,,,,,1313.0,101.0,14.0,,837.0,203.0,,16.0,,76.0,140.0,80.0,40994.0,64391.0,,397.0,,206.0,1454.0,1356.0,1933.0,10382.0,281819.0,32423.0,184.0,45011.0,,3714505.0,3704.0,150.0,2797.0,3293.0,848.0,153.0,22.0,148.0,1237.0,1338.0,664.0,1520.0,73335.0,11778.0,3427.0,1197.0,792.0,463260.0,198612.0,241940.0,88688.0,250539.0,6838.0,9435.0,1736.0,24202.0,543.0,1944.0,29662.0,27756.0,4778.0,3993.0,12570.0,21679.0,9665.0,83291.0,923.0,475534.0,102.0,16366.0,71640.0,222.0,99282.0,2569.0,79985.0,7948.0,239135.0,3337.0,15440.0,12739.0,4101.0,4167.0,6071.0,3247.0,38.0,515.0,2625.0,445.0,,799.0,3144.0,803.0,38367.0,294694.0,12.0,16361.0,3427.0,11287.0,1759.0,28025.0,17.0,395.0,1441.0,2555.0,5772.0,2350.0,2834.0,2844.0,553.0,4958.0,137.0,9648.0,4190.0,2173.0
2021-07-01,,,,,,1130.0,87.0,,,471.0,143.0,,15.0,25.0,21.0,14.0,,39467.0,62491.0,,339.0,,258.0,1282.0,1139.0,1700.0,8271.0,267097.0,30162.0,182.0,44709.0,,3706831.0,3507.0,102.0,2552.0,3160.0,797.0,157.0,16.0,125.0,1159.0,1165.0,560.0,1326.0,79068.0,12781.0,3163.0,1083.0,616.0,448674.0,189972.0,235642.0,83496.0,250404.0,6549.0,8640.0,1569.0,22657.0,518.0,1677.0,27931.0,27040.0,4430.0,3799.0,11899.0,20176.0,9199.0,80071.0,748.0,439683.0,146.0,15185.0,65253.0,225.0,114516.0,2785.0,37565.0,7679.0,221059.0,3286.0,16021.0,12394.0,3387.0,3250.0,5138.0,2869.0,23.0,439.0,2692.0,351.0,,688.0,3156.0,744.0,37734.0,275960.0,,15396.0,3349.0,9658.0,1414.0,23555.0,,321.0,1096.0,2226.0,4530.0,2164.0,2237.0,2410.0,559.0,4110.0,96.0,7998.0,4869.0,1920.0
2021-08-01,,,,,,1215.0,144.0,42.0,,707.0,201.0,,16.0,50.0,47.0,82.0,26.0,39398.0,60907.0,,350.0,,230.0,1356.0,1169.0,1806.0,8008.0,269036.0,30905.0,166.0,48851.0,,3751506.0,3715.0,113.0,2640.0,3132.0,872.0,160.0,28.0,148.0,1221.0,1283.0,577.0,1494.0,102595.0,15715.0,3436.0,1020.0,782.0,443273.0,193807.0,233008.0,82845.0,275003.0,6633.0,9093.0,1674.0,23079.0,473.0,1915.0,28278.0,28250.0,4354.0,3599.0,11643.0,20337.0,9663.0,103443.0,955.0,444126.0,121.0,15509.0,65435.0,199.0,145693.0,3449.0,38113.0,9284.0,238486.0,3265.0,15517.0,13035.0,3978.0,3572.0,5492.0,2961.0,,561.0,2868.0,555.0,15.0,709.0,3256.0,894.0,39708.0,273848.0,,12834.0,3093.0,10049.0,1663.0,25209.0,12.0,402.0,1402.0,2228.0,5071.0,2325.0,2230.0,2136.0,648.0,3932.0,126.0,9188.0,5450.0,2482.0
2021-09-01,,,,,,1058.0,64.0,59.0,,1287.0,253.0,,,91.0,69.0,15.0,18.0,37437.0,58447.0,,324.0,,160.0,1199.0,1119.0,1590.0,8042.0,268219.0,30121.0,136.0,47053.0,,3576995.0,3642.0,98.0,2579.0,3245.0,875.0,182.0,30.0,134.0,1166.0,1205.0,568.0,1408.0,96080.0,14033.0,3361.0,1034.0,677.0,430470.0,192674.0,228322.0,82651.0,268992.0,6103.0,8581.0,1482.0,22712.0,520.0,1802.0,27838.0,27467.0,4525.0,3757.0,12116.0,20590.0,10668.0,94751.0,927.0,427909.0,116.0,14836.0,63089.0,202.0,104388.0,2421.0,33470.0,7893.0,232126.0,2861.0,14403.0,11394.0,3695.0,3280.0,5181.0,2710.0,36.0,635.0,2843.0,541.0,,659.0,3378.0,824.0,38513.0,261827.0,,12174.0,2919.0,9042.0,1739.0,24907.0,,421.0,1310.0,2217.0,5338.0,2014.0,2117.0,1987.0,450.0,3431.0,77.0,10679.0,5428.0,2275.0
2021-10-01,,,,,,987.0,97.0,49.0,,1120.0,192.0,,18.0,97.0,55.0,84.0,36.0,38366.0,58543.0,24.0,391.0,,220.0,1329.0,1233.0,1923.0,8127.0,271446.0,31478.0,155.0,45290.0,,3557626.0,3544.0,121.0,2562.0,3053.0,823.0,180.0,21.0,190.0,1346.0,1230.0,596.0,1455.0,82192.0,13107.0,3324.0,1282.0,725.0,429937.0,194941.0,229513.0,84821.0,259572.0,6693.0,9019.0,1486.0,22847.0,547.0,1775.0,28970.0,26283.0,4594.0,3996.0,12169.0,20550.0,11873.0,87641.0,754.0,439061.0,86.0,14932.0,65113.0,182.0,90525.0,3587.0,34013.0,8553.0,236873.0,2809.0,14500.0,10832.0,4026.0,3321.0,5147.0,3061.0,31.0,705.0,2823.0,620.0,37.0,687.0,3063.0,814.0,38547.0,268780.0,,12333.0,3129.0,10113.0,1699.0,24278.0,45.0,347.0,1048.0,2070.0,5021.0,2115.0,2463.0,2361.0,472.0,3828.0,167.0,12497.0,5525.0,2362.0
2021-11-01,,,,,,904.0,97.0,38.0,,704.0,280.0,,,63.0,72.0,36.0,,35629.0,53367.0,,320.0,,189.0,1308.0,1025.0,1581.0,8159.0,257052.0,29611.0,127.0,42651.0,,3418360.0,3389.0,124.0,2417.0,2964.0,706.0,240.0,26.0,150.0,1207.0,1156.0,512.0,1289.0,76032.0,11596.0,3095.0,1024.0,689.0,411701.0,183630.0,214489.0,78800.0,246381.0,6348.0,8499.0,1165.0,21395.0,527.0,1698.0,27633.0,25300.0,4689.0,3996.0,11695.0,19515.0,11055.0,69473.0,732.0,420962.0,140.0,14207.0,61697.0,234.0,88361.0,3529.0,33277.0,7618.0,226307.0,2783.0,13289.0,10712.0,3775.0,2932.0,4662.0,3007.0,30.0,577.0,2789.0,623.0,15.0,846.0,3266.0,957.0,36998.0,257157.0,,13311.0,2781.0,10052.0,1601.0,23629.0,,262.0,1157.0,2022.0,4881.0,1959.0,2386.0,2237.0,644.0,3613.0,144.0,11308.0,5685.0,2333.0
2021-12-01,,,,,,739.0,59.0,20.0,,394.0,76.0,,,32.0,31.0,,26.0,35458.0,52992.0,,181.0,16.0,133.0,1293.0,952.0,1415.0,7828.0,231761.0,26060.0,117.0,42583.0,,3323038.0,2916.0,74.0,2184.0,2682.0,565.0,150.0,22.0,121.0,1075.0,1057.0,500.0,1280.0,86183.0,12835.0,3094.0,971.0,578.0,400351.0,168316.0,208199.0,69924.0,239109.0,5962.0,7930.0,1150.0,19394.0,510.0,1524.0,24221.0,22499.0,4363.0,3616.0,10968.0,18193.0,9836.0,68677.0,547.0,379706.0,99.0,12823.0,54375.0,196.0,68132.0,2597.0,28757.0,6784.0,190975.0,2892.0,13849.0,11500.0,3093.0,2492.0,4250.0,2632.0,83.0,599.0,2956.0,523.0,19.0,769.0,3482.0,948.0,34232.0,239198.0,14.0,13391.0,2936.0,8879.0,1189.0,20465.0,32.0,272.0,873.0,1476.0,4231.0,1646.0,2070.0,2106.0,432.0,3658.0,105.0,9929.0,4984.0,2040.0
2022-01-01,,,,,,693.0,67.0,16.0,,433.0,119.0,,,40.0,32.0,12.0,,34127.0,52638.0,,252.0,,102.0,1000.0,1073.0,1545.0,8167.0,260077.0,25196.0,102.0,39166.0,,3355168.0,2897.0,92.0,2101.0,2554.0,620.0,146.0,24.0,143.0,1153.0,1092.0,507.0,1368.0,106353.0,13788.0,3599.0,970.0,576.0,395866.0,172905.0,206945.0,70276.0,253589.0,6462.0,8727.0,1626.0,20723.0,477.0,1590.0,24902.0,23639.0,4376.0,3675.0,11400.0,19471.0,10006.0,71875.0,662.0,365120.0,99.0,12641.0,53597.0,197.0,64142.0,2007.0,30114.0,6766.0,203967.0,2414.0,12706.0,11115.0,3065.0,2301.0,4120.0,2491.0,53.0,599.0,2830.0,437.0,14.0,708.0,3098.0,722.0,35658.0,233278.0,,12498.0,2479.0,8815.0,1263.0,20990.0,,315.0,868.0,1710.0,3897.0,1647.0,1939.0,2226.0,378.0,3278.0,115.0,10898.0,5051.0,2289.0
2022-02-01,,,,,,1077.0,120.0,25.0,,480.0,226.0,,16.0,67.0,51.0,,,34474.0,48503.0,,268.0,,112.0,1339.0,1095.0,1593.0,8424.0,282318.0,30635.0,125.0,36516.0,,3309205.0,3343.0,94.0,2484.0,2985.0,634.0,138.0,15.0,148.0,1146.0,1175.0,568.0,1426.0,73674.0,11147.0,2980.0,1066.0,610.0,382321.0,183901.0,203625.0,81339.0,238879.0,7112.0,9430.0,1567.0,22939.0,547.0,1890.0,28983.0,25645.0,4671.0,3990.0,11871.0,20334.0,11721.0,57338.0,765.0,413021.0,112.0,14163.0,62616.0,198.0,83250.0,2108.0,32102.0,7660.0,231817.0,2653.0,11037.0,8853.0,3749.0,2670.0,4684.0,3078.0,85.0,844.0,3357.0,543.0,,825.0,3248.0,752.0,35690.0,247948.0,13.0,12137.0,2536.0,9832.0,1515.0,23550.0,,376.0,1143.0,1982.0,4482.0,1997.0,2398.0,2927.0,609.0,3949.0,102.0,11123.0,5447.0,2216.0
2022-03-01,,,,,,1414.0,95.0,,,1103.0,416.0,,30.0,63.0,81.0,27.0,12.0,44264.0,62279.0,,442.0,13.0,234.0,2124.0,1420.0,2077.0,10441.0,341037.0,39976.0,160.0,43230.0,,4046260.0,4528.0,200.0,3462.0,4013.0,968.0,275.0,17.0,149.0,1538.0,1518.0,642.0,1760.0,75672.0,13396.0,3560.0,1560.0,769.0,464541.0,222988.0,251672.0,101655.0,283873.0,8926.0,11811.0,2275.0,28231.0,710.0,2322.0,36677.0,30521.0,5596.0,4787.0,14431.0,23767.0,14991.0,50284.0,933.0,520032.0,171.0,20303.0,83172.0,260.0,107016.0,3080.0,44545.0,10399.0,307106.0,4022.0,13576.0,11812.0,5225.0,3431.0,5793.0,3767.0,117.0,1240.0,4667.0,1200.0,,1412.0,4786.0,1561.0,44847.0,324064.0,38.0,15090.0,3255.0,13720.0,2192.0,32199.0,,633.0,1739.0,3055.0,5994.0,2950.0,3350.0,3690.0,632.0,5019.0,135.0,14941.0,7144.0,3323.0
2022-04-01,,,,,,1354.0,110.0,30.0,,882.0,375.0,,,67.0,42.0,69.0,38.0,38675.0,56493.0,,399.0,,271.0,1574.0,1200.0,1659.0,8935.0,292098.0,36618.0,86.0,38657.0,,3687018.0,4053.0,134.0,2926.0,3547.0,849.0,233.0,,175.0,1319.0,1378.0,595.0,1562.0,67861.0,11218.0,3361.0,1345.0,587.0,422713.0,195003.0,226281.0,88282.0,249610.0,7636.0,10145.0,1830.0,24194.0,574.0,1799.0,30921.0,27210.0,4715.0,3969.0,11757.0,19650.0,11977.0,37300.0,671.0,461446.0,96.0,16473.0,70672.0,212.0,91840.0,2533.0,37258.0,8753.0,246069.0,3230.0,13206.0,10544.0,4051.0,2931.0,4930.0,2998.0,81.0,1132.0,4047.0,874.0,,1087.0,4216.0,1348.0,38365.0,279437.0,12.0,14279.0,2774.0,11201.0,1591.0,25636.0,,348.0,1419.0,2145.0,4685.0,2375.0,2615.0,2909.0,395.0,4103.0,98.0,12320.0,6312.0,2992.0
2022-05-01,,,,,,1129.0,102.0,31.0,,1253.0,337.0,,,82.0,85.0,23.0,,52402.0,46246.0,14.0,289.0,,286.0,1621.0,1281.0,1857.0,9292.0,289580.0,35957.0,111.0,37698.0,,3751527.0,3899.0,178.0,2936.0,3491.0,803.0,191.0,,133.0,1272.0,1278.0,605.0,1567.0,72786.0,12021.0,3634.0,1301.0,681.0,438197.0,196750.0,238090.0,86765.0,259058.0,7293.0,9671.0,1652.0,24128.0,526.0,1909.0,30453.0,28089.0,4498.0,3822.0,11899.0,19987.0,12675.0,37336.0,857.0,470120.0,123.0,17121.0,72835.0,243.0,80126.0,2270.0,37693.0,8188.0,251022.0,3245.0,13718.0,10745.0,4384.0,2832.0,4548.0,2851.0,81.0,1035.0,4317.0,919.0,21.0,1085.0,4151.0,1327.0,37548.0,282940.0,19.0,15789.0,2834.0,11591.0,1713.0,26869.0,,339.0,1283.0,2330.0,4819.0,2203.0,2822.0,3172.0,293.0,4149.0,40.0,12717.0,5964.0,2863.0
2022-06-01,,,,,,1227.0,76.0,19.0,,822.0,309.0,,,37.0,65.0,,,54987.0,44977.0,,387.0,,265.0,1877.0,1260.0,1714.0,9829.0,294932.0,35007.0,90.0,35751.0,,3734386.0,3888.0,136.0,2848.0,3370.0,790.0,206.0,17.0,107.0,1251.0,1310.0,583.0,1606.0,69558.0,12411.0,3247.0,1252.0,583.0,435410.0,194753.0,233469.0,86734.0,254240.0,7408.0,9750.0,1746.0,24266.0,560.0,1895.0,30592.0,29823.0,4781.0,4024.0,11967.0,20243.0,11650.0,35973.0,875.0,464641.0,125.0,16604.0,70143.0,239.0,94372.0,2709.0,38903.0,9202.0,254205.0,3383.0,13140.0,9948.0,4188.0,2543.0,4482.0,2524.0,75.0,1207.0,3962.0,866.0,17.0,1043.0,4055.0,1151.0,37171.0,282278.0,,14614.0,2850.0,11183.0,1943.0,27525.0,,421.0,1395.0,2399.0,5065.0,2441.0,3090.0,3748.0,466.0,5039.0,89.0,10922.0,5961.0,3205.0
2022-07-01,,,,,,1001.0,81.0,32.0,,413.0,285.0,,,24.0,43.0,,,42377.0,49035.0,,292.0,,183.0,1376.0,1116.0,1491.0,8173.0,266679.0,29334.0,102.0,32123.0,,3535804.0,3400.0,136.0,2578.0,3023.0,676.0,197.0,13.0,128.0,1127.0,1120.0,560.0,1318.0,65582.0,10885.0,3160.0,905.0,582.0,401375.0,174268.0,214507.0,76296.0,228441.0,6607.0,8793.0,1596.0,21761.0,486.0,1606.0,26683.0,28131.0,4100.0,3513.0,10303.0,17429.0,10060.0,30649.0,637.0,394021.0,85.0,13098.0,57808.0,142.0,101088.0,2475.0,31423.0,7529.0,210630.0,2865.0,13605.0,11079.0,3454.0,2031.0,3950.0,1952.0,66.0,993.0,3605.0,704.0,12.0,929.0,3523.0,921.0,33443.0,248238.0,,14208.0,2201.0,9091.0,1361.0,21367.0,,267.0,838.0,1864.0,4119.0,2097.0,2310.0,3058.0,453.0,4127.0,37.0,8707.0,5290.0,2810.0
2022-08-01,,,,,,1555.0,122.0,30.0,,864.0,318.0,,,38.0,58.0,,,43806.0,56253.0,27.0,484.0,,387.0,1925.0,1376.0,1905.0,9296.0,312477.0,36082.0,129.0,37449.0,14.0,3976138.0,4091.0,175.0,3125.0,3698.0,813.0,186.0,16.0,95.0,1355.0,1432.0,669.0,1622.0,69747.0,11522.0,3373.0,1129.0,660.0,440912.0,204456.0,234484.0,92747.0,262947.0,7980.0,10680.0,1846.0,26757.0,592.0,2101.0,32928.0,33356.0,5291.0,4344.0,12315.0,21440.0,11970.0,32447.0,909.0,481829.0,122.0,17946.0,73436.0,201.0,154738.0,3416.0,43277.0,11438.0,278886.0,3682.0,14002.0,11645.0,4622.0,2897.0,5191.0,2719.0,76.0,1273.0,4166.0,1126.0,33.0,1181.0,4116.0,1071.0,42952.0,293411.0,,14607.0,3090.0,11849.0,1948.0,29638.0,13.0,366.0,1498.0,2268.0,5355.0,2832.0,3377.0,3636.0,137.0,4833.0,85.0,11444.0,6852.0,3815.0
2022-09-01,,,,,,1208.0,130.0,14.0,,872.0,255.0,,,76.0,83.0,14.0,,40569.0,54261.0,,290.0,,182.0,1644.0,1180.0,1692.0,9807.0,294977.0,34017.0,62.0,36054.0,13.0,3775742.0,3833.0,142.0,2841.0,3460.0,769.0,260.0,15.0,129.0,1284.0,1320.0,538.0,1511.0,66742.0,11059.0,3319.0,917.0,601.0,424581.0,195626.0,225734.0,87251.0,254376.0,7829.0,9821.0,1545.0,25069.0,593.0,1850.0,30838.0,29199.0,5036.0,4156.0,11924.0,19958.0,12524.0,27511.0,666.0,451648.0,112.0,16437.0,68849.0,237.0,106039.0,2368.0,35703.0,9011.0,252802.0,3253.0,13689.0,11301.0,3741.0,2412.0,5076.0,2479.0,84.0,1255.0,4746.0,975.0,36.0,1149.0,4364.0,1092.0,39020.0,271396.0,15.0,14455.0,2966.0,10468.0,1574.0,25760.0,,261.0,1362.0,2099.0,4651.0,2301.0,2793.0,2708.0,142.0,3751.0,125.0,11787.0,6703.0,3385.0
2022-10-01,,,,,,1172.0,130.0,35.0,,837.0,337.0,,,34.0,35.0,,12.0,42003.0,57182.0,,319.0,,132.0,1991.0,1151.0,1640.0,10305.0,296877.0,34773.0,120.0,37142.0,15.0,3766358.0,3904.0,131.0,2805.0,3382.0,752.0,208.0,16.0,157.0,1235.0,1262.0,554.0,1544.0,67145.0,11374.0,3161.0,1220.0,592.0,420798.0,195570.0,226935.0,86651.0,256366.0,7615.0,9982.0,909.0,25441.0,574.0,1968.0,31998.0,29560.0,4866.0,3952.0,11748.0,19814.0,13278.0,25202.0,897.0,446501.0,126.0,16670.0,69161.0,225.0,91545.0,2143.0,38019.0,9458.0,252569.0,3441.0,13702.0,11314.0,4072.0,2648.0,4645.0,2718.0,124.0,1292.0,4374.0,949.0,41.0,1241.0,4158.0,1179.0,38367.0,273543.0,17.0,15170.0,3048.0,10256.0,1627.0,27064.0,12.0,433.0,1363.0,2507.0,5033.0,2064.0,2773.0,2871.0,218.0,4014.0,156.0,13489.0,7100.0,3849.0
2022-11-01,,,,,,1113.0,130.0,22.0,,476.0,195.0,,,46.0,27.0,32.0,,41056.0,52214.0,,343.0,,203.0,1927.0,1155.0,1590.0,10816.0,273696.0,30715.0,124.0,35924.0,18.0,3582843.0,3313.0,145.0,2530.0,2989.0,719.0,150.0,,111.0,1185.0,1167.0,583.0,1374.0,66016.0,10795.0,3233.0,982.0,615.0,399353.0,183376.0,215763.0,79129.0,244281.0,7396.0,9500.0,843.0,23458.0,517.0,1743.0,29825.0,28787.0,4962.0,4032.0,11752.0,19824.0,13118.0,22758.0,860.0,427809.0,136.0,15585.0,65685.0,226.0,77215.0,1909.0,36189.0,8542.0,235982.0,3197.0,12226.0,10664.0,3699.0,2337.0,4527.0,2486.0,165.0,1265.0,4608.0,1235.0,40.0,1204.0,4452.0,1189.0,36534.0,260371.0,,15700.0,2988.0,10834.0,1633.0,25715.0,19.0,403.0,1177.0,2118.0,4487.0,2099.0,2760.0,2593.0,191.0,3724.0,176.0,12674.0,7049.0,3611.0
2022-12-01,,,,,,1063.0,81.0,21.0,,291.0,321.0,,18.0,59.0,37.0,,,41114.0,51680.0,,302.0,,166.0,1644.0,1035.0,1368.0,10109.0,255078.0,27637.0,101.0,34056.0,14.0,3433878.0,3019.0,123.0,2260.0,2650.0,582.0,102.0,15.0,63.0,1017.0,1105.0,462.0,1224.0,65657.0,11428.0,3412.0,1097.0,527.0,393451.0,174504.0,211320.0,73384.0,233484.0,6589.0,8736.0,649.0,22206.0,550.0,1574.0,26561.0,27527.0,4528.0,3720.0,10704.0,18271.0,11955.0,19793.0,795.0,388962.0,84.0,14722.0,59865.0,185.0,66383.0,2015.0,31070.0,7541.0,201758.0,3167.0,12505.0,10134.0,3245.0,2030.0,3974.0,2303.0,119.0,1122.0,4349.0,938.0,30.0,1139.0,4793.0,1446.0,33260.0,247615.0,,14191.0,2854.0,9670.0,1287.0,22160.0,,304.0,976.0,1541.0,3925.0,2145.0,2470.0,2307.0,134.0,3397.0,117.0,10710.0,5553.0,2996.0
2023-01-01,,,,,,1334.0,171.0,50.0,,523.0,338.0,,,131.0,42.0,53.0,13.0,48272.0,64537.0,,390.0,,200.0,2140.0,1361.0,1915.0,11715.0,354171.0,36231.0,113.0,40220.0,13.0,4108905.0,4281.0,194.0,3169.0,3784.0,892.0,179.0,12.0,111.0,1353.0,1340.0,695.0,1613.0,84845.0,13357.0,3771.0,1513.0,813.0,463119.0,223753.0,247624.0,95161.0,289044.0,8716.0,11584.0,1044.0,29229.0,630.0,2123.0,34963.0,33676.0,5940.0,4742.0,13457.0,23823.0,16776.0,24229.0,912.0,475274.0,115.0,18185.0,75787.0,280.0,87132.0,2759.0,44093.0,9572.0,281487.0,4314.0,12447.0,8228.0,3988.0,3355.0,5340.0,3136.0,156.0,1829.0,4769.0,1317.0,39.0,1718.0,4277.0,1663.0,42777.0,299566.0,84.0,16280.0,3624.0,12005.0,2030.0,30199.0,,442.0,1656.0,2658.0,5662.0,2289.0,3097.0,3043.0,164.0,4231.0,120.0,13741.0,7644.0,4452.0
2023-02-01,,,,,,1330.0,140.0,21.0,,462.0,456.0,,,75.0,45.0,55.0,,45687.0,56804.0,17.0,540.0,,317.0,2344.0,1155.0,1597.0,10387.0,334966.0,37930.0,110.0,37057.0,12.0,3808379.0,4224.0,193.0,3009.0,3615.0,904.0,302.0,14.0,182.0,1253.0,1361.0,541.0,1563.0,73726.0,11054.0,3362.0,1302.0,734.0,424645.0,209205.0,229777.0,92881.0,270892.0,8307.0,10927.0,826.0,26828.0,639.0,1948.0,34444.0,32198.0,5441.0,4304.0,12433.0,21624.0,16710.0,18032.0,974.0,463568.0,106.0,17971.0,75115.0,231.0,85484.0,2831.0,42707.0,9069.0,261902.0,3921.0,11126.0,6880.0,4214.0,3035.0,4695.0,2822.0,208.0,1830.0,5180.0,1368.0,73.0,1690.0,4717.0,1503.0,38797.0,281694.0,78.0,16151.0,3510.0,12379.0,2167.0,27875.0,14.0,461.0,1374.0,2393.0,4812.0,2206.0,2921.0,2574.0,119.0,3631.0,142.0,12517.0,6884.0,4056.0
2023-03-01,,,,,,1700.0,189.0,54.0,,819.0,437.0,,15.0,68.0,75.0,,14.0,55748.0,68517.0,17.0,572.0,12.0,307.0,3154.0,1422.0,1917.0,11447.0,389996.0,46786.0,134.0,43253.0,12.0,4343359.0,5128.0,224.0,3780.0,4438.0,1146.0,311.0,13.0,231.0,1517.0,1571.0,798.0,1879.0,79141.0,12590.0,3801.0,1661.0,963.0,476107.0,241241.0,256434.0,110367.0,308867.0,9952.0,13021.0,1007.0,32501.0,695.0,2527.0,41471.0,38337.0,6356.0,5087.0,14465.0,24589.0,19390.0,18045.0,1172.0,546718.0,141.0,21793.0,89960.0,256.0,102942.0,3381.0,51818.0,11245.0,323559.0,4698.0,12241.0,9915.0,5234.0,3825.0,6014.0,3589.0,233.0,2386.0,6140.0,1871.0,76.0,2078.0,5998.0,2136.0,44821.0,341820.0,57.0,18919.0,4006.0,15090.0,2584.0,33712.0,29.0,511.0,1947.0,2944.0,6422.0,3123.0,3350.0,3143.0,202.0,4422.0,164.0,16260.0,8313.0,5475.0
2023-04-01,,,,,,1280.0,115.0,35.0,,842.0,368.0,,16.0,86.0,52.0,26.0,28.0,47186.0,61862.0,,521.0,,251.0,2450.0,1219.0,1701.0,9221.0,339425.0,41918.0,149.0,37668.0,,3921025.0,4321.0,200.0,3224.0,3821.0,990.0,262.0,14.0,134.0,1089.0,1187.0,493.0,1406.0,70860.0,11468.0,3703.0,1572.0,858.0,431150.0,208348.0,233333.0,93129.0,268368.0,8219.0,11147.0,755.0,28008.0,579.0,2071.0,34254.0,34076.0,5423.0,4251.0,11862.0,20651.0,15122.0,13903.0,966.0,467797.0,125.0,17313.0,73722.0,212.0,88146.0,2872.0,40458.0,9379.0,264049.0,3326.0,11583.0,10276.0,4590.0,2925.0,4644.0,2646.0,104.0,1864.0,5392.0,1751.0,41.0,1640.0,5113.0,1856.0,37851.0,293293.0,47.0,15789.0,3575.0,12065.0,1745.0,27798.0,37.0,328.0,1478.0,2274.0,4952.0,2386.0,2812.0,2935.0,197.0,3987.0,109.0,13159.0,6650.0,4325.0
2023-05-01,,,,,,1749.0,103.0,41.0,19.0,1480.0,442.0,,39.0,127.0,110.0,95.0,54.0,52386.0,69259.0,,637.0,,352.0,3072.0,1307.0,1847.0,10217.0,369933.0,46934.0,170.0,40032.0,,4209390.0,4627.0,184.0,3430.0,4133.0,1029.0,306.0,16.0,170.0,1350.0,1386.0,641.0,1623.0,73977.0,12653.0,3798.0,1741.0,994.0,462263.0,228547.0,249542.0,104529.0,293003.0,9438.0,12560.0,931.0,31075.0,780.0,2284.0,38750.0,39209.0,5546.0,4478.0,12757.0,22213.0,16682.0,12823.0,1135.0,529776.0,165.0,21627.0,85187.0,227.0,96973.0,3369.0,47292.0,10611.0,310311.0,3949.0,12624.0,10939.0,5198.0,3254.0,5319.0,3297.0,223.0,2007.0,6197.0,1742.0,72.0,1982.0,5796.0,2228.0,43350.0,329894.0,36.0,16588.0,3819.0,13436.0,2525.0,34305.0,,536.0,1869.0,2834.0,6722.0,3435.0,3387.0,3495.0,325.0,5145.0,163.0,15602.0,8291.0,5132.0
2023-06-01,,,,,,1313.0,117.0,52.0,,969.0,235.0,,46.0,53.0,85.0,70.0,55.0,48214.0,64367.0,,490.0,,320.0,2808.0,1258.0,1759.0,9672.0,342731.0,41036.0,132.0,38689.0,16.0,3971820.0,4358.0,207.0,3183.0,3699.0,993.0,271.0,,147.0,1298.0,1368.0,580.0,1570.0,68624.0,12062.0,3285.0,1514.0,810.0,438957.0,211331.0,238442.0,96571.0,268276.0,8741.0,11637.0,780.0,28688.0,695.0,2115.0,35944.0,37874.0,5410.0,4331.0,11874.0,20721.0,13724.0,10472.0,1077.0,489708.0,119.0,18960.0,76297.0,222.0,103468.0,3314.0,43125.0,10074.0,278924.0,4073.0,12090.0,11007.0,4831.0,2861.0,4439.0,2465.0,201.0,1867.0,5615.0,1155.0,65.0,1740.0,5323.0,1830.0,39168.0,305479.0,59.0,14956.0,3244.0,13052.0,2103.0,30230.0,,490.0,1519.0,2579.0,5927.0,2825.0,3439.0,3234.0,179.0,4424.0,150.0,12386.0,7195.0,4281.0
2023-07-01,,,,,,1116.0,78.0,40.0,,539.0,219.0,,28.0,24.0,98.0,,,42282.0,61972.0,17.0,537.0,,337.0,2486.0,877.0,1327.0,9596.0,311121.0,34755.0,139.0,37860.0,13.0,3812353.0,3727.0,188.0,2697.0,3338.0,791.0,250.0,,124.0,969.0,1035.0,477.0,1279.0,68576.0,12359.0,3140.0,1409.0,686.0,424171.0,192761.0,233014.0,84468.0,248528.0,7278.0,9883.0,701.0,24950.0,533.0,1787.0,30666.0,36070.0,4849.0,3917.0,10866.0,19044.0,11271.0,10074.0,889.0,421553.0,109.0,16018.0,65366.0,167.0,112634.0,3330.0,35856.0,9208.0,237840.0,3019.0,11694.0,11054.0,3961.0,2242.0,3715.0,2395.0,204.0,1546.0,5021.0,1012.0,78.0,1367.0,4535.0,1571.0,35856.0,273137.0,13.0,14503.0,3245.0,11315.0,1782.0,24016.0,,365.0,1070.0,1923.0,4779.0,2518.0,2683.0,2744.0,123.0,3824.0,163.0,10682.0,6583.0,3817.0
2023-08-01,,,,,,1334.0,141.0,65.0,,886.0,535.0,13.0,46.0,54.0,89.0,39.0,,47230.0,66170.0,46.0,627.0,,390.0,3037.0,1228.0,1815.0,10115.0,342546.0,39188.0,141.0,42868.0,,4086207.0,4594.0,197.0,3473.0,4147.0,1113.0,323.0,15.0,155.0,1274.0,1345.0,607.0,1568.0,70524.0,12430.0,3394.0,1532.0,768.0,442697.0,211256.0,239874.0,95504.0,271729.0,8461.0,11452.0,775.0,28915.0,643.0,1926.0,35929.0,39930.0,5533.0,4390.0,12276.0,21241.0,12270.0,9366.0,1118.0,496103.0,130.0,20068.0,78695.0,198.0,151007.0,4806.0,46726.0,13091.0,292412.0,3378.0,10936.0,10817.0,4904.0,2969.0,4719.0,3183.0,275.0,2147.0,6098.0,1596.0,75.0,1731.0,5468.0,1999.0,43332.0,310628.0,65.0,15013.0,3505.0,14001.0,2201.0,31142.0,16.0,464.0,1712.0,2834.0,5862.0,3003.0,3407.0,3192.0,139.0,4372.0,217.0,13916.0,8487.0,4856.0
2023-09-01,,,,,,1099.0,130.0,41.0,,1093.0,502.0,,17.0,92.0,117.0,27.0,14.0,42266.0,58808.0,16.0,449.0,,278.0,2649.0,1132.0,1552.0,9289.0,309367.0,33921.0,136.0,38189.0,,3668504.0,3967.0,162.0,2841.0,3476.0,776.0,255.0,16.0,160.0,1064.0,1119.0,495.0,1312.0,66412.0,11496.0,3173.0,1167.0,647.0,402100.0,188980.0,218715.0,82516.0,246790.0,7287.0,9932.0,704.0,24729.0,622.0,1477.0,30900.0,32723.0,4748.0,3898.0,10740.0,19115.0,11330.0,8599.0,987.0,426709.0,164.0,16023.0,66482.0,219.0,99358.0,3231.0,35853.0,9711.0,246649.0,2909.0,10069.0,10010.0,3918.0,2398.0,3789.0,2382.0,304.0,1769.0,5536.0,1351.0,90.0,1837.0,5331.0,1723.0,38837.0,265396.0,49.0,15102.0,2949.0,11042.0,1664.0,25011.0,,372.0,1198.0,2126.0,4479.0,2676.0,2429.0,2650.0,83.0,3761.0,319.0,13828.0,7437.0,4316.0
2023-10-01,,,,,,1225.0,159.0,81.0,,1019.0,507.0,,,103.0,106.0,38.0,15.0,46548.0,61929.0,27.0,451.0,,322.0,2616.0,1046.0,1497.0,9743.0,330954.0,37167.0,299.0,42183.0,16.0,3800332.0,4547.0,201.0,3199.0,3918.0,959.0,313.0,15.0,206.0,1177.0,1156.0,502.0,1383.0,67385.0,12638.0,3406.0,1641.0,798.0,418152.0,201184.0,225790.0,89183.0,263229.0,8421.0,11217.0,905.0,27751.0,662.0,1619.0,34432.0,35324.0,5379.0,4364.0,11720.0,20490.0,12366.0,8478.0,1211.0,466983.0,189.0,19130.0,75077.0,260.0,90092.0,3040.0,41833.0,10225.0,274933.0,3688.0,9827.0,11149.0,4755.0,2621.0,4086.0,2585.0,354.0,2071.0,5810.0,1497.0,89.0,1891.0,5374.0,1751.0,41870.0,292552.0,,14299.0,3404.0,11607.0,2099.0,30445.0,18.0,611.0,1677.0,2453.0,6308.0,3238.0,3215.0,3087.0,172.0,4425.0,460.0,16635.0,8489.0,4794.0
2023-11-01,,,,,,1230.0,133.0,64.0,,629.0,272.0,,,66.0,74.0,28.0,59.0,41538.0,53408.0,18.0,335.0,,239.0,2565.0,936.0,1316.0,8505.0,297023.0,31761.0,210.0,36379.0,12.0,3488305.0,3686.0,195.0,2650.0,3300.0,846.0,317.0,,158.0,1084.0,1083.0,437.0,1264.0,63771.0,10938.0,3245.0,1311.0,743.0,384684.0,179206.0,206106.0,77667.0,238771.0,7111.0,9485.0,719.0,23927.0,681.0,1461.0,29441.0,31859.0,4716.0,3907.0,10501.0,18655.0,11647.0,7540.0,873.0,416146.0,116.0,15589.0,64132.0,184.0,77162.0,2411.0,36096.0,9031.0,240797.0,3208.0,9022.0,9880.0,4285.0,2429.0,3641.0,2577.0,362.0,1745.0,5316.0,1415.0,122.0,1817.0,5576.0,2016.0,37767.0,260553.0,12.0,14237.0,3260.0,11030.0,1623.0,24958.0,,437.0,1285.0,1960.0,4893.0,2509.0,2637.0,2824.0,102.0,3872.0,157.0,14402.0,8290.0,3966.0
2023-12-01,,,,,,820.0,101.0,19.0,,259.0,117.0,,,30.0,46.0,17.0,,40273.0,52708.0,15.0,353.0,,225.0,2304.0,737.0,1125.0,7931.0,265683.0,26651.0,197.0,34769.0,14.0,3314547.0,3097.0,177.0,2211.0,2704.0,587.0,157.0,17.0,121.0,922.0,909.0,403.0,1086.0,64529.0,10585.0,2934.0,1124.0,664.0,365310.0,163844.0,195602.0,68169.0,225402.0,6299.0,8363.0,506.0,21493.0,565.0,1324.0,25312.0,29328.0,4196.0,3314.0,9508.0,16793.0,9832.0,7394.0,890.0,356869.0,74.0,13089.0,52257.0,124.0,57826.0,2418.0,28890.0,6966.0,192174.0,2596.0,8918.0,9287.0,3473.0,1732.0,3033.0,1728.0,285.0,1512.0,4826.0,1133.0,100.0,1393.0,5013.0,2148.0,33496.0,240184.0,16.0,14473.0,3213.0,9664.0,1272.0,19774.0,14.0,244.0,856.0,1378.0,3435.0,1871.0,2316.0,2325.0,95.0,3054.0,121.0,11112.0,6758.0,3052.0
2024-01-01,,,,,,1180.0,129.0,39.0,,263.0,286.0,16.0,,72.0,60.0,17.0,27.0,47363.0,59489.0,20.0,339.0,,221.0,2802.0,948.0,1299.0,10329.0,371123.0,33495.0,207.0,36413.0,,3820048.0,4094.0,184.0,2840.0,3534.0,860.0,288.0,,163.0,1135.0,1073.0,517.0,1292.0,68800.0,11387.0,3458.0,1153.0,813.0,406706.0,199792.0,214376.0,85065.0,263169.0,8148.0,10755.0,710.0,27929.0,647.0,1597.0,32995.0,36931.0,5272.0,4302.0,12167.0,21591.0,12457.0,7933.0,1180.0,433132.0,145.0,17606.0,67398.0,206.0,74082.0,3396.0,40733.0,8786.0,251242.0,3561.0,8496.0,9951.0,4337.0,2487.0,3530.0,2464.0,294.0,2006.0,5100.0,1364.0,137.0,1890.0,4450.0,2011.0,40583.0,281697.0,44.0,14490.0,3156.0,12124.0,2018.0,27134.0,,392.0,1564.0,2080.0,5640.0,2387.0,2649.0,3027.0,80.0,3852.0,175.0,15012.0,8854.0,4524.0
2024-02-01,,,,,,1222.0,125.0,26.0,,398.0,340.0,,,50.0,46.0,39.0,20.0,44720.0,53953.0,23.0,448.0,,298.0,2846.0,1035.0,1468.0,10042.0,368014.0,34981.0,251.0,34934.0,26.0,3668981.0,4194.0,195.0,2990.0,3645.0,856.0,327.0,18.0,194.0,1201.0,1214.0,509.0,1404.0,63470.0,10681.0,2967.0,1063.0,881.0,383342.0,200017.0,203545.0,89591.0,258784.0,8324.0,10923.0,803.0,27839.0,582.0,1579.0,33841.0,37016.0,5069.0,4102.0,11298.0,20454.0,13321.0,7162.0,1043.0,435585.0,165.0,17014.0,67150.0,217.0,77595.0,3450.0,41284.0,9236.0,250004.0,3249.0,8145.0,9887.0,4352.0,2374.0,3721.0,2044.0,259.0,2121.0,5401.0,1575.0,105.0,2302.0,4619.0,1910.0,39641.0,280378.0,50.0,14195.0,2970.0,12163.0,1716.0,27488.0,,514.0,1389.0,2226.0,5392.0,2533.0,2601.0,2784.0,87.0,3499.0,211.0,16529.0,8561.0,4493.0
2024-03-01,,,,,,1105.0,90.0,33.0,,483.0,333.0,,,28.0,80.0,25.0,25.0,46829.0,55503.0,,597.0,,308.0,2938.0,970.0,1435.0,9765.0,358739.0,39278.0,265.0,34247.0,15.0,3690245.0,4492.0,177.0,3126.0,3996.0,858.0,346.0,,188.0,1106.0,1227.0,531.0,1409.0,62983.0,10769.0,3154.0,1085.0,795.0,388693.0,200049.0,210530.0,90381.0,259051.0,8426.0,11207.0,567.0,28083.0,629.0,1834.0,33806.0,38692.0,4886.0,3844.0,11002.0,19930.0,13095.0,6769.0,1130.0,422518.0,146.0,17260.0,64838.0,207.0,79538.0,3163.0,39556.0,9164.0,249045.0,3216.0,8522.0,10585.0,4281.0,2107.0,3369.0,2223.0,278.0,2409.0,5864.0,1975.0,124.0,2291.0,6085.0,3173.0,38323.0,283329.0,84.0,13401.0,2978.0,11996.0,1984.0,25743.0,,437.0,1286.0,2163.0,5386.0,2421.0,2762.0,2870.0,116.0,3699.0,142.0,16023.0,8992.0,4238.0
2024-04-01,,,,,,1122.0,70.0,46.0,,762.0,457.0,,12.0,84.0,41.0,52.0,31.0,46576.0,54998.0,18.0,551.0,12.0,425.0,3176.0,1013.0,1482.0,10509.0,369614.0,43568.0,262.0,34562.0,,3719207.0,4658.0,190.0,3428.0,4182.0,997.0,327.0,12.0,210.0,1183.0,1152.0,474.0,1360.0,61610.0,10820.0,3098.0,1092.0,817.0,394569.0,205150.0,214010.0,94121.0,262408.0,8791.0,11693.0,744.0,29366.0,622.0,1811.0,35980.0,41784.0,4752.0,3742.0,11131.0,20196.0,12706.0,5902.0,1050.0,441009.0,191.0,16916.0,67265.0,238.0,84285.0,3163.0,41460.0,9119.0,256930.0,2880.0,8823.0,9651.0,5011.0,2273.0,3672.0,2256.0,455.0,2357.0,5941.0,1603.0,129.0,2210.0,6071.0,2285.0,40597.0,287815.0,62.0,12847.0,2548.0,12109.0,1939.0,28042.0,,439.0,1479.0,2194.0,5880.0,2762.0,2966.0,2776.0,181.0,3647.0,178.0,16561.0,9451.0,4221.0
2024-05-01,,,,,,1167.0,110.0,34.0,,1045.0,393.0,,32.0,84.0,62.0,13.0,14.0,46606.0,57669.0,,478.0,,291.0,3317.0,960.0,1539.0,10178.0,362764.0,42852.0,236.0,32978.0,,3675258.0,4537.0,223.0,3292.0,3992.0,944.0,334.0,,185.0,1135.0,1125.0,542.0,1407.0,61196.0,11326.0,3210.0,1086.0,785.0,396352.0,200330.0,216553.0,92233.0,258055.0,9384.0,12102.0,667.0,28206.0,609.0,1778.0,35163.0,44349.0,4796.0,3791.0,10970.0,19347.0,12632.0,5067.0,1250.0,436963.0,173.0,17217.0,67518.0,210.0,79149.0,2757.0,40639.0,9666.0,249506.0,2667.0,9386.0,9971.0,4502.0,2079.0,3541.0,2131.0,457.0,2342.0,6314.0,2094.0,128.0,2158.0,6466.0,2684.0,39455.0,284904.0,47.0,13071.0,2685.0,12126.0,1935.0,27633.0,,497.0,1437.0,2368.0,5594.0,2940.0,2632.0,3004.0,209.0,3922.0,184.0,15542.0,9393.0,4449.0
2024-06-01,,,,,,912.0,93.0,27.0,,448.0,350.0,,13.0,19.0,45.0,,12.0,40203.0,50601.0,,269.0,,294.0,2412.0,709.0,1125.0,8803.0,317006.0,36282.0,193.0,28044.0,14.0,3316574.0,4067.0,160.0,2934.0,3559.0,889.0,264.0,,171.0,944.0,1009.0,443.0,1172.0,55578.0,10156.0,2699.0,956.0,678.0,358580.0,176463.0,195446.0,79056.0,226732.0,7767.0,10168.0,598.0,24144.0,515.0,1507.0,29690.0,40073.0,4248.0,3407.0,9336.0,16934.0,9691.0,4502.0,888.0,364157.0,128.0,13068.0,52911.0,147.0,77641.0,2157.0,32395.0,8682.0,205336.0,2850.0,8552.0,8062.0,3830.0,1641.0,3023.0,1631.0,422.0,1856.0,5237.0,1490.0,119.0,1607.0,5449.0,2076.0,32496.0,239703.0,51.0,11875.0,2083.0,10161.0,1612.0,21841.0,,367.0,1124.0,1603.0,4724.0,2367.0,2157.0,2336.0,188.0,3000.0,138.0,12155.0,8662.0,3751.0
