HCPCS_CODE,Description,B0_const,B1_time,B2_level,B3_slope,p_const,p_time,p_level,p_slope,R_squared,BIC,N_obs,HCPCS_CODE,Description,B0_const,B1_time,B2_level,B3_slope,p_const,p_time,p_level,p_slope,R_squared,BIC,N_obs
93247,continuous cardiac monitoring and detection,0,-857.3050,1792.9227,935.6177,0,1.45E-76,1.11E-94,2.79E-117,0.8021,643.7680,42,93247,continuous cardiac monitoring and detection,0,-857.3050,1792.9227,935.6177,0,1.45E-76,1.11E-94,2.79E-117,0.8021,643.7680,42
93243,continuous cardiac monitoring and detection,0,-692.4881,1483.4666,790.9786,0,5.44E-49,5.04E-63,9.47E-81,0.8497,649.0534,42,93243,continuous cardiac monitoring and detection,0,-692.4881,1483.4666,790.9786,0,5.44E-49,5.04E-63,9.47E-81,0.8497,649.0534,42
93246,continuous cardiac monitoring and detection,0,-129.9846,300.5532,170.5686,0,6.98E-10,2.82E-14,2.64E-20,0.8313,580.3343,42,93246,continuous cardiac monitoring and detection,0,-129.9846,300.5532,170.5686,0,6.98E-10,2.82E-14,2.64E-20,0.8313,580.3343,42
93248,continuous cardiac monitoring and detection,0,-132.3011,310.3377,178.0366,0,8.35E-07,9.41E-10,9.46E-14,0.8057,597.6316,42,93248,continuous cardiac monitoring and detection,0,-132.3011,310.3377,178.0366,0,8.35E-07,9.41E-10,9.46E-14,0.8057,597.6316,42
93244,continuous cardiac monitoring and detection,0,-65.8891,169.0342,103.1452,0,1.64E-05,4.14E-09,2.38E-14,0.7962,582.8961,42,93244,continuous cardiac monitoring and detection,0,-65.8891,169.0342,103.1452,0,1.64E-05,4.14E-09,2.38E-14,0.7962,582.8961,42
85390,Coagulation interpretation/report,644.0450,43.5308,1272.0892,-48.8628,5.72E-08,2.09E-06,1.53E-08,5.64E-07,0.9139,1133.1190,78,85390,Coagulation interpretation/report,616.9537,49.9328,1224.9069,-55.2649,1.14E-06,1.13E-06,6.33E-08,3.20E-07,0.9153,1087.7276,75
81241,Factor V Leiden,1910.3153,-20.1275,607.3914,11.4208,5.99E-259,4.78E-09,2.64E-08,0.0093,0.3799,1073.8171,78,81241,Factor V Leiden,1896.6988,-18.0247,493.3354,9.3180,3.19E-276,5.24E-10,1.47E-08,0.0222,0.3329,1022.2326,75
81240,Prothrombin gene mutation,1581.4895,-22.0740,428.7394,16.9092,1.84E-272,3.22E-15,1.19E-06,2.33E-06,0.5032,1035.2360,78,81240,Prothrombin gene mutation,1576.5062,-21.1547,338.0844,15.9899,1.44E-283,4.37E-17,5.03E-06,2.91E-06,0.4848,988.2707,75
86140,CRP,144714.3018,1729.2256,47514.5242,-1568.0455,9.73E-269,1.45E-07,1.77E-06,6.48E-05,0.8473,1766.9908,78,86140,CRP,140924.5152,2283.8239,38744.8436,-2122.6437,3.64E-245,2.78E-30,4.12E-11,5.60E-13,0.8797,1676.5994,75
85300,Antithrombin III,598.5796,9.4018,340.6187,-12.5468,4.76E-124,9.47E-05,2.41E-06,7.14E-06,0.7578,997.9444,78,85300,Antithrombin III,577.4260,12.5548,289.0813,-15.6999,2.18E-118,7.44E-12,2.26E-08,2.18E-11,0.7932,942.3304,75
86148,Beta-2 glycoprotein,656.7538,18.0506,580.3714,-49.3547,2.13E-93,2.56E-13,4.79E-06,2.96E-35,0.6531,1092.0982,78,86148,Beta-2 glycoprotein,618.1141,22.8830,518.5247,-54.1871,4.00E-99,3.11E-29,8.06E-06,3.39E-46,0.6832,1044.8030,75
93242,continuous cardiac monitoring and detection,0,-68.3858,186.3424,117.9566,0,0.0018,6.33E-06,1.29E-09,0.8625,587.0180,42,93242,continuous cardiac monitoring and detection,0,-68.3858,186.3424,117.9566,0,0.0018,6.33E-06,1.29E-09,0.8625,587.0180,42
96137, Psychological or neuropsychological test administration and scoring each additional 30 minutes. ,5409.7433,-18.5683,2714.7785,111.2571,9.26E-77,0.5487,1.49E-05,0.0013,0.8179,1129.0401,66,96137, Psychological or neuropsychological test administration and scoring each additional 30 minutes. ,5398.7922,4.0494,2217.6726,88.6395,2.77E-96,0.8822,9.63E-06,0.0047,0.8136,1072.4836,63
85303,Protein C / S,675.2402,9.0085,316.0815,-12.5201,6.80E-139,0.0003,3.43E-05,2.22E-05,0.7128,1002.6228,78,85303,Protein C / S,652.6168,12.4425,255.8419,-15.9541,6.87E-141,2.29E-12,2.12E-06,4.42E-11,0.7529,946.1138,75
85652,ESR,129423.0646,590.2185,38853.5911,-302.2382,0.0000,0.0518,5.05E-05,0.4083,0.7335,1757.4509,78,85652,ESR,126174.1052,1062.4555,28761.6216,-774.4752,0.0000,1.96E-13,6.58E-08,0.0024,0.7874,1661.1978,75
86146,Anticardiolipin antibodies (IgG/IgM),2520.9429,68.4874,1454.9102,-15.0226,6.68E-82,1.65E-10,5.31E-05,0.3064,0.8869,1264.9396,78,86146,Anticardiolipin antibodies (IgG/IgM),2394.0802,86.3927,1214.2647,-32.9279,1.85E-65,4.85E-26,1.18E-05,0.0114,0.8987,1206.3278,75
85306,Protein C / S,785.8784,10.9403,347.7576,-14.2691,5.82E-181,0.0001,6.74E-05,1.60E-05,0.7216,1024.1795,78,85306,Protein C / S,756.3708,15.3443,269.1591,-18.6731,1.63E-208,2.51E-21,3.56E-07,1.61E-15,0.7724,961.9388,75
96110," Developmental screening, per standardized instrument, with scoring and documentation. ",249805.7162,1853.8067,97939.7545,-1576.4862,2.52E-148,0.0136,7.16E-05,0.0951,0.6924,1914.2029,78,96110," Developmental screening, per standardized instrument, with scoring and documentation. ",242924.7897,2923.7934,76142.5250,-2646.4730,2.75E-169,3.62E-12,3.90E-06,0.0002,0.7220,1824.5930,75
85597,Platelet aggregation studies,363.5616,2.9933,198.9084,-0.5436,2.83E-112,0.0242,8.78E-05,0.7741,0.7346,945.6992,78,85597,Platelet aggregation studies,354.4652,4.5164,168.2465,-2.0667,1.60E-151,1.51E-06,8.36E-05,0.2097,0.7412,902.7534,75
85379,D-dimer,33838.5120,999.4676,20552.3786,-1695.6112,2.12E-36,5.17E-07,0.0001,5.07E-13,0.7690,1643.4260,78,85379,D-dimer,33266.1925,1129.4596,19963.3571,-1825.6032,7.00E-30,7.29E-07,0.0003,2.98E-12,0.7708,1580.4680,75
85245,Clotting factors (selective use),1042.4520,19.4488,748.1498,-2.9094,2.88E-63,0.0008,0.0001,0.6969,0.8329,1145.7025,78,85245,Clotting factors (selective use),976.9358,28.7540,574.2448,-12.2147,5.20E-87,8.34E-21,1.17E-05,0.0319,0.8624,1081.2419,75
86147,Anticardiolipin antibodies (IgG/IgM),4343.0931,68.2677,1926.7094,-4.5171,4.43E-128,7.87E-06,0.0001,0.8224,0.8582,1309.8906,78,86147,Anticardiolipin antibodies (IgG/IgM),4174.0339,92.7403,1517.4482,-28.9897,1.93E-128,6.66E-23,1.33E-05,0.0745,0.8782,1244.4429,75
95923,Sudomotor function (QSART),4782.6006,-58.2073,1483.2415,48.1203,6.72E-97,3.98E-05,0.0001,0.0022,0.3199,1246.5346,78,95923,Sudomotor function (QSART),4727.8146,-47.4108,1017.9151,37.3237,2.26E-95,9.02E-07,4.97E-06,0.0018,0.2620,1170.1227,75
85246,Clotting factors (selective use),1399.9745,21.3094,826.4452,-0.6853,6.70E-86,0.0013,0.0002,0.9366,0.8299,1167.8736,78,85246,Clotting factors (selective use),1321.0321,32.2309,619.8261,-11.6069,7.26E-141,5.71E-21,4.29E-05,0.0780,0.8606,1102.0011,75
85025,CBC,2891786.5526,1283.1272,601686.5394,5337.6206,0.0000,0.8028,0.0003,0.4040,0.6536,2196.2580,78,85025,CBC,2836372.8004,8967.3212,415055.4640,-2346.5734,0.0000,0.0010,3.23E-05,0.6251,0.7141,2079.5212,75
84478,Triglycerides,29954.1411,-109.7525,9986.6531,28.1698,1.28E-254,0.1307,0.0004,0.7735,0.3527,1550.9897,78,84478,Triglycerides,29394.2567,-23.1979,7447.5313,-58.3848,0.0000,0.4519,0.0003,0.4304,0.3238,1473.0933,75
95910,Nerve conduction studies (depending on number of nerves tested),1895.3198,-12.7945,773.1288,12.3338,4.53E-91,0.0636,0.0004,0.1421,0.3374,1172.4608,78,95910,Nerve conduction studies (depending on number of nerves tested),1855.4528,-5.8616,552.7617,5.4010,1.79E-95,0.1662,0.0001,0.4038,0.2911,1109.9392,75
96111," Deleted; old code for developmental testing, per hour / extended developmental testing",8726.1607,-332.9219,2941.3664,333.7968,8.08E-18,6.13E-14,0.0005,5.28E-14,0.7596,1384.4532,69,96111," Deleted; old code for developmental testing, per hour / extended developmental testing",9245.9376,-380.2423,2937.0777,381.1172,2.20E-23,1.26E-16,0.0007,1.07E-16,0.7957,1321.9087,66
93042,"Rhythm ECG (limited, interpretation dependent)",8727.2102,26.2039,2395.8196,-88.6888,9.53E-256,0.1609,0.0005,0.0004,0.4188,1334.6380,78,93042,"Rhythm ECG (limited, interpretation dependent)",8512.1569,55.9485,1737.6551,-118.4335,7.24E-249,1.82E-06,0.0006,7.60E-09,0.4788,1260.9630,75
85247,Clotting factors (selective use),291.0015,6.4079,222.0501,-2.2381,2.38E-45,0.0005,0.0006,0.3501,0.7847,978.7797,78,85247,Clotting factors (selective use),271.6934,9.2426,169.8683,-5.0729,1.71E-75,2.92E-19,0.0003,0.0064,0.8094,926.4247,75
93227,Holter monitor (24-48 hr ECG),2297.7838,1.3266,934.8453,-26.6994,1.84E-78,0.8830,0.0007,0.0088,0.3183,1190.8009,78,93227,Holter monitor (24-48 hr ECG),2229.6542,11.7015,674.9582,-37.0743,1.83E-98,0.0250,0.0001,2.32E-07,0.3664,1120.7949,75
85240,Clotting factors (selective use),1574.5105,24.2931,928.7519,-0.1644,3.35E-68,0.0042,0.0007,0.9873,0.8196,1194.0653,78,85240,Clotting factors (selective use),1480.6310,37.5515,671.2411,-13.4228,8.97E-99,1.69E-18,0.0001,0.0712,0.8572,1123.4614,75
27447,Total knee replacement (arthroplasty),54.1742,0.1297,98.9264,5.9866,1.03E-07,0.8294,0.0010,4.55E-05,0.7576,906.9895,76,27447,Total knee replacement (arthroplasty),52.5740,0.5247,88.2757,5.5916,6.57E-07,0.3443,0.0019,0.0001,0.7487,873.8696,75
86038,ANA,63735.2643,12.9770,18531.2679,150.3891,8.76E-236,0.9425,0.0010,0.4847,0.5869,1665.8473,78,86038,ANA,62240.7487,245.9418,12609.8382,-82.5758,0.0000,0.0060,0.0001,0.5855,0.6369,1572.2797,75
86235,ENA panel,17558.4099,113.2432,5674.5969,63.4380,1.25E-182,0.0355,0.0012,0.3553,0.7696,1501.2040,78,86235,ENA panel,16968.8556,197.0147,3923.1941,-20.3335,2.63E-281,2.30E-13,0.0003,0.6916,0.8071,1421.7364,75
85305,Protein C / S,292.6366,6.0097,130.3914,-9.1961,5.05E-48,3.51E-05,0.0013,1.17E-08,0.6321,911.2693,78,85305,Protein C / S,279.8307,7.9348,99.6208,-11.1213,3.31E-38,4.80E-13,0.0002,1.26E-17,0.6872,858.0217,75
92557,"Comprehensive audiometry, including air, bone, and speech",8704.3679,3122.4901,-49279.4490,-4129.1756,0.1490,3.84E-22,0.0013,3.04E-15,0.6079,1785.1542,78,92557,"Comprehensive audiometry, including air, bone, and speech",5006.5312,3488.9308,-47940.2453,-4495.6163,0.4705,1.93E-18,0.0021,3.95E-15,0.6092,1714.6934,75
83520,Tryptase,14438.5706,681.5071,5787.1741,-915.5687,6.93E-89,1.79E-44,0.0014,1.50E-40,0.8707,1496.0702,78,83520,Tryptase,13434.0945,808.6835,4766.5263,-1042.7452,1.05E-76,1.02E-122,0.0007,7.05E-68,0.8960,1423.5539,75
93303,complete transthoracic echocardiogram (TTE) for congenital cardiac anomalies,24302.1021,178.8434,7027.3868,-141.5846,2.04E-238,0.0151,0.0016,0.0843,0.7039,1518.0669,78,93303,complete transthoracic echocardiogram (TTE) for congenital cardiac anomalies,23497.1889,297.4863,4572.2565,-260.2275,0.0000,6.24E-31,5.49E-06,7.55E-09,0.7903,1419.1765,75
86160,C3,14967.0270,81.3175,4269.3087,59.7735,4.61E-208,0.0531,0.0016,0.2555,0.7673,1460.1386,78,86160,C3,14527.1283,144.8954,2918.6676,-3.8044,7.27E-230,9.05E-10,0.0006,0.9236,0.8057,1381.6998,75
93041,"Rhythm ECG (limited, interpretation dependent)",13680.0601,-6.9574,2332.2747,-154.8318,1.18E-188,0.7933,0.0016,9.44E-07,0.6619,1334.6143,78,93041,"Rhythm ECG (limited, interpretation dependent)",13581.0160,12.9195,1774.3873,-174.7087,1.21E-164,0.5798,0.0013,2.10E-09,0.7385,1263.2709,75
11105,"Punch skin biopsy, each additional lesion",333.4267,-3.8052,-116.4189,3.2809,3.65E-22,0.0867,0.0017,0.1545,0.6614,744.9556,66,11105,"Punch skin biopsy, each additional lesion",324.8745,-2.8636,-138.1139,2.3393,2.19E-21,0.3351,0.0023,0.4392,0.6519,715.1160,63
88341,"Immunohistochemistry stains often used to visualize nerve fibers (e.g., PGP 9.5)",8172.4084,97.6735,3620.6014,-42.5843,3.72E-114,0.0049,0.0022,0.3454,0.7289,1428.1296,78,88341,"Immunohistochemistry stains often used to visualize nerve fibers (e.g., PGP 9.5)",7805.1212,149.1023,2635.1879,-94.0131,1.63E-191,9.24E-15,0.0015,0.0075,0.7629,1355.8685,75
80061,"Lipid Panel (Total, HDL, Triglycerides, and calculated LDL)",989988.7943,2353.2292,303788.7279,2200.6735,2.35E-185,0.4710,0.0023,0.5619,0.6637,2108.3337,78,80061,"Lipid Panel (Total, HDL, Triglycerides, and calculated LDL)",962286.8449,6661.1404,200697.2078,-2107.2377,3.10E-237,4.65E-05,0.0003,0.4136,0.7296,1993.6109,75
95886,Needle EMG,18269.2508,15.1968,6193.1824,43.9843,3.16E-129,0.8229,0.0029,0.5800,0.5431,1514.8917,78,95886,Needle EMG,17749.6827,99.9422,4046.4881,-40.7611,1.72E-169,0.0028,0.0007,0.4475,0.5807,1431.1589,75
93000,ECG,187788.4505,-488.3210,57014.1845,1288.5349,1.60E-166,0.4369,0.0035,0.0860,0.5087,1862.3128,78,93000,ECG,181822.2210,365.0241,34208.4096,435.1899,4.02E-235,0.2838,0.0025,0.4265,0.5443,1760.2183,75
11102,"Tangential skin biopsy, single lesion",8086.5467,-45.1961,3569.0737,78.2795,5.90E-45,0.4298,0.0038,0.2128,0.4634,1206.5400,66,11102,"Tangential skin biopsy, single lesion",8143.2078,8.5649,2301.6038,24.5185,1.87E-60,0.8258,0.0020,0.6103,0.4343,1133.2422,63
96146, Psychological or neuropsychological test administration with single automated standardized instrument via electronic platform,1701.6667,-65.2935,383.5618,59.7208,2.11E-37,2.18E-11,0.0039,6.48E-09,0.7832,897.5076,66,96146, Psychological or neuropsychological test administration with single automated standardized instrument via electronic platform,1770.4416,-75.2156,317.3486,69.6429,1.20E-45,1.71E-14,0.0053,1.51E-11,0.8144,848.9608,63
93306,Echocardiogram,208951.1126,238.2936,52356.8437,96.7400,1.50E-253,0.6765,0.0041,0.8854,0.5478,1841.8743,78,93306,Echocardiogram,203288.6132,1064.2704,32302.9655,-729.2368,0.0000,1.61E-05,0.0014,0.1003,0.6263,1732.7316,75
96136, Psychological or neuropsychological test administration and scoring first 30 minutes. ,7971.9500,-11.3109,2533.1419,179.0589,1.57E-61,0.7885,0.0042,0.0003,0.7983,1183.3005,66,96136, Psychological or neuropsychological test administration and scoring first 30 minutes. ,7947.0346,22.6584,1844.7385,145.0896,8.18E-65,0.5500,0.0098,0.0016,0.7933,1125.5978,63
83497,5-HIAA (sometimes used in differential),1165.7477,-21.3665,-214.9933,20.2360,5.47E-33,4.73E-07,0.0049,2.05E-05,0.8475,1014.8096,78,83497,5-HIAA (sometimes used in differential),1196.5437,-24.2537,-217.5004,23.1231,4.73E-33,3.09E-07,0.0047,9.29E-06,0.8558,974.5349,75
71260,CT Chest,38674.5991,269.9896,8777.9260,-253.6881,6.70E-254,0.0032,0.0050,0.0310,0.6267,1583.2012,78,71260,CT Chest,38002.8520,384.5699,6593.0729,-368.2683,1.32E-238,9.14E-11,0.0039,0.0001,0.6608,1506.8958,75
95816,EEG (if syncope vs seizure differentiation is needed),8079.5150,-15.1024,2265.2088,74.0185,4.29E-128,0.5515,0.0052,0.0155,0.5934,1371.0043,78,95816,EEG (if syncope vs seizure differentiation is needed),7824.6631,21.0154,1318.9831,37.9007,2.79E-159,0.1179,0.0075,0.0867,0.6312,1291.8442,75
11103,"Tangential skin biopsy, each additional lesion",821.7700,-2.5017,347.1440,5.7280,2.65E-24,0.6637,0.0059,0.3892,0.3768,929.4681,66,11103,"Tangential skin biopsy, each additional lesion",814.4978,3.9597,217.6813,-0.7335,5.01E-26,0.4636,0.0251,0.9102,0.3271,878.5836,63
88342,"Immunohistochemistry stains often used to visualize nerve fibers (e.g., PGP 9.5)",42088.0841,264.1111,15409.1760,-207.7879,2.01E-130,0.1297,0.0059,0.3221,0.5886,1659.1523,78,88342,"Immunohistochemistry stains often used to visualize nerve fibers (e.g., PGP 9.5)",40275.0428,525.7644,9641.6448,-469.4412,2.13E-238,1.97E-13,0.0025,0.0008,0.6655,1562.0831,75
76700,abdominal ultrasound,59961.1937,-297.9825,15633.4527,267.4433,4.94E-206,0.1056,0.0060,0.1976,0.2794,1650.7110,78,76700,abdominal ultrasound,58425.6025,-69.3255,8958.0736,38.7864,0.0000,0.3847,0.0029,0.7648,0.2435,1543.7277,75
93225,Holter monitor (24-48 hr ECG),2504.6351,7.5161,904.4249,-45.4509,2.29E-90,0.4625,0.0061,0.0002,0.3235,1214.0369,78,93225,Holter monitor (24-48 hr ECG),2417.2977,20.7106,592.0875,-58.6454,3.61E-109,0.0003,0.0070,8.30E-12,0.4247,1140.7139,75
96131," Psychological testing evaluation services, each additional hour. ",7710.7567,-67.7035,3533.3978,197.3315,9.68E-27,0.3371,0.0075,0.0082,0.7176,1197.5407,66,96131," Psychological testing evaluation services, each additional hour. ",7651.5931,-31.4545,2664.4723,161.0825,6.19E-28,0.6601,0.0243,0.0332,0.7026,1138.7002,63
86162,CH50,1310.0255,6.7049,326.0942,-9.1902,2.94E-95,0.0855,0.0078,0.0757,0.3980,1098.6056,78,86162,CH50,1265.0214,12.6180,201.9941,-15.1033,6.84E-106,2.30E-05,0.0252,0.0010,0.4323,1039.6816,75
88314,"Immunohistochemistry stains often used to visualize nerve fibers (e.g., PGP 9.5)",480.1051,-5.9219,-111.9334,4.9861,1.50E-75,1.85E-05,0.0081,0.0026,0.7929,887.2775,78,88314,"Immunohistochemistry stains often used to visualize nerve fibers (e.g., PGP 9.5)",477.4082,-5.8626,-128.8980,4.9268,2.70E-64,0.0015,0.0083,0.0165,0.7865,858.2209,75
96125," Standardized cognitive performance testing, per hour. ",432.8769,-10.2342,130.3155,12.4516,2.11E-16,4.37E-06,0.0087,7.32E-06,0.2585,994.2579,78,96125," Standardized cognitive performance testing, per hour. ",438.0980,-10.4285,100.6074,12.6458,1.84E-15,1.32E-05,0.0287,1.40E-05,0.2296,957.0613,75
96138," Psychological or neuropsychological test administration and scoring by technician, first 30 minutes. ",6446.0233,49.4726,-1081.6634,54.2044,1.42E-60,0.0826,0.0092,0.0709,0.7141,1091.6172,66,96138," Psychological or neuropsychological test administration and scoring by technician, first 30 minutes. ",6324.3593,63.1974,-1086.0774,40.4796,3.22E-58,0.0674,0.0172,0.2580,0.7230,1042.3729,63
88305,"Surgical pathology, gross and microscopic examination (nerve biopsy)",364877.7447,-304.1156,92760.2097,144.3092,2.64E-208,0.7937,0.0093,0.9119,0.3749,1939.1899,78,88305,"Surgical pathology, gross and microscopic examination (nerve biopsy)",353972.8503,1298.6741,51463.4869,-1458.4805,0.0000,0.0033,0.0031,0.0565,0.4466,1816.3208,75
11107,"Incisional skin biopsy, each additional lesion",51.0467,-0.9135,77.2398,-0.1714,7.79E-08,0.1636,0.0105,0.8928,0.1582,732.1092,59,11107,"Incisional skin biopsy, each additional lesion",49.9394,-0.5416,68.1682,-0.5433,4.55E-08,0.4568,0.0230,0.6823,0.1306,701.6336,57
96112," Developmental test administration, first hour. ",6506.8400,114.1770,2470.8345,-52.4718,7.45E-60,0.0037,0.0109,0.2425,0.6885,1188.3628,66,96112," Developmental test administration, first hour. ",6298.3810,198.9286,1326.7921,-137.2234,1.66E-86,9.02E-12,0.0405,0.0002,0.7164,1116.4117,63
96116," Neurobehavioral status exam, first hour. ",1722.6366,11.8430,607.4187,5.5717,3.54E-38,0.1421,0.0128,0.5552,0.6345,1198.3788,78,96116," Neurobehavioral status exam, first hour. ",1652.0143,20.6090,433.0589,-3.1942,3.63E-31,0.0086,0.0421,0.7295,0.6406,1146.4271,75
95943,Quantitative autonomic function testing of parasympathetic and sympathetic functions,1109.6141,-23.1795,248.3340,5.5894,1.20E-121,2.23E-19,0.0138,0.1485,0.8328,1027.4086,49,95943,Quantitative autonomic function testing of parasympathetic and sympathetic functions,1121.7148,-23.7416,184.6822,6.1515,1.44E-141,1.36E-33,0.0379,0.0782,0.8510,981.9372,46
75561,cardiovascular magnetic resonance imaging,100.5661,2.1311,97.4803,3.2468,8.19E-09,0.0742,0.0153,0.0735,0.7307,925.6011,78,75561,cardiovascular magnetic resonance imaging,94.1622,3.2664,73.9502,2.1116,1.48E-08,0.0013,0.0326,0.2157,0.7309,886.6995,75
95913,Nerve conduction studies (depending on number of nerves tested),1832.0195,4.0925,538.2505,4.7509,5.76E-71,0.5920,0.0163,0.6040,0.5344,1165.6084,78,95913,Nerve conduction studies (depending on number of nerves tested),1802.0749,10.2908,382.1290,-1.4473,1.30E-72,0.0901,0.0266,0.8547,0.5370,1110.0614,75
93241,continuous cardiac monitoring and detection,0,19.9020,-29.8151,-9.9131,0,0.0027,0.0164,0.0870,0.8463,445.1534,40,93241,continuous cardiac monitoring and detection,0,19.9020,-29.8151,-9.9131,0,0.0027,0.0164,0.0870,0.8463,445.1534,40
95909,Nerve conduction studies (depending on number of nerves tested),944.9670,-1.0775,369.2314,4.0936,1.93E-50,0.8276,0.0164,0.4820,0.3637,1115.7185,78,95909,Nerve conduction studies (depending on number of nerves tested),911.2299,4.4231,223.7166,-1.4070,3.48E-47,0.2099,0.0410,0.7632,0.3520,1056.9818,75
83721,"Lipoprotein, direct measurement; high-density cholesterol (HDL)",29024.1051,-104.6505,6776.0405,170.5796,8.54E-197,0.2436,0.0171,0.1266,0.3629,1546.9578,78,83721,"Lipoprotein, direct measurement; high-density cholesterol (HDL)",28380.6595,-0.1965,3763.0090,66.1257,1.06E-286,0.9963,0.0261,0.4073,0.3631,1453.9523,75
82785,IgE (total),24659.2508,-51.3794,5676.0250,313.5257,6.95E-76,0.5019,0.0174,0.0024,0.5938,1558.3566,78,82785,IgE (total),23842.0250,51.9606,3032.2336,210.1858,1.44E-80,0.4116,0.0969,0.0276,0.6130,1481.6868,75
86359,CD4/CD8 subsets,8931.9535,43.8852,1866.0413,-71.3681,2.76E-189,0.0926,0.0175,0.0140,0.3982,1362.3806,78,86359,CD4/CD8 subsets,8609.7023,86.9428,942.1033,-114.4257,2.26E-190,1.45E-06,0.0482,3.33E-07,0.5092,1271.4440,75
86665,EBV antibodies,10045.8033,-66.0332,2346.5935,156.2327,2.20E-88,0.0382,0.0194,0.0003,0.4425,1427.4441,78,86665,EBV antibodies,9735.4599,-32.3640,1381.4218,122.5635,1.12E-81,0.3577,0.1485,0.0078,0.4134,1365.5126,75
96113," Developmental test administration, each additional 30 minutes. ",1160.5600,16.4078,456.9810,14.6634,8.99E-23,0.0692,0.0196,0.1935,0.7171,1007.9769,66,96113," Developmental test administration, each additional 30 minutes. ",1140.8182,27.2896,308.3106,3.7816,3.49E-20,0.0070,0.0757,0.7577,0.7068,960.0742,63
95921,Cardiovagal (heart rate variability with deep breathing),2191.0210,-11.0901,681.9695,23.8795,2.37E-36,0.2443,0.0212,0.0287,0.3607,1219.8822,78,95921,Cardiovagal (heart rate variability with deep breathing),2083.0606,2.6136,318.1404,10.1758,2.20E-36,0.7502,0.1729,0.3048,0.3416,1152.0083,75
25605,Closed treatment of a distal radial fracture with manipulation ,61.8889,-0.1905,69.8672,-0.2201,0.0002,0.7943,0.0216,0.8698,0.1922,876.2445,74,25605,Closed treatment of a distal radial fracture with manipulation ,59.0143,0.1942,59.8613,-0.6048,0.0007,0.8221,0.0536,0.6726,0.1700,844.3109,72
93660,Tilt table test (with continuous monitoring),79.5300,-1.3620,-29.1945,2.4762,1.10E-09,0.0179,0.0223,0.0002,0.3497,754.6553,61,93660,Tilt table test (with continuous monitoring),76.5847,-1.0953,-38.8722,2.2094,7.87E-09,0.1099,0.0063,0.0036,0.3512,727.2439,59
93224,Holter monitor (24-48 hr ECG),3384.2372,-13.4834,738.9523,34.1209,1.07E-89,0.2096,0.0240,0.0070,0.4270,1235.8765,78,93224,Holter monitor (24-48 hr ECG),3303.4082,-1.6410,400.3758,22.2785,8.37E-105,0.8304,0.0866,0.0311,0.4148,1171.3606,75
95911,Nerve conduction studies (depending on number of nerves tested),3376.2207,14.4255,986.9745,-4.0176,1.10E-113,0.2934,0.0241,0.8083,0.4984,1270.3870,78,95911,Nerve conduction studies (depending on number of nerves tested),3259.8414,32.5592,566.3527,-22.1512,4.82E-146,2.55E-05,0.0462,0.0693,0.5346,1199.9987,75
86769,serology for Covid,19015.4286,15447.5440,-91918.9758,-18615.8310,0.5870,0.0008,0.0257,4.61E-05,0.6676,1328.8658,52,86769,serology for Covid,51340.0727,15436.9394,-77805.5470,-18605.2264,0.3249,0.0428,0.0374,0.0143,0.6538,1255.0866,50
96130," Psychological testing evaluation services, first hour. ",22469.7667,-440.5413,7924.2606,671.7160,5.90E-15,0.0488,0.0281,0.0044,0.4283,1340.6107,66,96130," Psychological testing evaluation services, first hour. ",22654.3723,-424.8610,6104.4257,656.0357,9.37E-15,0.0776,0.0710,0.0093,0.3744,1279.4401,63
82465,"Total cholesterol, serum",49561.6291,-213.9106,11772.8047,-7.2220,8.97E-102,0.2359,0.0321,0.9722,0.1127,1647.0499,78,82465,"Total cholesterol, serum",48285.9109,-14.5702,6027.8996,-206.5624,2.02E-133,0.8989,0.0936,0.1877,0.0864,1552.5420,75
95992,Neuropsychological testing (sometimes used depending on setup),60.1697,-0.3891,58.8818,2.3910,3.45E-05,0.5798,0.0329,0.0568,0.4473,867.7942,72,95992,Neuropsychological testing (sometimes used depending on setup),57.3155,-0.0709,50.3863,2.0728,0.0003,0.9289,0.0632,0.1136,0.4291,836.1683,71
94761,"Pulse oximetry (spot / overnight, sometimes used adjunctively)",20358.1997,-252.4320,2904.2030,255.0192,9.82E-241,4.15E-09,0.0347,7.08E-07,0.4754,1426.1717,78,94761,"Pulse oximetry (spot / overnight, sometimes used adjunctively)",20099.5419,-219.0869,1338.5199,221.6740,5.14E-230,4.62E-07,0.2804,2.15E-05,0.4817,1354.4918,75
93226,Holter monitor (24-48 hr ECG),4360.8844,19.1955,853.8447,-76.0161,2.51E-125,0.1542,0.0391,9.82E-07,0.3775,1254.4173,78,93226,Holter monitor (24-48 hr ECG),4235.3351,37.5094,450.9368,-94.3300,1.13E-126,1.26E-06,0.0734,1.06E-17,0.5238,1175.7345,75
82570,Creatinine (needed for normalization),235857.7958,-399.9439,34430.7640,2679.8542,1.59E-298,0.4600,0.0417,6.29E-05,0.6749,1847.1257,78,82570,Creatinine (needed for normalization),232183.9715,203.7650,17586.0710,2076.1453,3.48E-310,0.5392,0.1087,5.68E-05,0.7100,1753.9372,75
71250,CT Chest,24973.3949,231.2743,4537.4915,7.2956,3.42E-234,0.0003,0.0449,0.9300,0.7388,1546.3102,78,71250,CT Chest,24215.9020,337.0876,2602.7814,-98.5177,1.06E-234,4.08E-22,0.0921,0.1210,0.7771,1468.4741,75
85610,PT/INR,443088.5901,-641.5051,41096.6302,-1019.9884,0.0000,0.3017,0.0459,0.1715,0.1877,1860.5262,78,85610,PT/INR,437397.8806,191.7082,18199.9964,-1853.2018,0.0000,0.5107,0.1553,0.0003,0.2967,1753.6370,75
95908,Nerve conduction studies (depending on number of nerves tested),468.7462,-6.1077,115.6315,7.6188,1.76E-73,0.0016,0.0470,0.0007,0.1973,957.3093,77,95908,Nerve conduction studies (depending on number of nerves tested),463.7184,-4.7741,59.6591,6.2851,9.80E-87,0.0001,0.1294,0.0002,0.1282,902.9899,75
25600,Closed treatment of distal radius fracture; without manipulation,611.8709,-5.5894,269.8666,6.5136,5.19E-12,0.1308,0.0493,0.3038,0.1210,1117.6933,78,25600,Closed treatment of distal radius fracture; without manipulation,595.7130,-3.7567,210.6077,4.6808,5.28E-11,0.3943,0.1367,0.4937,0.0894,1076.2234,75
85384,Fibrinogen,4283.0120,222.6676,1337.9576,-284.0552,5.69E-34,4.70E-19,0.0503,2.20E-23,0.8442,1331.4933,78,85384,Fibrinogen,4120.2228,250.7436,1270.3149,-312.1313,3.46E-26,2.18E-18,0.0664,1.49E-22,0.8509,1278.1486,75
95885,Needle EMG,1518.0856,-8.4382,331.1140,17.8212,1.75E-70,0.1721,0.0612,0.0105,0.3041,1143.0978,78,95885,Needle EMG,1475.9786,-1.6521,130.7495,11.0350,6.09E-67,0.6795,0.2029,0.0309,0.2711,1078.5346,75
86357,NK cells,2518.4069,24.5037,463.6024,-17.8436,1.09E-99,0.0033,0.0691,0.0793,0.5932,1193.0514,78,86357,NK cells,2396.7701,39.5087,178.5918,-32.8485,2.78E-122,5.84E-09,0.3372,0.0003,0.6826,1116.0330,75
95912,Nerve conduction studies (depending on number of nerves tested),2215.8198,-17.2040,335.5881,36.3344,9.58E-160,0.0034,0.0803,1.71E-06,0.4083,1160.1477,78,95912,Nerve conduction studies (depending on number of nerves tested),2181.5401,-11.4031,132.6266,30.5335,1.12E-169,0.0031,0.3248,1.01E-06,0.3804,1100.6781,75
92588,"Distortion product otoacoustic emissions, comprehensive diagnostic evaluation",9056.6637,-87.3205,1523.9451,146.1815,1.02E-70,0.0086,0.0820,6.83E-05,0.3398,1371.9438,78,92588,"Distortion product otoacoustic emissions, comprehensive diagnostic evaluation",8902.4421,-59.6053,529.3195,118.4663,1.47E-82,0.0067,0.2768,1.38E-05,0.3026,1290.7177,75
85576,Platelet function assay (PFA-100/200),640.3964,8.9488,199.0178,-5.7573,3.41E-35,0.0148,0.0884,0.2386,0.5354,1070.9051,78,85576,Platelet function assay (PFA-100/200),623.6453,12.2457,137.1151,-9.0542,2.96E-37,0.0002,0.1835,0.0502,0.5413,1023.8612,75
88356,Morphometric analysis for nerve density (specifically for intra-epidermal nerve fiber density),1048.0751,-24.7503,72.9806,23.2117,5.63E-46,3.46E-17,0.1004,1.70E-14,0.8725,957.9576,78,88356,Morphometric analysis for nerve density (specifically for intra-epidermal nerve fiber density),1068.8610,-26.8379,44.7463,25.2993,1.59E-48,2.72E-17,0.3337,8.11E-15,0.8772,921.3737,75
23500,Closed treatment of clavicular fracture; without manipulation,13.9234,-0.2671,10.8346,1.0087,0.0014,0.1590,0.1040,0.0010,0.4500,654.3413,55,23500,Closed treatment of clavicular fracture; without manipulation,13.8467,-0.2934,10.9548,1.0351,0.0024,0.1933,0.1132,0.0017,0.4450,631.9488,53
85730,aPTT,189253.0480,1004.9131,19954.3258,-1757.9862,0.0000,0.0075,0.1131,0.0001,0.3547,1779.5725,78,85730,aPTT,184580.0232,1646.6614,7106.1444,-2399.7345,0.0000,1.02E-18,0.3717,6.48E-14,0.5087,1670.9604,75
86355,T cells (CD3),3009.6937,29.2175,451.7703,-12.4536,4.37E-96,0.0028,0.1256,0.2979,0.6186,1224.6304,78,86355,T cells (CD3),2867.4528,46.6554,123.6506,-29.8915,1.21E-105,6.16E-08,0.5838,0.0077,0.6915,1151.1600,75
29826,Arthroscopic shoulder surgical procedure for subacromial decompression,13.0405,0.8977,29.5533,-2.4675,0.1088,0.0793,0.1273,0.0006,0.2109,777.8101,60,29826,Arthroscopic shoulder surgical procedure for subacromial decompression,11.7665,1.1661,24.9308,-2.7359,0.1664,0.0347,0.1938,0.0002,0.2180,748.7262,59
11104,"Punch skin biopsy, single lesion",1314.7167,-14.0478,215.1557,13.5224,4.64E-111,0.0243,0.1573,0.0529,0.0616,929.1941,66,11104,"Punch skin biopsy, single lesion",1322.3290,-9.0234,64.9109,8.4980,8.23E-134,0.0349,0.5493,0.1104,0.0273,873.1840,63
75565,Cardiac MRI,127.8904,-0.0731,43.8424,3.5966,4.41E-17,0.9365,0.1728,0.0037,0.5441,880.4308,78,75565,Cardiac MRI,122.1515,0.8580,19.5682,2.6655,3.74E-19,0.2515,0.4810,0.0179,0.5391,840.0404,75
96132," Neuropsychological testing evaluation services, first hour. ",3461.5667,6.8348,396.4470,113.0999,7.57E-55,0.6657,0.1879,7.99E-11,0.8954,1056.8861,66,96132," Neuropsychological testing evaluation services, first hour. ",3413.7229,26.1039,79.4128,93.8308,7.93E-56,0.1275,0.7596,5.31E-07,0.8995,1003.0632,63
85244,Clotting factors (selective use),73.9655,0.4337,19.1308,1.8203,1.54E-20,0.3852,0.2116,0.0023,0.7081,755.0135,77,85244,Clotting factors (selective use),70.3066,1.0017,5.9164,1.2524,3.66E-18,0.0062,0.5947,0.0107,0.7340,710.9515,75
86790,Viral serologies (lab dependent),581.6952,13.8873,-214.2754,-9.9425,6.83E-09,0.0389,0.2233,0.1870,0.2135,1085.3638,78,86790,Viral serologies (lab dependent),554.4456,19.3623,-320.5653,-15.4176,4.20E-08,0.0013,0.0241,0.0257,0.3061,1024.6011,75
92553,Tympanometry and acoustic reflex threshold measurements,1871.7432,5.5575,392.2403,10.0927,3.61E-52,0.5878,0.2273,0.4331,0.3827,1224.3250,78,92553,Tympanometry and acoustic reflex threshold measurements,1785.5597,18.7624,72.5417,-3.1122,5.22E-64,0.0013,0.7294,0.7526,0.4062,1156.4117,75
93040,"Rhythm ECG (limited, interpretation dependent)",3443.7793,-17.3350,346.0435,21.2474,4.46E-134,0.1106,0.2513,0.0848,0.0724,1210.8989,78,93040,"Rhythm ECG (limited, interpretation dependent)",3394.7879,-8.0625,46.3097,11.9749,2.66E-155,0.2828,0.8092,0.2076,0.0198,1141.9750,75
27786,Closed treatment of distal fibular fracture; without manipulation,67.7087,-1.2802,16.0604,2.0870,4.02E-07,0.0278,0.2594,0.0035,0.1455,774.2841,70,27786,Closed treatment of distal fibular fracture; without manipulation,65.8182,-1.1534,10.0537,1.9602,2.37E-06,0.1087,0.5320,0.0184,0.1116,748.6067,67
86360,CD4/CD8 subsets,16766.6937,72.6508,1411.1786,-93.5715,1.80E-190,0.1001,0.2735,0.0530,0.2291,1444.5287,78,86360,CD4/CD8 subsets,16211.1052,145.8476,-157.5766,-166.7683,2.01E-211,3.53E-06,0.8414,7.93E-06,0.3429,1351.1672,75
85260,Clotting factors (selective use),13.7216,0.1147,6.3836,-0.5708,0.0026,0.6637,0.2843,0.0515,0.1360,579.9095,52,85260,Clotting factors (selective use),12.0483,0.3315,2.3310,-0.7876,0.0115,0.3292,0.7295,0.0307,0.1710,553.7223,51
96127," Brief emotional/behavioral assessment, per standardized instrument, with scoring and documentation. ",156133.4369,4484.9607,35775.4166,-161.4194,9.58E-45,4.43E-06,0.2847,0.9002,0.7818,1956.6134,78,96127," Brief emotional/behavioral assessment, per standardized instrument, with scoring and documentation. ",143816.5829,6159.2533,7969.7898,-1835.7120,3.86E-53,1.86E-21,0.7477,0.0861,0.8121,1866.1144,75
11106,"Incisional skin biopsy, single lesion",183.9667,10.0174,76.7135,-13.7587,1.18E-17,5.02E-08,0.2867,3.99E-05,0.2240,859.4962,66,11106,"Incisional skin biopsy, single lesion",179.3766,12.2195,67.3139,-15.9607,5.07E-14,4.95E-08,0.3533,9.69E-06,0.2139,823.7258,63
75574,Cardiac CTA,284.5691,12.7230,103.5706,41.2031,1.87E-23,1.04E-05,0.3688,3.18E-18,0.9250,1101.7628,78,75574,Cardiac CTA,243.8253,18.2193,6.6046,35.7068,2.36E-32,2.66E-50,0.9389,2.01E-19,0.9317,1051.2840,75
96121," Neurobehavioral status exam, each additional hour. ",529.3333,11.4130,-77.1411,-15.9048,0.0010,0.2195,0.3872,0.0920,0.1190,892.4374,66,96121," Neurobehavioral status exam, each additional hour. ",495.9870,18.9584,-160.4636,-23.4502,0.0021,0.0783,0.0987,0.0313,0.1886,848.3995,63
86161,C4,250.8814,6.1798,39.8444,-2.9005,5.32E-36,3.72E-05,0.3874,0.0837,0.6745,929.9806,78,86161,C4,229.2781,8.7042,-0.7943,-5.4249,1.08E-27,9.46E-08,0.9852,0.0025,0.7305,874.8133,75
92552,Pure tone audiogram,63776.3709,641.0725,10333.4078,-846.8501,6.41E-25,0.1086,0.4062,0.0921,0.1751,1793.8753,78,92552,Pure tone audiogram,60497.7736,1127.8001,-40.0631,-1333.5778,6.90E-25,0.0005,0.9967,0.0031,0.2115,1710.1166,75
86317,N-protein,20077.7703,6.4750,1425.5978,422.6194,8.85E-174,0.9188,0.4713,5.29E-08,0.8032,1500.7056,78,86317,N-protein,19396.2941,100.1862,-872.2571,328.9082,3.74E-222,0.0025,0.4392,4.61E-09,0.8592,1407.2498,75
28470,Closed treatment of metatarsal fracture; without manipulation,26.3679,0.0568,7.9174,0.9107,7.51E-05,0.8817,0.4769,0.0776,0.3556,728.3736,68,28470,Closed treatment of metatarsal fracture; without manipulation,23.9376,0.3031,2.6336,0.6643,0.0009,0.5243,0.8262,0.2620,0.3446,700.3276,67
96139," Psychological or neuropsychological test administration and scoring by technician, each additional 30 minutes. ",2136.5967,-17.2004,207.1817,73.4927,1.01E-65,0.2180,0.4789,4.01E-06,0.7058,1029.2421,66,96139," Psychological or neuropsychological test administration and scoring by technician, each additional 30 minutes. ",2157.2727,-8.0273,-48.5589,64.3196,2.40E-99,0.3885,0.8058,9.10E-08,0.7123,973.3304,63
95907,Nerve conduction studies (depending on number of nerves tested),60.8288,-1.0712,-6.7769,0.7295,1.87E-06,0.0522,0.5076,0.2012,0.4250,715.8466,47,95907,Nerve conduction studies (depending on number of nerves tested),60.1497,-0.8900,-15.1075,0.5483,6.94E-06,0.1295,0.0865,0.3652,0.4693,683.4556,47
85250,Clotting factors (selective use),62.2027,1.7218,9.3398,2.5786,7.36E-37,9.37E-06,0.5382,5.35E-05,0.8062,805.2989,78,85250,Clotting factors (selective use),57.5027,2.3379,-0.5118,1.9625,3.79E-32,1.63E-21,0.9661,0.0005,0.8138,770.2310,75
85270,Clotting factors (selective use),40.0766,2.5099,-6.5297,-1.3023,5.70E-14,3.99E-14,0.5393,0.0047,0.6811,746.1203,78,85270,Clotting factors (selective use),37.6667,2.9034,-9.1820,-1.6958,1.42E-10,2.61E-14,0.3996,0.0007,0.6790,719.4451,75
95922,"Vasomotor adrenergic function (e.g., BP response to Valsalva or tilt)",104.4009,13.8485,-34.1049,-25.6013,0.0063,2.77E-14,0.5693,1.67E-26,0.6341,972.0718,78,95922,"Vasomotor adrenergic function (e.g., BP response to Valsalva or tilt)",85.5187,16.2687,-51.1235,-28.0215,0.0437,4.32E-15,0.3846,6.08E-27,0.6522,934.1850,75
96133," Neuropsychological testing evaluation services, each additional hour. ",2355.1400,-21.9035,85.8107,89.7128,1.57E-51,0.0424,0.6939,1.10E-11,0.7532,1029.4885,66,96133," Neuropsychological testing evaluation services, each additional hour. ",2344.4459,-14.5351,-116.5739,82.3444,5.51E-48,0.2342,0.5537,1.13E-08,0.7475,980.9486,63
29827,Arthroscopic shoulder rotator cuff repair,2.1517,0.6644,4.5078,-1.0899,0.7183,0.0340,0.6993,0.0200,0.1076,706.4438,45,29827,Arthroscopic shoulder rotator cuff repair,2.0553,0.7503,3.8458,-1.1759,0.7462,0.0366,0.7443,0.0188,0.1060,681.0720,44
95924,Combined assessment of the autonomic nervous system,785.6126,-5.3541,16.7967,10.2635,1.28E-32,0.0687,0.7965,0.0022,0.1545,1008.7196,78,95924,Combined assessment of the autonomic nervous system,775.7433,-3.7624,-40.3302,8.6719,2.58E-29,0.1972,0.4416,0.0089,0.1255,964.1494,75
94762,"Pulse oximetry (spot / overnight, sometimes used adjunctively)",4259.3363,-40.0319,110.9260,43.4560,8.40E-54,0.0132,0.7991,0.0157,0.2324,1260.0032,78,94762,"Pulse oximetry (spot / overnight, sometimes used adjunctively)",4118.0980,-27.1387,-280.5144,30.5627,2.14E-51,0.1958,0.5792,0.1758,0.2236,1207.5405,75
82542,Prostaglandin D2 (lab-dependent methodology),13965.0916,-119.6735,-286.3581,125.5309,3.56E-122,0.0029,0.8119,0.0044,0.3852,1406.1064,78,82542,Prostaglandin D2 (lab-dependent methodology),13583.1266,-80.7333,-1509.4999,86.5907,7.65E-117,0.1016,0.2417,0.0978,0.4324,1339.6604,75
92625,comprehensive tinnitus assessment,59.8318,-0.4936,2.5242,4.4776,3.01E-22,0.1930,0.9244,0.0297,0.2799,932.7041,76,92625,comprehensive tinnitus assessment,58.0267,-0.2005,-6.5283,4.1846,4.59E-22,0.5245,0.7998,0.0410,0.2659,899.6057,75
62270,lumbar puncture,404.7943,-9.9279,0.8121,8.6728,1.91E-25,4.73E-09,0.9789,3.88E-07,0.8048,878.1308,70,62270,lumbar puncture,401.7754,-9.5428,-38.2775,8.2876,5.70E-23,2.69E-06,0.2701,5.19E-05,0.8144,842.6568,67
