HCPCS_CODE,Description,B0_const,B1_time,B2_level,B3_slope,p_const,p_time,p_level,p_slope,ci_const_low,ci_const_high,ci_time_low,ci_time_high,ci_level_low,ci_level_high,ci_slope_low,ci_slope_high,Deviance,N_obs
11102,"Tangential skin biopsy, single lesion",9.0127,6.41E-05,0.2793,0.0036,0.0000,0.8255,0.0000,2.87E-27,9.0044,9.0209,-0.0005,0.0006,0.2686,0.2901,0.0030,0.0043,14656.3073,57
82150,Amylase,11.0128,-0.0066,0.1552,0.0033,0.0000,0.0000,0.0000,3.81E-229,11.0102,11.0154,-0.0068,-0.0065,0.1510,0.1594,0.0031,0.0035,25528.6182,69
82570,Creatinine (needed for normalization),12.3481,0.0015,0.0942,0.0048,0.0000,0.0000,0.0000,0.0000,12.3468,12.3494,0.0014,0.0015,0.0924,0.0961,0.0047,0.0049,163192.4675,69
82465,"Total cholesterol, serum",10.7924,-0.0009,0.1599,-0.0043,0.0000,2.23E-42,0.0000,0.0000,10.7895,10.7952,-0.0011,-0.0008,0.1556,0.1642,-0.0045,-0.0041,64460.9726,69
76700,abdominal ultrasound,10.9821,-0.0017,0.1984,5.57E-05,0.0000,6.48E-154,0.0000,0.5512,10.9795,10.9847,-0.0018,-0.0016,0.1946,0.2023,-0.0001,0.0002,41536.8108,69
80061,"Lipid Panel (Total, HDL, Triglycerides, and calculated LDL)",13.7789,0.0062,0.1495,-0.0037,0.0000,0.0000,0.0000,0.0000,13.7783,13.7795,0.0062,0.0063,0.1487,0.1504,-0.0038,-0.0037,859690.7059,69
81025,"qualitative urine pregnancy test (hCG) performed by visual color comparison, such as a dipstick or test strip",13.1031,-0.0007,0.1141,0.0030,0.0000,4.51E-219,0.0000,0.0000,13.1022,13.1040,-0.0007,-0.0006,0.1128,0.1154,0.0029,0.0030,208219.8983,69
82784,Total serum IgA,10.4843,0.0080,0.1799,-0.0015,0.0000,0.0000,0.0000,3.94E-49,10.4811,10.4874,0.0079,0.0082,0.1758,0.1841,-0.0017,-0.0013,33219.9814,69
82274,Fecal occult blood,10.8447,-0.0028,0.2164,0.0094,0.0000,0.0000,0.0000,0.0000,10.8419,10.8474,-0.0029,-0.0027,0.2122,0.2205,0.0092,0.0096,70736.8566,69
71260,CT Chest,10.5570,0.0081,0.0982,-0.0074,0.0000,0.0000,0.0000,0.0000,10.5539,10.5601,0.0079,0.0082,0.0940,0.1023,-0.0076,-0.0072,31193.0648,69
85025,CBC,14.8643,0.0026,0.1319,-0.0004,0.0000,0.0000,0.0000,7.02E-233,14.8639,14.8646,0.0025,0.0026,0.1314,0.1324,-0.0004,-0.0004,909007.5184,69
84478,Triglycerides,10.2830,-0.0003,0.2423,-0.0028,0.0000,0.0047,0.0000,7.19E-103,10.2793,10.2866,-0.0004,-7.72E-05,0.2370,0.2476,-0.0030,-0.0025,30715.8337,69
83690,Lipase,12.7565,0.0019,0.1398,0.0022,0.0000,0.0000,0.0000,0.0000,12.7554,12.7575,0.0018,0.0019,0.1383,0.1413,0.0021,0.0023,160002.3932,69
83721,"Lipoprotein, direct measurement; high-density cholesterol (HDL)",10.2484,0.0004,0.2040,-0.0046,0.0000,1.97E-06,0.0000,3.53E-270,10.2447,10.2521,0.0003,0.0006,0.1986,0.2094,-0.0049,-0.0044,19284.3850,69
83516,Deamidated gliadin peptide antibodies,10.6362,0.0062,0.2341,-0.0391,0.0000,0.0000,0.0000,0.0000,10.6332,10.6392,0.0061,0.0063,0.2298,0.2384,-0.0394,-0.0389,80343.3200,69
82785,IgE (total),10.0989,0.0006,0.2017,0.0056,0.0000,2.72E-11,0.0000,0.0000,10.0949,10.1029,0.0005,0.0008,0.1961,0.2074,0.0054,0.0059,38609.0456,69
85379,D-dimer,10.4514,0.0228,0.0890,-0.0317,0.0000,0.0000,0.0000,0.0000,10.4484,10.4545,0.0227,0.0229,0.0855,0.0925,-0.0319,-0.0315,62548.5504,69
86038,ANA,11.0375,0.0039,0.1678,-0.0027,0.0000,0.0000,0.0000,2.55E-231,11.0350,11.0399,0.0037,0.0040,0.1644,0.1713,-0.0029,-0.0025,51519.7704,69
85610,PT/INR,12.9917,0.0002,0.0398,-0.0038,0.0000,3.54E-19,0.0000,0.0000,12.9907,12.9926,0.0002,0.0002,0.0384,0.0413,-0.0039,-0.0038,108105.7950,69
86140,CRP,11.8780,0.0122,0.1215,-0.0117,0.0000,0.0000,0.0000,0.0000,11.8764,11.8795,0.0121,0.0123,0.1195,0.1235,-0.0118,-0.0116,67497.0599,69
86003,Allergen-specific IgE testing ,10.8174,-0.0037,0.2667,0.0075,0.0000,0.0000,0.0000,0.0000,10.8145,10.8202,-0.0038,-0.0035,0.2625,0.2710,0.0073,0.0077,76266.4927,69
85652,ESR,11.7525,0.0072,0.1492,-0.0060,0.0000,0.0000,0.0000,0.0000,11.7508,11.7542,0.0071,0.0072,0.1469,0.1515,-0.0061,-0.0059,73805.5676,69
88342,"Immunohistochemistry stains often used to visualize nerve fibers (e.g., PGP 9.5)",10.6294,0.0095,0.1348,-0.0077,0.0000,0.0000,0.0000,0.0000,10.6264,10.6323,0.0093,0.0096,0.1309,0.1386,-0.0079,-0.0075,53506.7021,69
92557,"Comprehensive audiometry, including air, bone, and speech",10.0741,0.0471,-0.7068,-0.0707,0.0000,0.0000,0.0000,0.0000,10.0709,10.0773,0.0470,0.0473,-0.7105,-0.7032,-0.0709,-0.0705,456375.8226,69
87045,Stool culture,9.5159,-0.0057,0.2458,0.0016,0.0000,0.0000,0.0000,1.61E-14,9.5104,9.5214,-0.0060,-0.0054,0.2372,0.2543,0.0012,0.0020,16123.1854,69
87177,Ova and parasites,9.5155,-0.0032,0.2334,0.0070,0.0000,1.88E-126,0.0000,1.55E-286,9.5101,9.5209,-0.0035,-0.0030,0.2253,0.2415,0.0066,0.0073,18035.6266,69
87338,H. pylori stool antigen,9.3038,0.0064,0.1753,-8.41E-05,0.0000,0.0000,0.0000,0.6537,9.2980,9.3096,0.0061,0.0067,0.1676,0.1831,-0.0005,0.0003,12120.5868,69
88305,"Surgical pathology, gross and microscopic examination (nerve biopsy)",12.7849,0.0029,0.1290,-0.0030,0.0000,0.0000,0.0000,0.0000,12.7838,12.7859,0.0028,0.0029,0.1275,0.1305,-0.0031,-0.0029,242548.9396,69
86665,EBV antibodies,9.2018,-0.0045,0.1973,0.0144,0.0000,3.88E-177,0.0000,0.0000,9.1954,9.2082,-0.0048,-0.0042,0.1877,0.2070,0.0139,0.0148,21385.3589,69
86769,serology for Covid,10.8843,0.0986,-0.3774,-0.1850,0.0000,0.0000,0.0000,0.0000,10.8801,10.8885,0.0982,0.0990,-0.3809,-0.3739,-0.1854,-0.1845,725855.9404,44
86255,"fluorescent noninfectious agent antibody screen (e.g., ANA, tissue antibodies) performed using immunofluorescence",9.3243,0.0102,0.3035,-0.0562,0.0000,0.0000,0.0000,0.0000,9.3187,9.3299,0.0100,0.0105,0.2957,0.3113,-0.0566,-0.0557,30484.8917,69
86235,ENA panel,9.7557,0.0091,0.1520,-0.0036,0.0000,0.0000,0.0000,4.20E-137,9.7512,9.7603,0.0088,0.0093,0.1461,0.1580,-0.0039,-0.0033,19479.0959,69
93000,ECG,12.1190,0.0013,0.1842,0.0026,0.0000,0.0000,0.0000,0.0000,12.1176,12.1205,0.0013,0.0014,0.1821,0.1863,0.0025,0.0027,208522.8719,69
93005,routine electrocardiogram (ECG/EKG) with at least 12 leads,13.1482,0.0024,0.1592,0.0002,0.0000,0.0000,0.0000,1.71E-11,13.1473,13.1490,0.0024,0.0025,0.1579,0.1604,0.0001,0.0003,149253.5739,69
93010,interpretation and report of a routine 12-lead electrocardiogram,13.6878,0.0038,0.1307,-0.0053,0.0000,0.0000,0.0000,0.0000,13.6871,13.6884,0.0037,0.0038,0.1298,0.1316,-0.0054,-0.0053,149191.1410,69
93306,Echocardiogram,12.2320,0.0041,0.1404,-0.0033,0.0000,0.0000,0.0000,0.0000,12.2307,12.2334,0.0041,0.0042,0.1385,0.1423,-0.0034,-0.0032,128288.8171,69
93303,complete transthoracic echocardiogram (TTE) for congenital cardiac anomalies,10.0818,0.0098,0.0992,-0.0089,0.0000,0.0000,0.0000,0.0000,10.0780,10.0857,0.0097,0.0100,0.0941,0.1043,-0.0092,-0.0087,14813.2858,69
95024,Intradermal testing,8.0655,-0.0051,0.3760,0.0081,0.0000,4.51E-73,0.0000,2.71E-94,8.0542,8.0768,-0.0057,-0.0046,0.3593,0.3927,0.0074,0.0089,11598.7306,69
95004,Percutaneous skin testing,10.0811,-0.0030,0.3209,0.0102,0.0000,2.21E-192,0.0000,0.0000,10.0770,10.0852,-0.0032,-0.0028,0.3150,0.3268,0.0100,0.0105,54826.6112,69
Agg_nerve_conduction,,9.2598,0.0024,0.1658,0.0003,0.0000,1.56E-60,0.0000,0.1952,9.2538,9.2659,0.0021,0.0027,0.1573,0.1744,-0.0001,0.0007,19115.2040,69
Agg_pregnancy_test,,13.1031,-0.0007,0.1141,0.0030,0.0000,4.51E-219,0.0000,0.0000,13.1022,13.1040,-0.0007,-0.0006,0.1128,0.1154,0.0029,0.0030,208219.8983,69
Agg_fluorescent_noninfectious_agent,,9.5763,0.0097,0.2663,-0.0491,0.0000,0.0000,0.0000,0.0000,9.5713,9.5813,0.0094,0.0099,0.2594,0.2732,-0.0494,-0.0487,38359.3705,69
Agg_clotting,,8.4038,0.0175,0.2065,-0.0126,0.0000,0.0000,0.0000,0.0000,8.3952,8.4125,0.0171,0.0178,0.1964,0.2166,-0.0131,-0.0121,9468.3674,69
96137, Psychological or neuropsychological test administration and scoring each additional 30 minutes. ,8.5756,0.0036,0.3313,0.0061,0.0000,8.07E-25,0.0000,2.11E-53,8.5654,8.5858,0.0029,0.0043,0.3187,0.3439,0.0053,0.0069,7319.5129,57
Agg_psychological_testing,,10.9782,-0.0041,0.2357,0.0152,0.0000,5.31E-296,0.0000,0.0000,10.9751,10.9814,-0.0043,-0.0039,0.2315,0.2399,0.0149,0.0154,90258.9016,57
95943,Quantitative autonomic function testing of parasympathetic and sympathetic functions,7.0420,-0.0279,1.3037,-0.1949,0.0000,0.0000,0.0000,0.0000,7.0212,7.0628,-0.0291,-0.0267,1.2558,1.3515,-0.2008,-0.1891,3103.6400,46
96110," Developmental screening, per standardized instrument, with scoring and documentation. ",12.4119,0.0098,0.1753,-0.0094,0.0000,0.0000,0.0000,0.0000,12.4107,12.4131,0.0097,0.0098,0.1737,0.1769,-0.0095,-0.0093,314199.9275,69
95886,Needle EMG,9.7830,0.0053,0.1573,-0.0026,0.0000,0.0000,0.0000,4.96E-67,9.7784,9.7876,0.0051,0.0055,0.1510,0.1636,-0.0029,-0.0023,26187.8392,69
96131," Psychological testing evaluation services, each additional hour. ",8.9211,-8.12E-05,0.3337,0.0087,0.0000,0.7899,0.0000,6.46E-142,8.9124,8.9298,-0.0007,0.0005,0.3226,0.3448,0.0080,0.0094,20017.6344,57
Agg_needle_EMG,,9.7887,0.0055,0.1622,-0.0031,0.0000,0.0000,0.0000,1.50E-91,9.7841,9.7932,0.0053,0.0058,0.1559,0.1684,-0.0034,-0.0028,26645.6775,69
Agg_skin_biopsy,,9.4087,-0.0041,0.2808,0.0075,0.0000,2.04E-182,0.0000,1.96E-295,9.4029,9.4145,-0.0044,-0.0038,0.2722,0.2893,0.0071,0.0079,21806.0872,69
96130," Psychological testing evaluation services, first hour. ",9.9931,-0.0139,0.3352,0.0210,0.0000,0.0000,0.0000,0.0000,9.9879,9.9984,-0.0143,-0.0136,0.3277,0.3428,0.0206,0.0214,86179.1048,57
Agg_immunohistochemistry_stains,,10.8079,0.0101,0.1377,-0.0079,0.0000,0.0000,0.0000,0.0000,10.8052,10.8105,0.0100,0.0102,0.1342,0.1412,-0.0081,-0.0077,67667.4153,69
93042,"Rhythm ECG (limited, interpretation dependent)",9.0620,0.0051,0.1749,-0.0127,0.0000,3.47E-238,3.93E-304,0.0000,9.0555,9.0686,0.0048,0.0054,0.1657,0.1841,-0.0132,-0.0123,6029.8045,69
88341,"Immunohistochemistry stains often used to visualize nerve fibers (e.g., PGP 9.5)",8.9983,0.0133,0.1500,-0.0092,0.0000,0.0000,1.15E-285,0.0000,8.9918,9.0048,0.0130,0.0136,0.1419,0.1582,-0.0096,-0.0088,14689.8048,69
86160,C3,9.5901,0.0085,0.1204,-0.0031,0.0000,0.0000,4.33E-282,3.29E-85,9.5851,9.5951,0.0083,0.0088,0.1138,0.1270,-0.0034,-0.0028,14805.1343,69
94761,"Pulse oximetry (spot / overnight, sometimes used adjunctively)",9.9269,-0.0133,0.1429,0.0149,0.0000,0.0000,1.42E-270,0.0000,9.9223,9.9315,-0.0136,-0.0131,0.1349,0.1508,0.0146,0.0153,13385.3942,69
95923,Sudomotor function (QSART),8.4526,-0.0100,0.2729,0.0080,0.0000,0.0000,2.79E-264,2.50E-106,8.4431,8.4621,-0.0105,-0.0095,0.2575,0.2883,0.0073,0.0087,4784.7118,69
95816,"EEG awake/drowsy, 20-40 minutes.",8.9728,0.0020,0.1740,0.0032,0.0000,4.57E-34,3.22E-263,1.40E-42,8.9659,8.9798,0.0017,0.0024,0.1641,0.1838,0.0028,0.0037,9479.8873,69
Agg_autonomic_testing,,8.9455,-0.0042,0.1938,0.0038,0.0000,2.36E-118,8.09E-256,1.30E-46,8.9383,8.9528,-0.0045,-0.0038,0.1827,0.2050,0.0033,0.0043,10235.8424,69
96136, Psychological or neuropsychological test administration and scoring first 30 minutes. ,8.9643,0.0052,0.1770,0.0085,0.0000,9.76E-73,3.38E-242,4.88E-151,8.9559,8.9726,0.0046,0.0058,0.1666,0.1875,0.0079,0.0091,11324.3958,57
Agg_fractures,,6.7056,-0.0099,0.5695,0.0132,0.0000,8.30E-64,3.36E-234,1.87E-62,6.6828,6.7284,-0.0110,-0.0087,0.5353,0.6036,0.0117,0.0148,9834.2007,69
95819,"EEG awake/asleep, 20-40 minutes",8.9053,-3.83E-05,0.1715,-0.0008,0.0000,0.8286,9.66E-218,0.0016,8.8980,8.9125,-0.0004,0.0003,0.1609,0.1822,-0.0013,-0.0003,8612.2428,69
93041,"Rhythm ECG (limited, interpretation dependent)",9.5184,0.0007,0.1283,-0.0131,0.0000,2.39E-07,5.03E-214,0.0000,9.5131,9.5238,0.0004,0.0009,0.1202,0.1363,-0.0135,-0.0127,4523.6892,69
25600,Closed treatment of distal radius fracture; without manipulation,6.4547,-0.0123,0.6162,0.0132,0.0000,1.17E-72,3.80E-200,7.38E-46,6.4286,6.4809,-0.0136,-0.0109,0.5762,0.6562,0.0114,0.0150,7487.5764,69
71250,CT Chest,10.1269,0.0096,0.0753,-0.0036,0.0000,0.0000,1.39E-192,4.93E-193,10.1231,10.1307,0.0094,0.0098,0.0703,0.0803,-0.0038,-0.0034,25290.4931,69
96112," Developmental test administration, first hour. ",8.8183,0.0174,0.1491,-0.0137,0.0000,0.0000,5.84E-186,0.0000,8.8096,8.8270,0.0168,0.0179,0.1391,0.1592,-0.0143,-0.0130,11254.3798,57
95813,"EEG >60 minutes, awake/drowsy/sleep/coma",7.1640,0.0004,0.3510,0.0033,0.0000,0.3798,2.98E-179,1.25E-08,7.1466,7.1813,-0.0005,0.0012,0.3269,0.3751,0.0021,0.0044,2120.0485,69
86147,Anticardiolipin antibodies (IgG/IgM),8.3718,0.0156,0.1549,-0.0099,0.0000,0.0000,1.53E-177,1.44E-303,8.3630,8.3806,0.0152,0.0160,0.1442,0.1655,-0.0104,-0.0094,5843.8868,69
86790,Viral serologies (lab dependent),6.3916,0.0205,-0.4409,-0.0154,0.0000,0.0000,1.66E-172,1.81E-87,6.3684,6.4148,0.0195,0.0215,-0.4718,-0.4101,-0.0169,-0.0139,2716.5768,69
83497,5-HIAA (sometimes used in differential),7.1212,-0.0283,-0.8455,0.0174,0.0000,0.0000,3.41E-169,1.82E-30,7.1012,7.1412,-0.0294,-0.0272,-0.9053,-0.7857,0.0145,0.0204,2048.9149,69
86148,Beta-2 glycoprotein,6.5274,0.0204,0.3547,-0.0506,0.0000,0.0000,7.34E-164,0.0000,6.5057,6.5490,0.0194,0.0213,0.3292,0.3802,-0.0520,-0.0492,2937.6018,69
81241,Factor V Leiden,7.5422,-0.0095,0.3305,0.0040,0.0000,6.26E-136,4.51E-161,5.02E-12,7.5272,7.5572,-0.0103,-0.0088,0.3066,0.3545,0.0028,0.0051,1586.0429,69
86317,N-protein,9.8953,0.0031,0.0835,0.0090,0.0000,3.43E-187,1.24E-156,0.0000,9.8910,9.8997,0.0029,0.0033,0.0774,0.0897,0.0087,0.0093,16513.4302,69
Agg_neurophysiologic/autonomic testing,,7.0442,-0.0279,0.6087,-0.0504,0.0000,0.0000,1.96E-155,3.39E-275,7.0234,7.0650,-0.0290,-0.0267,0.5638,0.6536,-0.0531,-0.0476,3217.3955,69
95910,Nerve conduction studies (depending on number of nerves tested),7.5136,-0.0021,0.2913,0.0017,0.0000,4.81E-09,3.44E-155,0.0008,7.4989,7.5283,-0.0028,-0.0014,0.2698,0.3128,0.0007,0.0027,4306.6371,69
Agg_cardiac_monitoring,,6.9676,0.0496,0.1508,-0.0210,0.0000,0.0000,1.24E-137,0.0000,6.9527,6.9825,0.0491,0.0502,0.1389,0.1626,-0.0216,-0.0203,8047.3783,69
86146,Anticardiolipin antibodies (IgG/IgM),7.8584,0.0214,0.1517,-0.0150,0.0000,0.0000,4.10E-124,0.0000,7.8473,7.8695,0.0209,0.0219,0.1391,0.1642,-0.0157,-0.0144,4726.5469,69
93308,TTE,8.2431,0.0178,0.1345,-0.0193,0.0000,0.0000,1.28E-122,0.0000,8.2338,8.2524,0.0174,0.0182,0.1233,0.1457,-0.0198,-0.0187,3635.7593,69
92588,"Distortion product otoacoustic emissions, comprehensive diagnostic evaluation",9.1005,-0.0076,0.1288,0.0157,0.0000,0.0000,8.69E-120,0.0000,9.0936,9.1073,-0.0080,-0.0073,0.1180,0.1397,0.0152,0.0162,10914.4460,69
96132," Neuropsychological testing evaluation services, first hour. ",8.1625,0.0039,0.1853,0.0130,0.0000,2.61E-19,2.36E-118,4.62E-157,8.1499,8.1750,0.0030,0.0047,0.1696,0.2010,0.0121,0.0140,4069.0974,57
85246,Clotting factors (selective use),7.2340,0.0162,0.2165,-0.0118,0.0000,0.0000,9.76E-117,5.48E-146,7.2185,7.2496,0.0156,0.0169,0.1980,0.2350,-0.0127,-0.0109,2670.6049,69
85240,Clotting factors (selective use),7.3500,0.0167,0.2019,-0.0120,0.0000,0.0000,3.24E-115,9.56E-170,7.3353,7.3646,0.0161,0.0174,0.1845,0.2192,-0.0129,-0.0112,3239.0018,69
81240,Prothrombin gene mutation,7.3696,-0.0155,0.3283,0.0118,0.0000,1.72E-265,7.10E-112,2.56E-68,7.3528,7.3863,-0.0163,-0.0146,0.2997,0.3570,0.0105,0.0132,1349.1001,69
82542,Prostaglandin D2 (lab-dependent methodology),9.5381,-0.0076,-0.1069,0.0083,0.0000,0.0000,2.96E-109,9.10E-291,9.5326,9.5436,-0.0079,-0.0073,-0.1163,-0.0975,0.0078,0.0087,16963.9336,69
86256,fluorescent noninfectious agent antibody titer,8.0752,0.0076,0.1682,-0.0294,0.0000,3.28E-205,4.79E-108,0.0000,8.0646,8.0858,0.0071,0.0081,0.1533,0.1831,-0.0301,-0.0286,8366.7203,69
85245,Clotting factors (selective use),6.9453,0.0186,0.2305,-0.0140,0.0000,0.0000,7.28E-108,1.01E-162,6.9275,6.9631,0.0178,0.0193,0.2100,0.2510,-0.0150,-0.0130,2440.8210,69
93224,Holter monitor (24-48 hr ECG),8.1111,-0.0011,0.1784,0.0053,0.0000,1.62E-05,3.05E-106,1.49E-43,8.1002,8.1219,-0.0017,-0.0006,0.1624,0.1943,0.0045,0.0060,5280.6656,69
95812,"EEG 41-60 minutes, awake/drowsy/sleep/coma",7.4436,0.0097,0.2044,-0.0042,0.0000,5.60E-183,1.28E-103,2.68E-20,7.4292,7.4581,0.0090,0.0103,0.1859,0.2229,-0.0051,-0.0033,3651.9058,69
93227,Holter monitor (24-48 hr ECG),7.7066,0.0052,0.1944,-0.0136,0.0000,3.95E-64,4.66E-99,1.06E-199,7.6937,7.7196,0.0046,0.0058,0.1764,0.2124,-0.0144,-0.0127,3760.5117,69
88344,immunocytochemistry,5.8743,0.0038,0.4512,-0.0037,0.0000,9.26E-07,1.24E-94,0.0004,5.8418,5.9068,0.0023,0.0053,0.4083,0.4940,-0.0057,-0.0017,853.4500,69
95720, Long-term EEG review and analysis (professional services),8.9509,0.0044,0.1382,0.0021,0.0000,1.66E-07,2.56E-94,0.0125,8.9369,8.9650,0.0028,0.0061,0.1250,0.1513,0.0005,0.0038,5178.9286,45
96113," Developmental test administration, each additional 30 minutes. ",7.0832,0.0148,0.2492,-0.0057,0.0000,1.48E-100,2.54E-92,2.25E-13,7.0624,7.1040,0.0134,0.0161,0.2252,0.2732,-0.0072,-0.0042,4419.2718,57
95911,Nerve conduction studies (depending on number of nerves tested),8.1050,0.0077,0.1463,-0.0079,0.0000,4.92E-217,5.20E-92,1.85E-115,8.0945,8.1154,0.0072,0.0082,0.1322,0.1604,-0.0086,-0.0072,6233.4225,69
27447,Total knee replacement (arthroplasty),3.9478,0.0095,0.9473,0.0131,0.0000,7.62E-07,4.45E-91,2.12E-09,3.8648,4.0308,0.0057,0.0133,0.8555,1.0390,0.0088,0.0174,1482.0984,69
92552,Pure tone audiogram,11.0781,0.0103,0.0305,-0.0115,0.0000,0.0000,2.25E-80,0.0000,11.0758,11.0804,0.0102,0.0104,0.0273,0.0336,-0.0116,-0.0113,290632.1602,69
96127," Brief emotional/behavioral assessment, per standardized instrument, with scoring and documentation. ",12.0114,0.0211,0.0156,-0.0109,0.0000,0.0000,9.76E-80,0.0000,12.0100,12.0127,0.0211,0.0212,0.0140,0.0172,-0.0110,-0.0109,573851.0134,69
95921,Cardiovagal (heart rate variability with deep breathing),7.6631,-0.0002,0.1832,0.0057,0.0000,0.5194,5.19E-75,5.58E-34,7.6495,7.6766,-0.0009,0.0004,0.1636,0.2028,0.0048,0.0066,6412.0552,69
25605,Closed treatment of a distal radial fracture with manipulation ,4.1605,-0.0039,0.9752,-0.0053,0.0000,0.0459,2.44E-73,0.0368,4.0811,4.2398,-0.0078,-7.11E-05,0.8697,1.0807,-0.0102,-0.0003,2521.5219,66
83993,Fecal calprotectin,7.5042,0.0325,0.1141,-0.0161,0.0000,0.0000,2.51E-73,0.0000,7.4917,7.5167,0.0319,0.0330,0.1018,0.1265,-0.0167,-0.0155,4940.5616,69
85390,Coagulation interpretation/report,6.5889,0.0370,0.1679,-0.0372,0.0000,0.0000,7.97E-71,0.0000,6.5695,6.6082,0.0362,0.0378,0.1494,0.1863,-0.0382,-0.0362,2462.6723,69
86359,CD4/CD8 subsets,9.0860,0.0072,0.0779,-0.0096,0.0000,0.0000,5.11E-66,0.0000,9.0796,9.0925,0.0069,0.0074,0.0690,0.0868,-0.0100,-0.0092,6746.1094,69
93225,Holter monitor (24-48 hr ECG),7.7948,0.0075,0.1450,-0.0210,0.0000,1.37E-150,9.01E-63,0.0000,7.7826,7.8070,0.0069,0.0081,0.1280,0.1621,-0.0218,-0.0201,4594.5319,69
11103,"Tangential skin biopsy, each additional lesion",6.7325,0.0010,0.2793,0.0027,0.0000,0.2650,1.07E-60,0.0101,6.7067,6.7583,-0.0008,0.0028,0.2460,0.3126,0.0006,0.0047,2420.7213,57
95887,"EMG non-extremity, with NCS",4.7071,0.0283,0.4375,-0.0400,0.0000,1.56E-145,3.57E-59,1.27E-177,4.6553,4.7589,0.0261,0.0304,0.3846,0.4904,-0.0428,-0.0372,1246.0253,69
11107,"Incisional skin biopsy, each additional lesion",4.0103,-0.0235,1.1783,0.0249,0.0000,1.43E-08,2.74E-54,3.17E-08,3.9026,4.1180,-0.0317,-0.0154,1.0295,1.3272,0.0161,0.0337,1778.7392,55
11105,"Punch skin biopsy, each additional lesion",5.8603,-0.0183,-0.6184,0.0181,0.0000,8.55E-31,1.65E-51,1.01E-15,5.8182,5.9024,-0.0215,-0.0152,-0.6986,-0.5381,0.0137,0.0225,1091.1930,57
95912,Nerve conduction studies (depending on number of nerves tested),7.6995,-0.0064,0.1633,0.0146,0.0000,6.52E-78,3.14E-51,1.27E-189,7.6858,7.7131,-0.0071,-0.0058,0.1421,0.1846,0.0137,0.0156,3356.4707,69
85730,aPTT,12.1456,0.0065,0.0151,-0.0095,0.0000,0.0000,9.96E-51,0.0000,12.1442,12.1470,0.0065,0.0066,0.0131,0.0171,-0.0096,-0.0094,72266.3446,69
88314,"Immunohistochemistry stains often used to visualize nerve fibers (e.g., PGP 9.5)",6.2058,-0.0168,-0.4966,0.0052,0.0000,1.58E-96,3.38E-46,0.0025,6.1757,6.2360,-0.0184,-0.0152,-0.5648,-0.4284,0.0018,0.0086,1066.3893,69
96146, Psychological or neuropsychological test administration with single automated standardized instrument via electronic platform,7.4907,-0.0557,0.3182,0.0352,0.0000,0.0000,4.96E-46,5.90E-176,7.4702,7.5112,-0.0575,-0.0539,0.2744,0.3619,0.0327,0.0376,2443.1104,57
96116," Neurobehavioral status exam, first hour. ",7.4193,0.0106,0.1232,-0.0048,0.0000,9.06E-217,1.01E-37,6.40E-26,7.4048,7.4339,0.0099,0.0112,0.1044,0.1421,-0.0058,-0.0039,6094.3678,69
75574,Cardiac CTA,5.7526,0.0284,0.1968,0.0007,0.0000,0.0000,9.46E-37,0.3642,5.7219,5.7833,0.0271,0.0297,0.1663,0.2272,-0.0008,0.0022,2178.9196,69
85300,Antithrombin III,6.3851,0.0159,0.1796,-0.0187,0.0000,3.32E-194,8.02E-34,6.74E-143,6.3613,6.4089,0.0149,0.0170,0.1506,0.2087,-0.0201,-0.0172,883.0371,69
95909,Nerve conduction studies (depending on number of nerves tested),6.8084,0.0051,0.1716,-0.0031,0.0000,3.21E-26,1.30E-33,5.73E-06,6.7881,6.8287,0.0041,0.0060,0.1438,0.1994,-0.0044,-0.0017,3784.0043,69
95715,"EEG with video monitoring, based on duration and technologist review.",6.7446,0.0398,0.1903,-0.0302,0.0000,1.10E-66,1.10E-30,3.30E-38,6.7042,6.7850,0.0353,0.0443,0.1579,0.2227,-0.0348,-0.0256,1262.9076,45
96125," Standardized cognitive performance testing, per hour. ",6.1372,-0.0359,0.3931,0.0579,0.0000,6.62E-278,1.86E-29,0.0000,6.1034,6.1709,-0.0379,-0.0340,0.3247,0.4614,0.0550,0.0608,3222.8240,69
86162,CH50,7.1722,0.0067,0.1313,-0.0082,0.0000,5.29E-65,4.20E-29,2.39E-47,7.1554,7.1889,0.0059,0.0075,0.1083,0.1543,-0.0093,-0.0071,1954.2309,69
85597,Platelet aggregation studies,5.8566,0.0123,0.2235,-0.0106,0.0000,1.43E-65,9.32E-29,1.23E-27,5.8251,5.8882,0.0109,0.0137,0.1841,0.2628,-0.0125,-0.0087,902.2443,69
85247,Clotting factors (selective use),5.6776,0.0205,0.2131,-0.0169,0.0000,1.86E-174,1.07E-28,1.49E-70,5.6444,5.7107,0.0191,0.0220,0.1755,0.2507,-0.0187,-0.0150,1068.2783,69
95992,Neuropsychological testing (sometimes used depending on setup),4.0037,0.0033,0.5844,0.0125,0.0000,0.1002,6.56E-28,3.94E-07,3.9206,4.0868,-0.0006,0.0072,0.4798,0.6890,0.0077,0.0173,2162.9401,65
95718, Long-term EEG review and analysis (professional services),6.7533,0.0074,0.2100,-0.0010,0.0000,0.0033,9.44E-27,0.7096,6.7112,6.7953,0.0025,0.0123,0.1716,0.2485,-0.0060,0.0041,749.9726,45
92553,Tympanometry and acoustic reflex threshold measurements,7.5267,0.0062,0.1024,-0.0015,0.0000,9.97E-77,2.41E-25,0.0017,7.5126,7.5408,0.0055,0.0068,0.0831,0.1217,-0.0024,-0.0005,5950.3083,69
95700,"EEG setup, takedown, and patient education",7.5442,0.0095,0.1312,0.0044,0.0000,1.30E-08,1.01E-23,0.0094,7.5160,7.5724,0.0062,0.0128,0.1056,0.1568,0.0011,0.0078,2636.9960,45
95885,Needle EMG,7.3000,-0.0013,0.1229,0.0069,0.0000,0.0008,3.34E-23,9.28E-33,7.2837,7.3163,-0.0021,-0.0006,0.0986,0.1471,0.0058,0.0080,3605.3312,69
93226,Holter monitor (24-48 hr ECG),8.3686,0.0066,0.0660,-0.0182,0.0000,8.38E-206,7.92E-23,0.0000,8.3594,8.3778,0.0062,0.0071,0.0528,0.0791,-0.0189,-0.0176,4442.6404,69
85384,Fibrinogen,8.4873,0.0283,-0.0417,-0.0328,0.0000,0.0000,8.45E-21,0.0000,8.4795,8.4951,0.0279,0.0286,-0.0505,-0.0330,-0.0333,-0.0324,6709.8848,69
75561,cardiovascular magnetic resonance imaging,4.6144,0.0208,0.2900,-0.0051,0.0000,1.70E-63,1.84E-20,0.0009,4.5581,4.6707,0.0184,0.0232,0.2287,0.3513,-0.0081,-0.0021,1287.0784,69
95913,Nerve conduction studies (depending on number of nerves tested),7.4839,0.0062,0.0931,-0.0002,0.0000,8.35E-75,1.91E-20,0.7106,7.4696,7.4983,0.0055,0.0069,0.0734,0.1128,-0.0011,0.0008,3470.3169,69
85303,Protein C / S,6.5000,0.0146,0.1333,-0.0170,0.0000,5.56E-178,2.77E-20,1.05E-125,6.4774,6.5227,0.0136,0.0156,0.1050,0.1616,-0.0184,-0.0156,901.1164,69
93660,Tilt table test (with continuous monitoring),4.4604,-0.0273,-0.9228,0.0592,0.0000,2.46E-37,3.40E-20,1.03E-42,4.3850,4.5358,-0.0315,-0.0231,-1.1192,-0.7263,0.0508,0.0677,1766.6811,53
95708,95705–95710: EEG alone (no video) with varying monitoring levels,5.6963,0.0354,0.2602,-0.0424,0.0000,2.49E-19,1.99E-19,3.87E-26,5.6276,5.7650,0.0277,0.0432,0.2036,0.3168,-0.0503,-0.0346,1384.1373,45
95719, Long-term EEG review and analysis (professional services),3.7369,0.0691,-0.6170,-0.0480,0.0000,5.31E-13,1.46E-18,9.06E-07,3.5631,3.9107,0.0504,0.0879,-0.7546,-0.4795,-0.0672,-0.0289,562.1043,45
23500,Closed treatment of clavicular fracture; without manipulation,2.7017,-0.0320,1.3494,0.0641,5.16E-180,3.13E-09,2.07E-18,1.37E-24,2.5166,2.8867,-0.0426,-0.0214,1.0473,1.6516,0.0518,0.0764,888.5902,47
95860,Needle EMG; one extremity,3.0357,-0.0080,0.8374,-0.0234,0.0000,0.0404,6.94E-15,1.74E-05,2.8906,3.1808,-0.0156,-0.0003,0.6266,1.0482,-0.0341,-0.0127,1137.0632,51
93304,TTE,8.4944,0.0088,0.0462,-0.0092,0.0000,0.0000,8.82E-15,4.40E-225,8.4858,8.5030,0.0084,0.0092,0.0345,0.0579,-0.0098,-0.0087,4542.1499,69
85306,Protein C / S,6.6504,0.0153,0.0977,-0.0167,0.0000,1.51E-229,2.35E-13,2.58E-142,6.6295,6.6713,0.0143,0.0162,0.0715,0.1238,-0.0180,-0.0154,945.5850,69
86357,NK cells,7.8373,0.0099,0.0579,-0.0075,0.0000,3.51E-288,6.12E-13,6.20E-84,7.8255,7.8492,0.0094,0.0105,0.0421,0.0737,-0.0083,-0.0068,2632.9188,69
95870,Needle EMG; limited study ,4.6898,0.0171,0.2371,-0.0117,0.0000,1.57E-43,6.49E-13,3.66E-13,4.6345,4.7450,0.0147,0.0195,0.1724,0.3017,-0.0149,-0.0086,1796.9317,69
83520,Tryptase,9.6913,0.0266,0.0177,-0.0323,0.0000,0.0000,8.75E-13,0.0000,9.6870,9.6956,0.0264,0.0268,0.0129,0.0226,-0.0325,-0.0320,17736.9388,69
95712,"EEG with video monitoring, based on duration and technologist review.",3.8472,-0.0836,0.8271,0.1292,2.72E-227,5.70E-07,2.28E-11,1.60E-14,3.6130,4.0815,-0.1164,-0.0508,0.5847,1.0695,0.0962,0.1622,263.2300,44
96138," Psychological or neuropsychological test administration and scoring by technician, first 30 minutes. ",8.7946,0.0036,-0.0413,0.0081,0.0000,2.22E-29,2.45E-11,1.10E-107,8.7855,8.8037,0.0029,0.0042,-0.0534,-0.0291,0.0074,0.0089,5466.5536,57
93307,TTE,6.9058,-0.0087,-0.1234,-0.0093,0.0000,1.71E-61,1.53E-10,5.69E-22,6.8853,6.9263,-0.0097,-0.0076,-0.1611,-0.0856,-0.0112,-0.0074,2117.0138,69
96133," Neuropsychological testing evaluation services, each additional hour. ",7.7743,-0.0075,0.0686,0.0318,0.0000,1.13E-39,6.29E-10,0.0000,7.7586,7.7900,-0.0086,-0.0064,0.0469,0.0903,0.0305,0.0330,4488.0374,57
92625,comprehensive tinnitus assessment,4.0477,-0.0023,-0.3778,0.0705,0.0000,0.2651,8.78E-10,2.74E-159,3.9643,4.1310,-0.0063,0.0017,-0.4986,-0.2570,0.0654,0.0756,1702.4373,69
95908,Nerve conduction studies (depending on number of nerves tested),6.1169,-0.0092,0.1550,0.0123,0.0000,3.81E-32,1.01E-09,8.47E-26,6.0863,6.1474,-0.0107,-0.0077,0.1053,0.2048,0.0100,0.0146,1470.7092,69
93460,Coronary angiography with both right and left heart catheterization,3.0156,-0.0350,0.9293,0.0349,1.73E-293,9.67E-13,1.02E-09,2.00E-07,2.8542,3.1770,-0.0446,-0.0254,0.6310,1.2276,0.0217,0.0480,1292.1577,37
27786,Closed treatment of distal fibular fracture; without manipulation,4.2716,-0.0278,0.4617,0.0475,0.0000,6.29E-32,2.29E-09,8.04E-47,4.1886,4.3546,-0.0324,-0.0232,0.3103,0.6131,0.0410,0.0540,1593.1233,61
96111," Deleted; old code for developmental testing, per hour / extended developmental testing",9.7286,-0.1743,-0.4307,0.2109,0.0000,0.0000,3.68E-09,0.0000,9.7203,9.7370,-0.1755,-0.1732,-0.5738,-0.2876,0.2047,0.2170,38632.7883,60
75565,Cardiac MRI,4.8156,0.0056,0.2132,0.0080,0.0000,1.82E-05,7.84E-09,3.38E-06,4.7608,4.8704,0.0030,0.0081,0.1408,0.2855,0.0046,0.0114,1223.0263,69
95044,Patch testing,5.4374,-0.0324,-0.2900,0.0816,0.0000,7.61E-122,2.04E-08,0.0000,5.3902,5.4846,-0.0352,-0.0297,-0.3913,-0.1886,0.0775,0.0858,1901.5054,68
95714,"EEG with video monitoring, based on duration and technologist review.",5.5702,-0.0697,0.2998,0.0580,0.0000,8.11E-36,3.09E-08,1.92E-23,5.4876,5.6529,-0.0807,-0.0588,0.1937,0.4059,0.0466,0.0694,669.0654,45
62270,lumbar puncture,6.1125,-0.0421,-0.3174,-0.0043,0.0000,0.0000,6.03E-08,0.2043,6.0775,6.1474,-0.0442,-0.0400,-0.4323,-0.2026,-0.0109,0.0023,1766.5650,64
95709,95705–95710: EEG alone (no video) with varying monitoring levels,5.2132,-0.0721,0.3329,0.0819,0.0000,7.53E-27,1.44E-07,1.77E-32,5.1142,5.3122,-0.0852,-0.0589,0.2088,0.4569,0.0684,0.0955,460.0688,45
86355,T cells (CD3),8.0158,0.0098,0.0366,-0.0053,0.0000,0.0000,6.92E-07,1.34E-50,8.0050,8.0267,0.0094,0.0103,0.0221,0.0510,-0.0060,-0.0046,3524.9264,69
88399,Unlisted surgical pathology procedure,2.6994,-0.0023,0.6606,-0.1080,2.10E-218,0.5923,2.27E-06,1.89E-26,2.5317,2.8671,-0.0109,0.0062,0.3867,0.9344,-0.1279,-0.0882,614.8346,38
96121," Neurobehavioral status exam, each additional hour. ",6.3266,0.0165,-0.0906,-0.0313,0.0000,2.53E-61,3.77E-06,2.47E-142,6.2964,6.3569,0.0146,0.0185,-0.1290,-0.0522,-0.0337,-0.0289,3251.5172,57
11104,"Punch skin biopsy, single lesion",7.1912,-0.0069,0.0645,0.0080,0.0000,6.89E-20,2.96E-05,1.90E-18,7.1702,7.2122,-0.0084,-0.0054,0.0342,0.0948,0.0062,0.0097,2331.5015,57
85260,Clotting factors (selective use),2.6806,0.0062,0.4770,-0.0447,1.17E-214,0.1632,3.50E-05,2.46E-12,2.5126,2.8486,-0.0025,0.0149,0.2511,0.7029,-0.0572,-0.0322,653.2829,49
95907,Nerve conduction studies (depending on number of nerves tested),4.1637,-0.0237,-0.3924,-0.0072,0.0000,4.05E-23,0.0004,0.2221,4.0775,4.2499,-0.0284,-0.0190,-0.6103,-0.1746,-0.0188,0.0044,1308.9972,47
96139," Psychological or neuropsychological test administration and scoring by technician, each additional 30 minutes. ",7.6722,-0.0029,0.0383,0.0243,0.0000,4.97E-07,0.0007,3.86E-296,7.6559,7.6885,-0.0041,-0.0018,0.0162,0.0603,0.0230,0.0256,4307.0623,57
95867,"Needle EMG; cranial nerve supplied muscles, unilateral",0.9346,0.0642,-0.4154,-0.0659,4.41E-10,4.06E-28,0.0008,2.72E-19,0.6410,1.2283,0.0528,0.0757,-0.6586,-0.1722,-0.0803,-0.0515,585.5723,45
93281,"an in-person, moderate-complexity evaluation and reprogramming of a multiple-lead pacemaker system",2.8545,-0.0151,0.4866,-0.0269,4.78E-202,0.0230,0.0008,0.0024,2.6700,3.0390,-0.0281,-0.0021,0.2010,0.7723,-0.0442,-0.0096,561.5537,37
95924,Combined assessment of the autonomic nervous system,6.6482,-0.0044,-0.0595,0.0119,0.0000,9.70E-15,0.0015,4.73E-42,6.6252,6.6711,-0.0055,-0.0033,-0.0964,-0.0227,0.0101,0.0136,1803.2126,69
85576,Platelet function assay (PFA-100/200),6.4710,0.0134,0.0461,-0.0062,0.0000,2.39E-143,0.0020,5.21E-18,6.4479,6.4941,0.0124,0.0144,0.0168,0.0754,-0.0076,-0.0048,2219.1519,69
28470,Closed treatment of metatarsal fracture; without manipulation,3.2924,0.0024,0.2483,0.0221,0.0000,0.3918,0.0021,1.88E-09,3.1733,3.4114,-0.0032,0.0081,0.0900,0.4066,0.0149,0.0293,1036.3960,61
85305,Protein C / S,5.6803,0.0189,0.0632,-0.0242,0.0000,1.36E-143,0.0023,7.84E-120,5.6469,5.7137,0.0174,0.0203,0.0226,0.1038,-0.0263,-0.0222,603.7842,69
85250,Clotting factors (selective use),4.1783,0.0205,0.1134,-0.0032,0.0000,3.13E-40,0.0050,0.1056,4.1082,4.2485,0.0175,0.0235,0.0343,0.1925,-0.0070,0.0007,489.1991,69
95716,"EEG with video monitoring, based on duration and technologist review.",6.1426,0.0018,-0.0771,0.0197,0.0000,0.5926,0.0059,2.24E-08,6.0851,6.2001,-0.0049,0.0086,-0.1319,-0.0223,0.0128,0.0266,1093.8889,45
95713,"EEG with video monitoring, based on duration and technologist review.",5.4056,0.0351,0.0925,-0.0354,0.0000,1.31E-14,0.0064,2.40E-14,5.3261,5.4851,0.0262,0.0441,0.0260,0.1589,-0.0446,-0.0263,377.5400,45
95724, Long-term EEG review and analysis (professional services),3.3635,0.1133,0.1347,-0.1037,1.05E-253,1.47E-28,0.0256,7.75E-24,3.1698,3.5573,0.0932,0.1333,0.0165,0.2530,-0.1239,-0.0835,285.6212,44
94762,"Pulse oximetry (spot / overnight, sometimes used adjunctively)",8.3719,-0.0107,0.0180,0.0139,0.0000,0.0000,0.0386,4.59E-259,8.3619,8.3818,-0.0112,-0.0102,0.0009,0.0351,0.0131,0.0147,9100.0441,69
11106,"Incisional skin biopsy, single lesion",5.3503,0.0279,0.0518,-0.0262,0.0000,5.03E-75,0.0500,5.49E-52,5.3026,5.3979,0.0249,0.0308,-7.36E-06,0.1036,-0.0296,-0.0228,2275.0403,57
95922,"Vasomotor adrenergic function (e.g., BP response to Valsalva or tilt)",5.1120,0.0372,0.0374,-0.0862,0.0000,0.0000,0.0947,0.0000,5.0716,5.1524,0.0355,0.0388,-0.0065,0.0813,-0.0888,-0.0836,2675.4562,69
71270,Diagnostic CT of Thorax,5.8597,-0.0027,0.0447,0.0033,0.0000,0.0013,0.0958,0.0094,5.8260,5.8934,-0.0043,-0.0010,-0.0079,0.0972,0.0008,0.0058,857.3492,69
86161,C4,5.5649,0.0190,-0.0361,-0.0117,0.0000,4.23E-130,0.0982,9.36E-28,5.5295,5.6002,0.0175,0.0205,-0.0789,0.0067,-0.0138,-0.0096,908.9503,69
29826,Arthroscopic shoulder surgical procedure for subacromial decompression,2.5573,0.0488,-0.0944,-0.0884,1.47E-297,1.75E-74,0.1586,2.17E-109,2.4214,2.6933,0.0435,0.0540,-0.2257,0.0368,-0.0962,-0.0806,2016.9959,54
85270,Clotting factors (selective use),3.8839,0.0289,-0.0487,-0.0256,0.0000,2.02E-68,0.2619,4.10E-31,3.8060,3.9618,0.0257,0.0321,-0.1339,0.0364,-0.0299,-0.0213,375.0840,69
86360,CD4/CD8 subsets,9.7213,0.0060,0.0032,-0.0073,0.0000,0.0000,0.3557,0.0000,9.7166,9.7260,0.0058,0.0062,-0.0035,0.0099,-0.0076,-0.0070,11623.5805,69
95861,Needle EMG; two extremities,5.4653,0.0089,-0.0239,0.0037,0.0000,1.34E-22,0.3720,0.0036,5.4263,5.5043,0.0071,0.0106,-0.0762,0.0285,0.0012,0.0061,2066.2667,69
91065,Lactulose/glucose breath test,6.2194,-0.0113,-0.0206,0.0290,0.0000,5.32E-50,0.4128,3.56E-146,6.1901,6.2486,-0.0127,-0.0098,-0.0699,0.0287,0.0268,0.0312,1498.8690,69
29827,Arthroscopic shoulder rotator cuff repair,1.6347,0.0512,0.0488,-0.0878,2.78E-51,4.46E-35,0.6172,6.68E-52,1.4220,1.8474,0.0431,0.0593,-0.1425,0.2401,-0.0992,-0.0765,1629.8174,38
Agg_neurobehavioral,,7.4450,0.0195,0.0038,-0.0172,0.0000,0.0000,0.6538,0.0000,7.4312,7.4588,0.0189,0.0201,-0.0128,0.0204,-0.0180,-0.0163,8154.4866,69
88356,Morphometric analysis for nerve density (specifically for intra-epidermal nerve fiber density),7.0525,-0.0408,-0.0087,0.0330,0.0000,0.0000,0.7612,1.85E-131,7.0308,7.0743,-0.0421,-0.0394,-0.0649,0.0475,0.0303,0.0356,1036.7042,69
85244,Clotting factors (selective use),4.2588,0.0120,0.0070,0.0057,0.0000,1.07E-13,0.8782,0.0077,4.1886,4.3291,0.0088,0.0151,-0.0823,0.0963,0.0015,0.0099,373.1037,69
93040,"Rhythm ECG (limited, interpretation dependent)",8.1293,-0.0024,-0.0009,0.0062,0.0000,1.62E-19,0.9157,9.80E-54,8.1185,8.1402,-0.0029,-0.0019,-0.0178,0.0160,0.0054,0.0070,3877.2784,69
