HCPCS_CODE,Category,Description,B0_const,B1_time,B2_level,B3_slope,p_const,p_time,p_level,p_slope,ci_const_low,ci_const_high,ci_time_low,ci_time_high,ci_level_low,ci_level_high,ci_slope_low,ci_slope_high,R_squared,N_obs
85390,Hematology,Coagulation interpretation/report,644.0450,43.5308,1272.0892,-48.8628,0.0000,0.0000,0.0000,0.0000,411.4599,876.6302,25.5478,61.5137,831.4525,1712.7258,-68.0045,-29.7211,0.9139,78.0000
81241,Genetics,Factor V Leiden mutation,1910.3153,-20.1275,607.3914,11.4208,0.0000,0.0000,0.0000,0.0093,1801.3942,2019.2364,-26.8655,-13.3896,393.4172,821.3656,2.8132,20.0284,0.3799,78.0000
81240,Genetics,Prothrombin gene mutation,1581.4895,-22.0740,428.7394,16.9092,0.0000,0.0000,0.0000,0.0000,1493.5997,1669.3792,-27.5631,-16.5849,255.7170,601.7618,9.8910,23.9274,0.5032,78.0000
86140,Inflammatory,CRP,144714.3018,1729.2256,47514.5242,-1568.0455,0.0000,0.0000,0.0000,0.0001,136615.9833,152812.6203,1084.8150,2373.6362,28023.1844,67005.8640,-2337.4109,-798.6800,0.8473,78.0000
85300,Hematology,Antithrombin III,598.5796,9.4018,340.6187,-12.5468,0.0000,0.0001,0.0000,0.0000,549.0533,648.1058,4.6815,14.1221,199.0553,482.1821,-18.0243,-7.0694,0.7578,78.0000
86148,Hematology,Beta-2 glycoprotein,656.7538,18.0506,580.3714,-49.3547,0.0000,0.0000,0.0000,0.0000,593.9645,719.5430,13.2146,22.8865,331.6676,829.0753,-57.1621,-41.5473,0.6531,78.0000
11105,Dermatology,Punch biopsy (each additional lesion),24.9309,9.6103,-231.8035,-10.1346,0.5106,0.0000,0.0000,0.0000,-49.3457,99.2075,5.5057,13.7149,-339.3525,-124.2545,-14.4005,-5.8688,0.4523,78.0000
85303,Hematology,Protein C,675.2402,9.0085,316.0815,-12.5201,0.0000,0.0003,0.0000,0.0000,622.4871,727.9934,4.1568,13.8602,166.5345,465.6285,-18.3051,-6.7352,0.7128,78.0000
85652,Inflammatory,ESR,129423.0646,590.2185,38853.5911,-302.2382,0.0000,0.0518,0.0001,0.4083,122894.6359,135951.4932,-4.6025,1185.0396,20066.3887,57640.7935,-1018.6957,414.2193,0.7335,78.0000
86146,Hematology,Anticardiolipin antibodies (variant),2520.9429,68.4874,1454.9102,-15.0226,0.0000,0.0000,0.0001,0.3064,2263.1890,2778.6969,47.4820,89.4928,749.3402,2160.4802,-43.8075,13.7623,0.8869,78.0000
85306,Hematology,Protein S,785.8784,10.9403,347.7576,-14.2691,0.0000,0.0001,0.0001,0.0000,732.1822,839.5746,5.3484,16.5322,176.7247,518.7905,-20.7522,-7.7860,0.7216,78.0000
93350,Cardiovascular,Stress echocardiography,952.4565,-16.9610,361.4528,14.7378,0.0000,0.0000,0.0001,0.0000,866.8898,1038.0231,-22.6080,-11.3140,183.3352,539.5704,7.8762,21.5995,0.3809,78.0000
85597,Hematology,Platelet aggregation studies,363.5616,2.9933,198.9084,-0.5436,0.0000,0.0242,0.0001,0.7741,331.9158,395.2073,0.3912,5.5955,99.5081,298.3088,-4.2553,3.1681,0.7346,78.0000
85379,Hematology,D-dimer,33838.5120,999.4676,20552.3786,-1695.6112,0.0000,0.0000,0.0001,0.0000,28574.7285,39102.2956,609.2389,1389.6962,10038.1209,31066.6364,-2155.6895,-1235.5330,0.7690,78.0000
85245,Hematology,Clotting factor assay,1042.4520,19.4488,748.1498,-2.9094,0.0000,0.0008,0.0001,0.6969,920.7644,1164.1395,8.0283,30.8693,364.4914,1131.8081,-17.5472,11.7283,0.8329,78.0000
86147,Hematology,Anticardiolipin antibodies,4343.0931,68.2677,1926.7094,-4.5171,0.0000,0.0000,0.0001,0.8224,3989.5369,4696.6493,38.3258,98.2096,938.4984,2914.9204,-43.9655,34.9313,0.8582,78.0000
95923,Neurology,Sudomotor function (QSART),4782.6006,-58.2073,1483.2415,48.1203,0.0000,0.0000,0.0001,0.0022,4333.8636,5231.3376,-85.9742,-30.4405,717.5663,2248.9167,17.3860,78.8546,0.3199,78.0000
85246,Hematology,Clotting factor assay,1399.9745,21.3094,826.4452,-0.6853,0.0000,0.0013,0.0002,0.9366,1260.2826,1539.6664,8.2833,34.3355,384.9696,1267.9208,-17.5752,16.2046,0.8299,78.0000
85025,Hematology,CBC,2891786.5526,1283.1272,601686.5394,5337.6206,0.0000,0.8028,0.0003,0.4040,2774216.4631,3009356.6420,-8787.9753,11354.2296,274065.7607,929307.3181,-7198.1271,17873.3683,0.6536,78.0000
95910,Neurology,Nerve conduction study,1895.3198,-12.7945,773.1288,12.3338,0.0000,0.0636,0.0004,0.1421,1711.7663,2078.8733,-26.3126,0.7236,344.2397,1202.0179,-4.1313,28.7989,0.3374,78.0000
93042,Cardiovascular,"Rhythm ECG (limited, interpretation dependent)",8727.2102,26.2039,2395.8196,-88.6888,0.0000,0.1609,0.0005,0.0004,8226.4763,9227.9442,-10.4257,62.8334,1045.5330,3746.1062,-137.6700,-39.7077,0.4188,78.0000
85247,Hematology,Clotting factor assay,291.0015,6.4079,222.0501,-2.2381,0.0000,0.0005,0.0006,0.3501,250.6452,331.3578,2.7890,10.0267,96.0747,348.0255,-6.9328,2.4566,0.7847,78.0000
93227,Cardiovascular,Holter monitor report,2297.7838,1.3266,934.8453,-26.6994,0.0000,0.8830,0.0007,0.0088,2057.6265,2537.9411,-16.3385,18.9917,394.3302,1475.3604,-46.6750,-6.7237,0.3183,78.0000
85240,Hematology,Clotting factor assay,1574.5105,24.2931,928.7519,-0.1644,0.0000,0.0042,0.0007,0.9873,1397.6785,1751.3425,7.6758,40.9103,391.5328,1465.9710,-20.4592,20.1305,0.8196,78.0000
67028,Ophthalmology,Intravitreal injection,35874.6276,253.5768,8671.0845,145.5463,0.0000,0.0010,0.0007,0.1567,34000.2568,37748.9984,103.1498,404.0039,3637.1039,13705.0650,-55.8967,346.9892,0.8351,78.0000
86038,Immunology,ANA,63735.2643,12.9770,18531.2679,150.3891,0.0000,0.9425,0.0010,0.4847,59925.3594,67545.1691,-339.6489,365.6029,7474.2401,29588.2958,-271.4857,572.2638,0.5869,78.0000
86235,Immunology,ENA panel,17558.4099,113.2432,5674.5969,63.4380,0.0000,0.0355,0.0012,0.3553,16364.2607,18752.5591,7.7105,218.7760,2250.8815,9098.3123,-71.0737,197.9497,0.7696,78.0000
83520,Immunology,"Tryptase / cytokines (lab dependent, e.g., IL-6)",14438.5706,681.5071,5787.1741,-915.5687,0.0000,0.0000,0.0014,0.0000,13022.8062,15854.3349,586.0295,776.9847,2244.8637,9329.4846,-1050.1621,-780.9754,0.8707,78.0000
93303,Cardiovascular,Complete transthoracic echocardiogram (TTE) with spectral and color Doppler imaging,24302.1021,178.8434,7027.3868,-141.5846,0.0000,0.0151,0.0016,0.0843,22857.5120,25746.6922,34.6462,323.0405,2673.7061,11381.0676,-302.3349,19.1658,0.7039,78.0000
86160,Immunology,Complement C3,14967.0270,81.3175,4269.3087,59.7735,0.0000,0.0531,0.0016,0.2555,14014.0302,15920.0239,-1.1037,163.7387,1620.3818,6918.2355,-43.2479,162.7949,0.7673,78.0000
93041,Cardiovascular,"Rhythm ECG (limited, interpretation dependent)",13680.0601,-6.9574,2332.2747,-154.8318,0.0000,0.7933,0.0016,0.0000,12764.8239,14595.2962,-59.0070,45.0922,883.3192,3781.2302,-216.7249,-92.9388,0.6619,78.0000
95886,Neurology,Needle EMG (complete),18269.2508,15.1968,6193.1824,43.9843,0.0000,0.8229,0.0029,0.5800,16788.7333,19749.7682,-117.8905,148.2841,2110.7878,10275.5771,-111.7793,199.7479,0.5431,78.0000
92134,Ophthalmology,OCT retinal scan,85971.9550,151.2407,22122.1373,676.7586,0.0000,0.5303,0.0034,0.0183,80836.9752,91106.9347,-321.1612,623.6425,7322.7840,36921.4906,114.5558,1238.9614,0.7484,78.0000
93000,Cardiovascular,ECG (electrocardiogram),187788.4505,-488.3210,57014.1845,1288.5349,0.0000,0.4369,0.0035,0.0860,174406.1643,201170.7366,-1719.3898,742.7478,18736.1042,95292.2647,-182.5407,2759.6105,0.5087,78.0000
93306,Cardiovascular,Echocardiogram (complete transthoracic),208951.1126,238.2936,52356.8437,96.7400,0.0000,0.6765,0.0041,0.8854,196910.0497,220992.1755,-881.0960,1357.6831,16621.1302,88092.5573,-1219.3530,1412.8330,0.5478,78.0000
92235,Ophthalmology,Fluorescein angiography,5968.5225,-32.4299,1405.4354,18.2080,0.0000,0.0503,0.0045,0.3353,5569.7422,6367.3028,-64.9053,0.0456,435.5143,2375.3566,-18.8333,55.2493,0.1552,78.0000
83497,Laboratory,5-HIAA,1165.7477,-21.3665,-214.9933,20.2360,0.0000,0.0000,0.0049,0.0000,974.7767,1356.7188,-29.6807,-13.0524,-364.9001,-65.0864,10.9250,29.5470,0.8475,78.0000
71260,Radiology,CT chest (with contrast),38674.5991,269.9896,8777.9260,-253.6881,0.0000,0.0032,0.0050,0.0310,36447.4756,40901.7226,90.3753,449.6039,2642.1568,14913.6952,-484.2344,-23.1418,0.6267,78.0000
95816,Neurology,EEG (syncope vs seizure differentiation),8079.5150,-15.1024,2265.2088,74.0185,0.0000,0.5515,0.0052,0.0155,7421.8283,8737.2017,-64.8036,34.5987,677.6868,3852.7308,14.1010,133.9360,0.5934,78.0000
93225,Cardiovascular,Holter monitor recording,2504.6351,7.5161,904.4249,-45.4509,0.0000,0.4625,0.0061,0.0002,2261.1087,2748.1615,-12.5351,27.5673,258.3345,1550.5153,-69.0357,-21.8662,0.3235,78.0000
92250,Ophthalmology,Fundus photography,63814.3498,272.4435,25589.7176,573.4704,0.0000,0.3761,0.0062,0.1109,58250.7082,69377.9915,-330.7884,875.6754,7250.9232,43928.5121,-131.5723,1278.5130,0.7476,78.0000
86162,Immunology,Complement CH50,1310.0255,6.7049,326.0942,-9.1902,0.0000,0.0855,0.0078,0.0757,1186.0343,1434.0167,-0.9365,14.3462,85.8044,566.3841,-19.3312,0.9508,0.3980,78.0000
67210,Ophthalmology,Focal retinal laser,629.0030,-0.3414,185.5293,4.5802,0.0000,0.8778,0.0093,0.1704,540.0682,717.9378,-4.6940,4.0111,45.7538,325.3048,-1.9685,11.1289,0.4658,78.0000
75561,Radiology,Cardiac MRI (with contrast),100.5661,2.1311,97.4803,3.2468,0.0000,0.0742,0.0153,0.0735,66.3735,134.7586,-0.2087,4.4710,18.6652,176.2955,-0.3086,6.8022,0.7307,78.0000
G0422,Cardiovascular,Intensive cardiac rehabilitation,22.0450,27.5450,-895.8464,-16.1326,0.8665,0.0290,0.0162,0.2037,-234.9022,278.9923,2.8179,52.2722,-1625.9582,-165.7345,-41.0112,8.7460,0.1588,78.0000
95913,Neurology,Nerve conduction study (extensive),1832.0195,4.0925,538.2505,4.7509,0.0000,0.5920,0.0163,0.6040,1630.4246,2033.6144,-10.8760,19.0610,99.0023,977.4986,-13.2033,22.7051,0.5344,78.0000
95909,Neurology,Nerve conduction study,944.9670,-1.0775,369.2314,4.0936,0.0000,0.8276,0.0164,0.4820,820.9619,1068.9721,-10.7749,8.6199,67.6771,670.7857,-7.3186,15.5058,0.3637,78.0000
82785,Immunology,IgE (total),24659.2508,-51.3794,5676.0250,313.5257,0.0000,0.5019,0.0174,0.0024,22037.4682,27281.0333,-201.3455,98.5867,999.1945,10352.8556,111.2618,515.7897,0.5938,78.0000
86359,Immunology,CD4/CD8 subsets,8931.9535,43.8852,1866.0413,-71.3681,0.0000,0.0926,0.0175,0.0140,8335.3861,9528.5208,-7.2509,95.0213,326.6305,3405.4522,-128.2781,-14.4581,0.3982,78.0000
96133,Neurology,Neuropsychological testing (additional time),151.3604,71.4746,-715.8022,-3.6653,0.5684,0.0000,0.0186,0.7949,-368.7836,671.5043,48.2955,94.6538,-1312.0350,-119.5695,-31.2947,23.9640,0.7868,78.0000
86665,Infectious Disease,EBV antibodies,10045.8033,-66.0332,2346.5935,156.2327,0.0000,0.0382,0.0194,0.0003,9057.9118,11033.6948,-128.4793,-3.5871,378.8017,4314.3853,71.7259,240.7395,0.4425,78.0000
95921,Neurology,Cardiovagal (heart rate variability with deep breathing),2191.0210,-11.0901,681.9695,23.8795,0.0000,0.2443,0.0212,0.0287,1849.9564,2532.0856,-29.7583,7.5781,101.9263,1262.0128,2.4818,45.2772,0.3607,78.0000
93660,Cardiovascular,Tilt table test (continuous monitoring),79.5300,-1.3620,-29.1945,2.4762,0.0000,0.0179,0.0223,0.0002,53.9515,105.1085,-2.4893,-0.2348,-54.2292,-4.1598,1.1810,3.7714,0.3497,78.0000
93224,Cardiovascular,Holter monitor (24–48 hr ECG),3384.2372,-13.4834,738.9523,34.1209,0.0000,0.2096,0.0240,0.0070,3053.9320,3714.5424,-34.5452,7.5784,97.3041,1380.6005,9.3388,58.9029,0.4270,78.0000
95911,Neurology,Nerve conduction study,3376.2207,14.4255,986.9745,-4.0176,0.0000,0.2934,0.0241,0.8083,3084.2020,3668.2395,-12.4818,41.3328,129.2550,1844.6940,-36.4783,28.4431,0.4984,78.0000
95992,Neurology,Quantitative sensory testing (lab-dependent),60.1697,-0.3891,58.8818,2.3910,0.0000,0.5798,0.0329,0.0568,31.6937,88.6456,-1.7663,0.9882,4.7785,112.9852,-0.0695,4.8515,0.4473,78.0000
94761,Pulmonary,Pulse oximetry (spot),20358.1997,-252.4320,2904.2030,255.0192,0.0000,0.0000,0.0347,0.0000,19153.9372,21562.4622,-336.5990,-168.2651,209.1116,5599.2944,154.2305,355.8079,0.4754,78.0000
93226,Cardiovascular,Holter monitor analysis,4360.8844,19.1955,853.8447,-76.0161,0.0000,0.1542,0.0391,0.0000,4001.9387,4719.8301,-7.2104,45.6014,42.6004,1665.0890,-106.4518,-45.5803,0.3775,78.0000
93351,Cardiovascular,Stress echocardiography (with supervision/interpretation),2309.6547,-10.0152,485.3426,10.3645,0.0000,0.2174,0.0407,0.2798,2069.6428,2549.6665,-25.9299,5.8995,20.5608,950.1244,-8.4313,29.1603,0.1504,78.0000
82570,Laboratory,Creatinine (urine normalization),235857.7958,-399.9439,34430.7640,2679.8542,0.0000,0.4600,0.0417,0.0001,223339.8497,248375.7419,-1460.8651,660.9773,1298.0559,67563.4722,1367.2830,3992.4254,0.6749,78.0000
71250,Radiology,CT chest (without contrast),24973.3949,231.2743,4537.4915,7.2956,0.0000,0.0003,0.0449,0.9300,23475.4489,26471.3409,104.8585,357.6900,102.4829,8972.5000,-155.5411,170.1324,0.7388,78.0000
85610,Hematology,PT/INR,443088.5901,-641.5051,41096.6302,-1019.9884,0.0000,0.3017,0.0459,0.1715,427942.9578,458234.2224,-1858.9979,575.9876,739.5553,81453.7050,-2482.0811,442.1043,0.1877,78.0000
95908,Neurology,Nerve conduction study,468.7462,-6.1077,115.6315,7.6188,0.0000,0.0016,0.0470,0.0007,418.0790,519.4135,-9.9048,-2.3106,1.5479,229.7151,3.1889,12.0487,0.1973,78.0000
85384,Hematology,Fibrinogen,4283.0120,222.6676,1337.9576,-284.0552,0.0000,0.0000,0.0503,0.0000,3592.1370,4973.8870,173.7369,271.5982,-1.7598,2677.6750,-339.9328,-228.1776,0.8442,78.0000
92202,Ophthalmology,Extended ophthalmoscopy (additional),-5871.2583,674.4830,5466.0230,-724.8951,0.0008,0.0000,0.0519,0.0000,-9301.4862,-2441.0303,463.6658,885.3002,-44.0040,10976.0500,-944.4311,-505.3592,0.8183,78.0000
93451,Cardiovascular,Right heart catheterization,75.0796,-0.5125,31.9572,2.0549,0.0000,0.2307,0.0544,0.0031,57.7965,92.3627,-1.3505,0.3256,-0.5990,64.5135,0.6954,3.4144,0.4439,78.0000
95885,Neurology,Needle EMG (limited),1518.0856,-8.4382,331.1140,17.8212,0.0000,0.1721,0.0612,0.0105,1350.4495,1685.7217,-20.5492,3.6728,-15.5314,677.7595,4.1746,31.4678,0.3041,78.0000
93454,Cardiovascular,Coronary angiography without left heart cath,114.7793,0.2650,59.7439,1.4089,0.0000,0.7844,0.0687,0.3132,89.3313,140.2272,-1.6334,2.1634,-4.5851,124.0728,-1.3289,4.1467,0.3828,78.0000
86357,Immunology,NK cells,2518.4069,24.5037,463.6024,-17.8436,0.0000,0.0033,0.0691,0.0793,2285.5087,2751.3052,8.1576,40.8499,-36.2685,963.4734,-37.7723,2.0851,0.5932,78.0000
95912,Neurology,Nerve conduction study,2215.8198,-17.2040,335.5881,36.3344,0.0000,0.0034,0.0803,0.0000,2054.5573,2377.0823,-28.7067,-5.7013,-40.4317,711.6079,21.4500,51.2187,0.4083,78.0000
85576,Hematology,Platelet function assay,640.3964,8.9488,199.0178,-5.7573,0.0000,0.0148,0.0884,0.2386,539.0003,741.7925,1.7490,16.1486,-29.9056,427.9411,-15.3328,3.8182,0.5354,78.0000
96132,Neurology,Neuropsychological testing,28.3814,133.2417,-676.6271,-13.3070,0.9386,0.0000,0.0961,0.4604,-693.9599,750.7227,101.0798,165.4036,-1473.6015,120.3472,-48.6393,22.0252,0.8965,78.0000
93458,Cardiovascular,Coronary angiography with left heart cath and ventriculography,3539.0901,-34.9766,685.2864,34.4802,0.0000,0.0104,0.0969,0.0385,3105.9640,3972.2162,-61.7330,-8.2201,-123.9001,1494.4729,1.8167,67.1437,0.1093,78.0000
92201,Ophthalmology,Extended ophthalmoscopy,-3858.6036,447.1250,2551.0474,-449.4764,0.0005,0.0000,0.1099,0.0000,-6036.0943,-1681.1129,325.4709,568.7791,-576.7169,5678.8117,-574.6032,-324.3496,0.8334,78.0000
85730,Hematology,aPTT,189253.0480,1004.9131,19954.3258,-1757.9862,0.0000,0.0075,0.1131,0.0001,180115.0317,198391.0644,268.5331,1741.2932,-4727.0547,44635.7063,-2649.8963,-866.0762,0.3547,78.0000
86355,Immunology,T cells (CD3),3009.6937,29.2175,451.7703,-12.4536,0.0000,0.0028,0.1256,0.2979,2726.0870,3293.3004,10.0929,48.3421,-126.3279,1029.8686,-35.9009,10.9937,0.6186,78.0000
11104,Dermatology,Punch biopsy (first lesion),93.5480,38.5846,-237.2351,-39.1100,0.5385,0.0000,0.1672,0.0000,-204.5130,391.6091,25.5849,51.5842,-573.8456,99.3753,-53.5271,-24.6929,0.5091,78.0000
75565,Radiology,Cardiac MRI (additional/advanced imaging),127.8904,-0.0731,43.8424,3.5966,0.0000,0.9365,0.1728,0.0037,98.0549,157.7259,-1.8705,1.7243,-19.1946,106.8794,1.1653,6.0278,0.5441,78.0000
85244,Hematology,Clotting factor assay,73.9655,0.4337,19.1308,1.8203,0.0000,0.3852,0.2116,0.0023,58.3606,89.5703,-0.5451,1.4126,-10.8849,49.1464,0.6487,2.9919,0.7081,78.0000
86790,Infectious Disease,Viral serologies,581.6952,13.8873,-214.2754,-9.9425,0.0000,0.0389,0.2233,0.1870,384.9595,778.4309,0.7110,27.0636,-559.1260,130.5753,-24.7096,4.8245,0.2135,78.0000
93040,Cardiovascular,Rhythm ECG (limited),3443.7793,-17.3350,346.0435,21.2474,0.0000,0.1106,0.2513,0.0848,3169.8723,3717.6863,-38.6288,3.9588,-245.1250,937.2120,-2.9136,45.4084,0.0724,78.0000
86360,Immunology,CD4/CD8 subsets (additional),16766.6937,72.6508,1411.1786,-93.5715,0.0000,0.1001,0.2735,0.0530,15650.3753,17883.0121,-13.9498,159.2514,-1114.3933,3936.7505,-188.3363,1.1933,0.2291,78.0000
75574,Radiology,Cardiac CT angiography (CTA),284.5691,12.7230,103.5706,41.2031,0.0000,0.0000,0.3688,0.0000,228.6805,340.4577,7.0673,18.3787,-122.2810,329.4223,31.9260,50.4801,0.9250,78.0000
86161,Immunology,Complement C4,250.8814,6.1798,39.8444,-2.9005,0.0000,0.0000,0.3874,0.0837,211.6283,290.1345,3.2431,9.1164,-50.5066,130.1954,-6.1869,0.3859,0.6745,78.0000
67228,Ophthalmology,Panretinal photocoagulation,729.2988,-1.7234,61.0721,10.7199,0.0000,0.5217,0.4931,0.0027,651.7394,806.8582,-6.9948,3.5480,-113.5846,235.7289,3.7132,17.7266,0.3908,78.0000
85260,Hematology,Clotting factor assay,7.8994,0.3359,4.0059,-0.7919,0.0336,0.1223,0.5054,0.0016,0.6143,15.1845,-0.0902,0.7620,-7.7819,15.7937,-1.2851,-0.2988,0.1585,78.0000
85250,Hematology,Clotting factor assay,62.2027,1.7218,9.3398,2.5786,0.0000,0.0000,0.5382,0.0001,52.5902,71.8153,0.9602,2.4833,-20.3962,39.0757,1.3275,3.8297,0.8062,78.0000
85270,Hematology,Clotting factor assay,40.0766,2.5099,-6.5297,-1.3023,0.0000,0.0000,0.5393,0.0047,29.6241,50.5291,1.8593,3.1605,-27.3796,14.3202,-2.2059,-0.3988,0.6811,78.0000
95922,Neurology,Vasomotor adrenergic function (BP response to Valsalva or tilt),104.4009,13.8485,-34.1049,-25.6013,0.0063,0.0000,0.5693,0.0000,29.5161,179.2857,10.2812,17.4158,-151.5634,83.3536,-30.3110,-20.8916,0.6341,78.0000
94762,Pulmonary,Pulse oximetry (overnight),4259.3363,-40.0319,110.9260,43.4560,0.0000,0.0132,0.7991,0.0157,3718.7617,4799.9110,-71.6840,-8.3798,-743.1420,964.9939,8.2087,78.7032,0.2324,78.0000
82542,Immunology,Prostaglandin D2,13965.0916,-119.6735,-286.3581,125.5309,0.0000,0.0029,0.8119,0.0044,12800.6526,15129.5306,-198.4569,-40.8900,-2644.4398,2071.7237,39.2502,211.8115,0.3852,78.0000