HCPCS_CODE,Description,B0_const,B1_time,B2_level,B3_slope,p_const,p_time,p_level,p_slope,ci_const_low,ci_const_high,ci_time_low,ci_time_high,ci_level_low,ci_level_high,ci_slope_low,ci_slope_high,R_squared,N_obs
93247,continuous cardiac monitoring and detection,0,-857.3050,1792.9227,935.6177,0,1.45E-76,1.11E-94,2.79E-117,0,0,-948.0387,-766.5712,1622.6998,1963.1455,855.9653,1015.2701,0.8021,42
93243,continuous cardiac monitoring and detection,0,-692.4881,1483.4666,790.9786,0,5.44E-49,5.04E-63,9.47E-81,0,0,-784.7460,-600.2301,1309.9543,1656.9790,709.5166,872.4405,0.8497,42
93246,continuous cardiac monitoring and detection,0,-129.9846,300.5532,170.5686,0,6.98E-10,2.82E-14,2.64E-20,0,0,-171.2993,-88.6698,223.1098,377.9965,134.3585,206.7787,0.8313,42
86140,CRP,142410.7339,2107.1289,36591.4760,-1945.9488,0.0000,8.44E-43,3.69E-11,2.57E-13,135046.4851,149774.9827,1805.9714,2408.2865,25751.3954,47431.5567,-2467.3104,-1424.5872,0.8819,75
93248,continuous cardiac monitoring and detection,0,-132.3011,310.3377,178.0366,0,8.35E-07,9.41E-10,9.46E-14,0,0,-184.9294,-79.6727,210.9366,409.7388,131.1870,224.8862,0.8057,42
81241,Factor V Leiden,1889.8671,-16.9246,515.7372,8.2179,9.04E-293,3.53E-11,2.04E-09,0.0312,1788.5759,1991.1582,-21.9334,-11.9158,347.1145,684.3598,0.7406,15.6951,0.3457,75
93244,continuous cardiac monitoring and detection,0,-65.8891,169.0342,103.1452,0,1.64E-05,4.14E-09,2.38E-14,0,0,-95.8575,-35.9207,112.6778,225.3907,76.6437,129.6466,0.7962,42
85390,Coagulation interpretation/report,619.6519,47.8606,1144.9368,-53.1927,7.87E-08,1.66E-08,3.58E-08,5.37E-09,393.4960,845.8078,31.2393,64.4819,737.7150,1552.1585,-71.0587,-35.3266,0.9246,75
85300,Antithrombin III,584.3611,11.6577,275.8803,-14.8028,1.99E-145,1.64E-13,4.39E-08,7.02E-12,539.7599,628.9623,8.5596,14.7558,177.1108,374.6497,-19.0337,-10.5718,0.7965,75
85652,ESR,127089.5807,966.7866,28007.1930,-678.8063,0.0000,1.71E-14,1.28E-07,0.0057,121613.5865,132565.5748,719.7534,1213.8197,17613.4300,38400.9559,-1160.2576,-197.3549,0.7870,75
85306,Protein C / S,765.6048,14.2023,253.8619,-17.5311,2.32E-271,1.50E-27,5.29E-07,2.85E-16,722.9702,808.2394,11.6428,16.7617,154.6544,353.0694,-21.7319,-13.3303,0.7758,75
81240,Prothrombin gene mutation,1566.5837,-19.7491,362.2740,14.5843,5.89E-306,2.46E-19,6.61E-07,4.28E-06,1484.4621,1648.7054,-24.0546,-15.4437,219.4765,505.0716,8.3667,20.8019,0.5016,75
95923,Sudomotor function (QSART),4688.2264,-43.2176,1052.9755,33.1306,6.10E-97,1.25E-06,3.19E-06,0.0034,4248.4418,5128.0110,-60.6893,-25.7459,609.9079,1496.0431,10.9398,55.3213,0.2611,75
85303,Protein C / S,659.4349,11.5567,242.6984,-15.0684,7.84E-165,6.94E-14,4.35E-06,2.73E-11,612.1985,706.6713,8.5322,14.5813,139.1508,346.2460,-19.5026,-10.6341,0.7567,75
96110," Developmental screening, per standardized instrument, with scoring and documentation. ",244538.7820,2714.9384,73067.0782,-2437.6179,3.02E-188,4.64E-15,5.29E-06,0.0003,228160.4530,260917.1110,2035.9056,3393.9712,41613.6432,104520.5131,-3765.2153,-1110.0206,0.7238,75
93242,continuous cardiac monitoring and detection,0,-68.3858,186.3424,117.9566,0,0.0018,6.33E-06,1.29E-09,0,0,-111.2728,-25.4988,105.4541,267.2307,79.8640,156.0492,0.8625,42
93303,complete transthoracic echocardiogram (TTE) for congenital cardiac anomalies,23723.0425,272.5311,4327.3745,-235.2723,0.0000,1.93E-38,1.06E-05,3.32E-08,22702.2568,24743.8282,231.3323,313.7300,2401.8774,6252.8716,-318.7526,-151.7920,0.7909,75
96137, Psychological or neuropsychological test administration and scoring each additional 30 minutes. ,5439.4548,-0.0154,2258.3505,92.7042,1.81E-105,0.9995,1.16E-05,0.0012,4950.6649,5928.2447,-47.3507,47.3200,1248.9958,3267.7053,36.4190,148.9895,0.8135,63
86148,Beta-2 glycoprotein,639.7916,20.7047,504.4396,-52.0088,1.71E-106,5.58E-30,1.38E-05,5.87E-45,582.5829,697.0004,17.1371,24.2722,277.0393,731.8399,-59.2541,-44.7635,0.6809,75
86146,Anticardiolipin antibodies (IgG/IgM),2450.3724,79.7044,1132.8857,-26.2396,4.63E-89,5.47E-35,2.06E-05,0.0292,2210.3438,2690.4011,67.0456,92.3632,611.4406,1654.3308,-49.8232,-2.6560,0.9001,75
86147,Anticardiolipin antibodies (IgG/IgM),4235.2581,85.5127,1430.9686,-21.7621,1.63E-159,1.92E-29,2.28E-05,0.1549,3926.8004,4543.7158,70.6368,100.3886,768.8669,2093.0703,-51.7455,8.2212,0.8792,75
85245,Clotting factors (selective use),999.8153,26.2789,551.7335,-9.7395,4.57E-101,3.12E-22,2.34E-05,0.0776,907.9988,1091.6318,20.9671,31.5906,296.0734,807.3936,-20.5550,1.0759,0.8624,75
85025,CBC,2851183.8966,7734.0244,416507.7908,-1113.2767,0.0000,0.0017,3.31E-05,0.8107,2747760.3243,2954607.4690,2912.8232,12555.2257,219852.8743,613162.7073,-10221.0678,7994.5144,0.7122,75
85246,Clotting factors (selective use),1350.6499,29.2178,598.9768,-8.5937,3.14E-145,3.61E-20,8.41E-05,0.1836,1247.4906,1453.8091,22.9927,35.4428,300.4417,897.5119,-21.2587,4.0714,0.8598,75
85597,Platelet aggregation studies,355.4418,4.2849,161.8218,-1.8352,9.13E-159,7.92E-08,0.0001,0.2431,329.4929,381.3908,2.7207,5.8492,79.3849,244.2587,-4.9170,1.2466,0.7433,75
95910,Nerve conduction studies (depending on number of nerves tested),1847.6902,-5.1708,553.9306,4.7102,7.50E-98,0.1752,0.0001,0.4475,1675.1898,2020.1906,-12.6462,2.3046,269.6134,838.2477,-7.4448,16.8651,0.2906,75
Agg_clotting,,4316.6196,104.4801,1946.1172,-31.7122,5.65E-121,1.84E-23,0.0001,0.1389,3954.8792,4678.3601,83.9636,124.9965,946.8638,2945.3707,-73.7129,10.2884,0.8607,75
86038,ANA,62404.9172,226.6662,12382.4925,-63.3002,0.0000,0.0046,0.0002,0.6646,59331.7015,65478.1329,69.9575,383.3749,5957.7635,18807.2215,-349.4847,222.8844,0.6371,75
93227,Holter monitor (24-48 hr ECG),2237.2104,10.7997,663.8602,-36.1725,8.92E-104,0.0222,0.0002,1.20E-07,2034.5113,2439.9094,1.5445,20.0550,314.1855,1013.5350,-49.5646,-22.7804,0.3669,75
85240,Clotting factors (selective use),1511.8357,34.2394,643.3050,-10.1107,4.62E-111,3.12E-19,0.0002,0.1599,1379.5101,1644.1614,26.7534,41.7254,304.1846,982.4255,-24.2124,3.9910,0.8571,75
85305,Protein C / S,283.9063,7.3863,90.9382,-10.5728,8.70E-47,5.61E-16,0.0003,3.62E-20,245.1674,322.6452,5.5985,9.1742,41.4417,140.4346,-12.8255,-8.3201,0.6943,75
84478,Triglycerides,29401.7545,-22.7612,7494.3439,-58.8215,0.0000,0.4183,0.0003,0.4196,28181.3576,30622.1514,-77.8803,32.3579,3414.9147,11573.7732,-201.6701,84.0271,0.3240,75
80061,"Lipid Panel (Total, HDL, Triglycerides, and calculated LDL)",965901.8729,6189.0459,193622.0656,-1635.1432,2.22E-262,1.83E-05,0.0004,0.5066,911193.0393,1020610.7066,3357.7691,9020.3226,85744.5189,301499.6124,-6461.0064,3190.7200,0.7306,75
85247,Clotting factors (selective use),278.1806,8.4992,161.6751,-4.3294,9.25E-81,4.34E-22,0.0004,0.0152,249.5329,306.8282,6.7752,10.2231,71.4928,251.8574,-7.8260,-0.8328,0.8103,75
85379,D-dimer,33422.3883,1076.8674,18259.5092,-1773.0110,1.18E-35,2.61E-08,0.0005,1.46E-14,28166.3914,38678.3851,697.6441,1456.0906,8052.3602,28466.6583,-2224.8427,-1321.1794,0.7867,75
86235,ENA panel,17146.5429,178.7980,3792.0486,-2.1167,4.78E-289,1.74E-13,0.0005,0.9662,16221.5959,18071.4899,131.2309,226.3650,1668.4002,5915.6969,-100.0570,95.8236,0.8066,75
93042,"Rhythm ECG (limited, interpretation dependent)",8585.1827,49.4189,1725.3211,-111.9039,5.17E-279,2.10E-06,0.0007,1.55E-08,8113.7487,9056.6168,29.0012,69.8365,727.0285,2723.6137,-150.6843,-73.1234,0.4743,75
Agg_skin_biopsy,,12168.8212,-46.3463,3115.3991,76.7801,3.39E-106,0.0622,0.0008,0.0685,11079.1564,13258.4860,-95.0509,2.3584,1303.1199,4927.6784,-5.8210,159.3813,0.3345,75
Agg_needle_EMG,,17775.6221,94.5601,3909.0965,-35.3790,1.65E-182,0.0011,0.0010,0.4885,16566.2982,18984.9460,37.6378,151.4823,1590.1677,6228.0254,-135.4862,64.7283,0.5820,75
95886,Needle EMG,17775.6221,94.5601,3909.0965,-35.3790,1.65E-182,0.0011,0.0010,0.4885,16566.2982,18984.9460,37.6378,151.4823,1590.1677,6228.0254,-135.4862,64.7283,0.5820,75
86160,C3,14651.6968,131.8652,2815.4688,9.2258,1.92E-261,1.73E-10,0.0010,0.8081,13820.3214,15483.0722,91.3803,172.3502,1145.0289,4485.9088,-65.2189,83.6704,0.8055,75
92557,"Comprehensive audiometry, including air, bone, and speech",8383.0632,3152.5135,-50008.9639,-4159.1990,0.1679,5.46E-20,0.0016,8.07E-15,-3531.1183,20297.2447,2477.5642,3827.4628,-81106.0472,-18911.8806,-5208.8326,-3109.5654,0.5991,75
11102,"Tangential skin biopsy, single lesion",8174.3942,4.9512,2327.8391,28.1323,8.77E-64,0.8807,0.0017,0.5152,7224.1603,9124.6281,-59.7039,69.6062,871.8119,3783.8663,-56.5876,112.8522,0.4342,63
93306,Echocardiogram,204496.9674,950.9273,31868.8090,-615.8937,0.0000,3.00E-05,0.0017,0.1552,195067.9824,213925.9525,504.3260,1397.5285,11915.4716,51822.1464,-1465.1422,233.3548,0.6248,75
11105,"Punch skin biopsy, each additional lesion",333.8231,-3.4168,-125.7485,2.8925,1.09E-21,0.1416,0.0018,0.2282,265.4409,402.2053,-7.9732,1.1395,-204.5021,-46.9949,-1.8119,7.5969,0.6615,63
93041,"Rhythm ECG (limited, interpretation dependent)",13549.3843,14.3266,1718.0095,-176.1159,2.75E-177,0.4997,0.0021,1.58E-10,12613.9487,14484.8199,-27.2780,55.9312,623.7848,2812.2343,-230.0717,-122.1600,0.7393,75
81025,"qualitative urine pregnancy test (hCG) performed by visual color comparison, such as a dipstick or test strip",489552.6134,-259.9913,58532.9578,641.4922,0.0000,0.5928,0.0022,0.4726,472091.8843,507013.3425,-1212.9183,692.9357,21046.6310,96019.2847,-1108.8793,2391.8637,0.3343,75
Agg_pregnancy_test,,489552.6134,-259.9913,58532.9578,641.4922,0.0000,0.5928,0.0022,0.4726,472091.8843,507013.3425,-1212.9183,692.9357,21046.6310,96019.2847,-1108.8793,2391.8637,0.3343,75
93000,ECG,182901.0852,286.2116,34792.9082,514.0023,1.53E-241,0.3613,0.0023,0.3319,172100.0491,193702.1213,-328.3036,900.7269,12408.4796,57177.3368,-524.3378,1552.3424,0.5434,75
27447,Total knee replacement (arthroplasty),51.3632,0.5774,86.0676,5.5389,4.38E-07,0.2461,0.0024,0.0001,31.4354,71.2911,-0.3982,1.5531,30.4782,141.6570,2.7269,8.3509,0.7489,75
88341,"Immunohistochemistry stains often used to visualize nerve fibers (e.g., PGP 9.5)",7928.7707,135.9664,2523.9863,-80.8772,7.11E-206,1.37E-14,0.0024,0.0186,7421.2179,8436.3235,101.3548,170.5781,892.1151,4155.8576,-148.2350,-13.5194,0.7627,75
76700,abdominal ultrasound,58547.7546,-74.0162,9208.0720,43.4770,0.0000,0.3184,0.0025,0.7299,55800.1199,61295.3894,-219.4053,71.3729,3246.9711,15169.1728,-203.3423,290.2964,0.2449,75
83520,Tryptase,14083.3433,738.7244,4139.7967,-972.7860,1.08E-98,2.05E-155,0.0025,6.57E-66,12774.2649,15392.4217,684.2080,793.2407,1453.6973,6825.8961,-1083.9763,-861.5957,0.8962,75
96111," Deleted; old code for developmental testing, per hour / extended developmental testing",8744.1230,-335.5338,3014.8215,336.4087,7.76E-18,2.27E-12,0.0025,1.99E-12,6752.0266,10736.2193,-429.2567,-241.8109,1058.4187,4971.2242,242.6845,430.1329,0.7585,66
Agg_autonomic_testing,,7679.0974,-31.4740,1305.9262,27.3331,1.89E-70,0.0587,0.0025,0.1870,6830.9165,8527.2782,-64.1029,1.1550,458.2692,2153.5832,-13.2636,67.9297,0.1206,75
Agg_immunohistochemistry_stains,,48671.7582,613.4918,11808.7594,-502.0794,6.59E-251,3.36E-14,0.0031,0.0033,45852.1252,51491.3913,454.9380,772.0455,3976.7075,19640.8113,-836.7511,-167.4077,0.6892,75
88305,"Surgical pathology, gross and microscopic examination (nerve biopsy)",355783.7094,1140.1486,51304.9985,-1299.9550,0.0000,0.0053,0.0034,0.0814,339137.5301,372429.8887,338.7824,1941.5149,16922.7693,85687.2276,-2761.8124,161.9023,0.4448,75
88342,"Immunohistochemistry stains often used to visualize nerve fibers (e.g., PGP 9.5)",40742.9875,477.5253,9284.7731,-421.2022,9.50E-253,2.70E-13,0.0036,0.0022,38391.3680,43094.6071,349.4621,605.5886,3027.8345,15541.7117,-691.2093,-151.1951,0.6648,75
96146, Psychological or neuropsychological test administration with single automated standardized instrument via electronic platform,1704.4928,-62.3825,313.7823,56.8098,4.84E-38,1.91E-12,0.0062,1.51E-09,1445.4079,1963.5776,-79.7474,-45.0176,89.0759,538.4887,38.3836,75.2360,0.8096,63
71260,CT Chest,38112.6217,363.2614,6075.3912,-346.9598,3.46E-278,1.23E-13,0.0063,9.53E-05,36016.6350,40208.6085,267.2300,459.2927,1718.0298,10432.7526,-521.2252,-172.6945,0.6664,75
95816,EEG (if syncope vs seizure differentiation is needed),7879.5790,16.9106,1344.6899,42.0055,4.88E-167,0.1671,0.0066,0.0496,7318.9377,8440.2203,-7.0768,40.8979,373.9679,2315.4119,0.0729,83.9381,0.6302,75
96136, Psychological or neuropsychological test administration and scoring first 30 minutes. ,8010.3098,14.8463,1893.1674,152.9017,6.55E-75,0.6420,0.0086,0.0002,7152.9880,8867.6317,-47.7441,77.4367,481.4228,3304.9120,72.2337,233.5698,0.7931,63
93241,continuous cardiac monitoring and detection,0,21.5668,-16.5724,-11.5779,0,0.0015,0.0091,0.0509,0,0,8.2784,34.8552,-29.0201,-4.1246,-23.2012,0.0453,0.8463,40
93225,Holter monitor (24-48 hr ECG),2432.7849,18.9874,574.7782,-56.9223,1.77E-120,0.0002,0.0091,3.90E-12,2228.4870,2637.0827,8.9328,29.0420,143.0051,1006.5512,-72.9964,-40.8482,0.4251,75
86790,Viral serologies (lab dependent),551.6951,18.7870,-355.7661,-14.8423,8.36E-09,0.0003,0.0098,0.0165,364.0024,739.3879,8.5443,29.0297,-625.8622,-85.6700,-26.9745,-2.7100,0.3397,75
88314,"Immunohistochemistry stains often used to visualize nerve fibers (e.g., PGP 9.5)",478.4574,-5.7014,-118.0008,4.7656,1.92E-72,0.0002,0.0105,0.0071,426.3619,530.5530,-8.6905,-2.7124,-208.3588,-27.6428,1.2940,8.2372,0.7955,75
93660,Tilt table test (with continuous monitoring),78.1437,-1.1471,-35.3319,2.2612,1.32E-09,0.0585,0.0108,0.0010,52.8913,103.3961,-2.3356,0.0415,-62.4868,-8.1770,0.9114,3.6110,0.3641,59
83497,5-HIAA (sometimes used in differential),1166.6953,-21.5318,-210.1575,20.4012,1.24E-32,1.27E-06,0.0111,3.74E-05,974.4764,1358.9142,-30.2442,-12.8193,-372.3877,-47.9273,10.7029,30.0995,0.8467,75
Agg_neurophysiologic/autonomic testing,,1100.5239,-21.4359,204.4154,6.6875,1.28E-120,3.30E-26,0.0146,0.0338,1008.1605,1192.8874,-25.4029,-17.4688,40.3252,368.5057,0.5113,12.8638,0.8383,75
11103,"Tangential skin biopsy, each additional lesion",829.4596,2.2396,230.4035,0.9866,2.62E-26,0.6286,0.0158,0.8657,676.2630,982.6562,-6.8350,11.3142,43.3837,417.4233,-10.4495,12.4227,0.3257,63
11107,"Incisional skin biopsy, each additional lesion",51.7046,-0.6528,70.5862,-0.4320,3.02E-08,0.3122,0.0188,0.7350,33.4139,69.9954,-1.9188,0.6131,11.7207,129.4518,-2.9338,2.0697,0.1317,57
96138," Psychological or neuropsychological test administration and scoring by technician, first 30 minutes. ",6422.9825,48.4864,-1035.9406,55.1906,2.70E-62,0.0914,0.0197,0.0679,5667.2055,7178.7595,-7.8111,104.7840,-1906.4500,-165.4313,-4.0531,114.4342,0.7200,63
Agg_nerve_conduction,,10520.4636,24.2271,1846.7478,17.8794,1.48E-139,0.2535,0.0204,0.5925,9700.5332,11340.3939,-17.3544,65.8087,286.3071,3407.1886,-47.5891,83.3479,0.4369,75
96131," Psychological testing evaluation services, each additional hour. ",7748.8514,-37.4367,2799.1673,167.0647,6.17E-30,0.5565,0.0220,0.0144,6412.6364,9085.0665,-162.2192,87.3458,403.8449,5194.4898,33.2688,300.8606,0.7038,63
96125," Standardized cognitive performance testing, per hour. ",428.0152,-9.4235,106.8015,11.6408,3.99E-16,1.11E-05,0.0224,1.75E-05,324.9435,531.0869,-13.6269,-5.2201,15.1512,198.4518,6.3276,16.9540,0.2253,75
96112," Developmental test administration, first hour. ",6575.9433,155.6112,1448.7433,-93.9061,1.27E-66,2.64E-09,0.0251,0.0070,5828.4528,7323.4339,104.3718,206.8506,180.7637,2716.7228,-162.0939,-25.7183,0.7090,63
83721,"Lipoprotein, direct measurement; high-density cholesterol (HDL)",28361.4420,0.9661,3742.1227,64.9630,1.39E-295,0.9801,0.0273,0.4037,26848.6565,29874.2274,-74.8643,76.7965,418.9834,7065.2619,-87.5219,217.4480,0.3631,75
86162,CH50,1282.2772,11.0981,200.0806,-13.5834,1.27E-105,6.89E-05,0.0284,0.0024,1167.1368,1397.4177,5.6331,16.5631,21.1742,378.9869,-22.3464,-4.8204,0.4270,75
86769,serology for Covid,26035.1496,14359.2652,-85879.3519,-17527.5522,0.4451,0.0009,0.0284,4.91E-05,-40786.8077,92857.1069,5848.2823,22870.2481,-162678.4082,-9080.2955,-25989.4567,-9065.6477,0.7261,50
95943,Quantitative autonomic function testing of parasympathetic and sympathetic functions,1098.1931,-21.4196,198.1580,3.8295,6.45E-121,4.57E-26,0.0298,0.2778,1006.1403,1190.2460,-25.3952,-17.4441,19.4182,376.8978,-3.0865,10.7455,0.8475,46
Agg_psychological_testing,,59870.7565,-417.2333,12602.8155,1380.6135,1.55E-49,0.1948,0.0339,9.08E-05,51940.0618,67801.4511,-1047.9334,213.4669,960.1164,24245.5147,689.2613,2071.9656,0.7134,63
95913,Nerve conduction studies (depending on number of nerves tested),1791.8018,10.5146,353.6943,-1.6712,2.93E-76,0.0522,0.0389,0.8215,1601.7774,1981.8262,-0.1012,21.1305,18.0788,689.3098,-16.1917,12.8493,0.5409,75
86256,fluorescent noninfectious agent antibody titer,3207.7327,26.6900,759.1619,-98.9712,2.94E-172,0.0002,0.0408,3.95E-15,2983.0260,3432.4394,12.7079,40.6721,31.8113,1486.5124,-123.6619,-74.2805,0.5373,75
75561,cardiovascular magnetic resonance imaging,94.4554,3.1238,68.8477,2.2541,1.91E-09,0.0004,0.0434,0.1662,63.6274,125.2835,1.4095,4.8381,2.0415,135.6540,-0.9367,5.4449,0.7326,75
95909,Nerve conduction studies (depending on number of nerves tested),912.1462,4.1989,217.3802,-1.1827,6.78E-51,0.1848,0.0480,0.7882,793.0031,1031.2892,-2.0064,10.4041,1.9061,432.8544,-9.8131,7.4476,0.3527,75
96116," Neurobehavioral status exam, first hour. ",1683.3342,17.9380,433.3950,-0.5233,2.08E-35,0.0127,0.0487,0.9520,1417.6578,1949.0105,3.8285,32.0475,2.5342,864.2557,-17.5690,16.5224,0.6378,75
25605,Closed treatment of a distal radial fracture with manipulation ,59.8423,0.1370,60.4527,-0.5476,0.0004,0.8608,0.0517,0.6917,26.8530,92.8316,-1.3943,1.6683,-0.4566,121.3619,-3.2538,2.1586,0.1698,72
95992,Neuropsychological testing (sometimes used depending on setup),58.4068,-0.1337,51.7086,2.1357,8.23E-05,0.8449,0.0550,0.0865,29.3346,87.4790,-1.4739,1.2065,-1.1093,104.5264,-0.3064,4.5777,0.4292,71
86359,CD4/CD8 subsets,8726.3427,76.6060,926.4243,-104.0889,4.12E-205,3.58E-06,0.0588,9.20E-07,8166.6859,9285.9994,44.2073,109.0047,-34.6391,1887.4876,-145.6549,-62.5228,0.4997,75
95911,Nerve conduction studies (depending on number of nerves tested),3278.1571,30.2128,532.4828,-19.8049,1.65E-157,1.69E-05,0.0615,0.0923,3037.8710,3518.4433,16.4507,43.9749,-25.5529,1090.5185,-42.8626,3.2529,0.5362,75
96113," Developmental test administration, each additional 30 minutes. ",1171.9033,21.9828,317.4129,9.0884,8.39E-24,0.0076,0.0642,0.3965,943.5607,1400.2458,5.8415,38.1241,-18.6861,653.5118,-11.9206,30.0975,0.7058,63
96130," Psychological testing evaluation services, first hour. ",22548.3062,-376.5949,6374.9546,607.7696,1.95E-15,0.0743,0.0661,0.0067,16985.5270,28111.0854,-790.1864,36.9965,-424.8466,13174.7557,168.5823,1046.9570,0.3804,63
Agg_fluorescent_noninfectious_agent,,14392.9184,154.2963,3643.3576,-587.3896,2.40E-226,1.16E-11,0.0729,3.47E-18,13514.6326,15271.2042,109.7224,198.8703,-338.7684,7625.4836,-719.7968,-454.9825,0.6250,75
82785,IgE (total),24121.3718,33.1817,3254.2667,228.9647,2.68E-82,0.5636,0.0735,0.0122,21661.1665,26581.5771,-79.4369,145.8002,-309.9600,6818.4933,49.8162,408.1132,0.6118,75
93224,Holter monitor (24-48 hr ECG),3312.9835,-2.1538,413.6714,22.7913,6.82E-109,0.7581,0.0785,0.0205,3020.0845,3605.8826,-15.8596,11.5520,-47.1301,874.4729,3.5066,42.0760,0.4150,75
23500,Closed treatment of clavicular fracture; without manipulation,14.1141,-0.2983,11.7375,1.0400,0.0011,0.1197,0.0833,0.0007,5.6094,22.6188,-0.6740,0.0774,-1.5447,25.0196,0.4385,1.6415,0.4471,53
86255,"fluorescent noninfectious agent antibody screen (e.g., ANA, tissue antibodies) performed using immunofluorescence",11185.1857,127.6063,2899.1748,-492.0985,5.18E-221,1.91E-14,0.0876,2.86E-17,10494.3760,11875.9954,94.9414,160.2712,-427.4167,6225.7664,-606.2084,-377.9886,0.6337,75
86665,EBV antibodies,9871.8222,-39.3226,1585.7051,129.5221,1.06E-86,0.1966,0.0885,0.0023,8891.4593,10852.1852,-99.0095,20.3642,-239.0980,3410.5082,46.3952,212.6491,0.4185,75
93226,Holter monitor (24-48 hr ECG),4265.6742,34.2509,422.1153,-91.0715,6.11E-144,3.40E-07,0.0921,1.13E-18,3938.3969,4592.9515,21.0874,47.4144,-69.1192,913.3498,-111.3061,-70.8369,0.5238,75
82465,"Total cholesterol, serum",48310.2443,-15.4755,6078.9634,-205.6570,2.15E-138,0.8836,0.0944,0.1705,44529.0884,52091.4002,-222.5581,191.6071,-1043.3050,13201.2319,-499.7644,88.4504,0.0864,75
95907,Nerve conduction studies (depending on number of nerves tested),59.1393,-0.7953,-14.7443,0.4535,4.38E-06,0.1349,0.1051,0.4115,33.9001,84.3784,-1.8379,0.2474,-32.5744,3.0858,-0.6288,1.5359,0.4676,47
85384,Fibrinogen,4216.0007,235.3952,959.5010,-296.7829,2.86E-35,1.34E-27,0.1084,3.89E-31,3549.2247,4882.7767,193.0140,277.7765,-211.9026,2130.9046,-346.9067,-246.6590,0.8690,75
25600,Closed treatment of distal radius fracture; without manipulation,601.4058,-3.9552,223.1322,4.8793,8.35E-12,0.3081,0.1109,0.4523,428.8869,773.9247,-11.5606,3.6503,-51.1859,497.4503,-7.8462,17.6049,0.0915,75
Agg_cardiac_monitoring,,462.4685,139.9828,753.9395,222.9532,0.0024,1.12E-64,0.1153,1.39E-22,163.9719,760.9651,123.8263,156.1392,-184.2659,1692.1448,178.2661,267.6403,0.9627,75
82570,Creatinine (needed for normalization),232050.8821,203.9707,17100.6687,2075.9396,0.0000,0.4867,0.1178,2.43E-05,220454.9546,243646.8096,-370.8257,778.7670,-4327.6455,38528.9830,1112.0530,3039.8263,0.7101,75
95921,Cardiovagal (heart rate variability with deep breathing),2119.3905,0.3299,353.9005,12.4595,1.92E-36,0.9644,0.1229,0.1767,1789.9118,2448.8692,-14.1389,14.7987,-95.7115,803.5126,-5.6173,30.5363,0.3408,75
71250,CT Chest,24488.1426,307.8293,2343.3169,-69.2594,4.71E-276,2.97E-24,0.1293,0.2579,23136.1907,25840.0946,248.4502,367.2084,-684.2826,5370.9164,-189.2361,50.7172,0.7771,75
95908,Nerve conduction studies (depending on number of nerves tested),457.0666,-4.1916,60.2474,5.7027,5.75E-85,0.0002,0.1293,0.0005,411.2041,502.9291,-6.4328,-1.9504,-17.6055,138.1004,2.5091,8.8962,0.1206,75
85610,PT/INR,438265.5184,132.2220,18839.2508,-1793.7156,0.0000,0.6122,0.1403,0.0003,425573.0165,450958.0204,-379.0088,643.4529,-6196.9584,43875.4599,-2759.0178,-828.4134,0.2960,75
96121," Neurobehavioral status exam, each additional hour. ",533.8788,13.7902,-136.3620,-18.2820,0.0009,0.1366,0.1433,0.0519,218.2501,849.5076,-4.3662,31.9467,-318.9780,46.2540,-36.7129,0.1489,0.1616,63
94761,"Pulse oximetry (spot / overnight, sometimes used adjunctively)",20098.8917,-210.6674,1701.7499,213.2546,1.21E-250,8.83E-09,0.1504,4.62E-06,18933.9117,21263.8717,-282.4543,-138.8806,-617.2797,4020.7795,122.0242,304.4850,0.5150,75
Agg_fractures,,772.8599,-3.4725,271.9141,6.6220,2.01E-11,0.5166,0.1561,0.4570,546.9609,998.7590,-13.9658,7.0209,-103.8199,647.6481,-10.8260,24.0699,0.1237,75
88356,Morphometric analysis for nerve density (specifically for intra-epidermal nerve fiber density),1045.5637,-24.4109,63.6133,22.8723,4.01E-45,2.15E-16,0.1643,7.92E-14,900.1865,1190.9408,-30.2361,-18.5858,-26.0273,153.2540,16.8724,28.8723,0.8744,75
95885,Needle EMG,1475.3857,-1.5532,132.8394,10.9362,1.24E-70,0.6694,0.2003,0.0238,1312.6440,1638.1274,-8.6838,5.5773,-70.4629,336.1418,1.4554,20.4170,0.2712,75
85270,Clotting factors (selective use),38.6334,2.7342,-12.9381,-1.5266,8.06E-13,2.26E-18,0.2063,0.0007,28.0583,49.2086,2.1213,3.3471,-33.0042,7.1281,-2.4062,-0.6470,0.6890,75
29826,Arthroscopic shoulder surgical procedure for subacromial decompression,11.7408,1.1230,22.9653,-2.6929,0.1551,0.0296,0.2407,0.0002,-4.4448,27.9264,0.1113,2.1348,-15.3979,61.3284,-4.0940,-1.2917,0.2228,59
85576,Platelet function assay (PFA-100/200),622.6462,11.8373,115.6698,-8.6458,1.05E-39,2.02E-05,0.2432,0.0423,530.1007,715.1917,6.3939,17.2807,-78.5841,309.9238,-16.9927,-0.2989,0.5496,75
92588,"Distortion product otoacoustic emissions, comprehensive diagnostic evaluation",8848.9044,-54.1072,569.2397,112.9682,4.88E-90,0.0065,0.2543,9.87E-06,7986.9233,9710.8855,-93.0649,-15.1495,-409.4524,1547.9317,62.8747,163.0618,0.3018,75
95922,"Vasomotor adrenergic function (e.g., BP response to Valsalva or tilt)",97.9084,14.9017,-64.4731,-26.6545,0.0119,3.79E-17,0.2702,3.47E-29,21.5728,174.2439,11.4326,18.3708,-179.0780,50.1318,-31.3130,-21.9960,0.6540,75
95912,Nerve conduction studies (depending on number of nerves tested),2174.4624,-10.5415,143.7568,29.6718,7.79E-179,0.0020,0.2837,6.91E-07,2024.9982,2323.9266,-17.2427,-3.8402,-119.0858,406.5995,17.9560,41.3877,0.3811,75
82542,Prostaglandin D2 (lab-dependent methodology),13762.3555,-88.4185,-1177.5481,94.2758,5.58E-118,0.0387,0.3431,0.0415,12594.2543,14930.4568,-172.2597,-4.5772,-3611.8015,1256.7053,3.6413,184.9104,0.4567,75
86357,NK cells,2456.2323,34.4232,178.5958,-27.7630,5.75E-110,2.70E-07,0.3634,0.0021,2240.1605,2672.3041,21.3059,47.5405,-206.5163,563.7079,-45.4366,-10.0895,0.6695,75
27786,Closed treatment of distal fibular fracture; without manipulation,67.1162,-1.1873,13.4025,1.9941,5.48E-07,0.0573,0.3899,0.0079,40.8521,93.3802,-2.4117,0.0370,-17.1502,43.9552,0.5236,3.4646,0.1243,67
11106,"Incisional skin biopsy, single lesion",184.1221,10.6772,61.3821,-14.4185,3.60E-17,7.39E-09,0.3925,1.87E-05,141.2898,226.9544,7.0578,14.2966,-79.3116,202.0758,-21.0213,-7.8156,0.2203,63
62270,lumbar puncture,399.2085,-9.0235,-25.2584,7.7683,3.30E-26,1.12E-07,0.4242,6.02E-06,325.3282,473.0888,-12.3563,-5.6906,-87.2014,36.6846,4.4040,11.1326,0.8282,67
85730,aPTT,186325.1753,1478.7745,6297.0496,-2231.8476,0.0000,7.37E-17,0.4357,1.36E-12,178458.4800,194191.8705,1131.2888,1826.2603,-9538.0807,22132.1798,-2848.9482,-1614.7470,0.5007,75
86317,N-protein,19576.3148,85.5330,-839.9753,343.5614,3.33E-229,0.0055,0.4631,3.43E-10,18389.2667,20763.3629,25.1328,145.9332,-3083.6816,1403.7310,236.3053,450.8175,0.8581,75
11104,"Punch skin biopsy, single lesion",1324.6106,-8.4105,75.6030,7.8851,1.22E-130,0.0177,0.4763,0.0972,1217.8574,1431.3638,-15.3604,-1.4605,-132.4491,283.6551,-1.4323,17.2024,0.0324,63
95924,Combined assessment of the autonomic nervous system,773.5721,-3.4879,-36.4768,8.3974,1.20E-31,0.1824,0.4905,0.0060,644.0413,903.1028,-8.6152,1.6393,-140.1645,67.2109,2.4080,14.3868,0.1263,75
75565,Cardiac MRI,122.5028,0.8040,18.5306,2.7194,4.44E-20,0.2264,0.5033,0.0113,96.3387,148.6668,-0.4986,2.1066,-35.7371,72.7983,0.6163,4.8226,0.5393,75
Agg_neurobehavioral,,1624.0394,47.7262,164.7946,-34.8033,1.55E-19,3.80E-07,0.5627,0.0013,1271.9763,1976.1024,29.3070,66.1455,-393.2520,722.8412,-55.9862,-13.6204,0.6334,75
86355,T cells (CD3),2938.6735,40.5898,124.7618,-23.8259,1.83E-98,1.37E-06,0.6009,0.0309,2665.1903,3212.1567,24.1180,57.0615,-342.6336,592.1572,-45.4658,-2.1859,0.6800,75
96132," Neuropsychological testing evaluation services, first hour. ",3479.5766,17.7441,127.5223,102.1906,9.03E-58,0.2144,0.6129,2.24E-10,3053.9110,3905.2421,-10.2690,45.7572,-366.4624,621.5071,70.6176,133.7635,0.8988,63
85260,Clotting factors (selective use),13.1503,0.2404,3.0600,-0.6964,0.0048,0.4268,0.6524,0.0346,4.0056,22.2949,-0.3525,0.8333,-10.2542,16.3741,-1.3423,-0.0505,0.1630,51
96133," Neuropsychological testing evaluation services, each additional hour. ",2364.3737,-15.0253,-81.6207,82.8347,2.80E-54,0.1161,0.6611,1.33E-11,2065.6645,2663.0830,-33.7688,3.7181,-446.5138,283.2723,58.8369,106.8324,0.7489,63
85244,Clotting factors (selective use),70.8546,0.9304,4.8572,1.3236,4.02E-20,0.0046,0.6643,0.0043,55.7390,85.9701,0.2872,1.5736,-17.0789,26.7933,0.4157,2.2316,0.7346,75
28470,Closed treatment of metatarsal fracture; without manipulation,25.3404,0.2072,3.6785,0.7602,0.0002,0.6242,0.7592,0.1667,11.8240,38.8567,-0.6218,1.0362,-19.8446,27.2016,-0.3172,1.8376,0.3426,67
94762,"Pulse oximetry (spot / overnight, sometimes used adjunctively)",4200.0129,-31.0245,-145.0118,34.4485,1.42E-51,0.0897,0.7650,0.0855,3655.1625,4744.8633,-66.8592,4.8103,-1095.8601,805.8365,-4.8199,73.7169,0.2519,75
92553,Tympanometry and acoustic reflex threshold measurements,1799.4603,17.2091,56.7174,-1.5589,4.86E-69,0.0011,0.7871,0.8703,1598.6294,2000.2911,6.8799,27.5384,-354.8041,468.2388,-20.2787,17.1609,0.4066,75
92625,comprehensive tinnitus assessment,57.8053,-0.1796,-6.4396,4.1636,2.49E-23,0.5331,0.8028,0.0416,46.4202,69.1905,-0.7442,0.3851,-56.9800,44.1008,0.1583,8.1689,0.2659,75
96139," Psychological or neuropsychological test administration and scoring by technician, each additional 30 minutes. ",2152.4087,-6.8553,-46.5676,63.1476,2.91E-108,0.3939,0.8157,1.19E-08,1961.5525,2343.2649,-22.6158,8.9051,-438.2136,345.0785,41.4405,84.8547,0.7123,63
93040,"Rhythm ECG (limited, interpretation dependent)",3378.0741,-6.7494,41.2540,10.6618,4.61E-163,0.3317,0.8344,0.2398,3134.7713,3621.3768,-20.3776,6.8787,-345.4665,427.9745,-7.1156,28.4393,0.0177,75
86360,CD4/CD8 subsets,16422.3693,127.5698,-166.6602,-148.4905,5.26E-213,1.64E-05,0.8390,3.31E-05,15389.0314,17455.7073,69.5490,185.5905,-1774.6130,1441.2925,-218.6062,-78.3747,0.3281,75
29827,Arthroscopic shoulder rotator cuff repair,1.7920,0.7375,2.3087,-1.1630,0.7659,0.0207,0.8445,0.0138,-10.0048,13.5888,0.1129,1.3620,-20.7549,25.3723,-2.0891,-0.2369,0.1137,44
85250,Clotting factors (selective use),59.5003,2.1284,-2.1905,2.1720,2.09E-39,1.03E-22,0.8561,8.50E-05,50.6216,68.3790,1.7031,2.5537,-25.8617,21.4807,1.0888,3.2552,0.8136,75
96127," Brief emotional/behavioral assessment, per standardized instrument, with scoring and documentation. ",149097.7078,5606.2088,3567.4631,-1282.6675,6.25E-56,9.49E-21,0.8863,0.2183,130550.7203,167644.6952,4429.9688,6782.4489,-45346.5425,52481.4687,-3324.8983,759.5634,0.8115,75
92552,Pure tone audiogram,61318.6101,1035.3203,-1007.5073,-1241.0980,3.10E-26,0.0005,0.9175,0.0040,49976.7073,72660.5128,455.9809,1614.6597,-20073.4501,18058.4355,-2086.9014,-395.2946,0.2126,75
75574,Cardiac CTA,261.5799,16.4551,-4.0632,37.4710,1.48E-36,2.32E-41,0.9629,3.28E-21,220.9812,302.1786,14.0610,18.8493,-175.4369,167.3104,29.7022,45.2397,0.9313,75
86161,C4,241.7682,7.6205,-1.4668,-4.3412,6.04E-30,5.14E-07,0.9737,0.0102,200.0844,283.4521,4.6459,10.5951,-88.8068,85.8733,-7.6530,-1.0294,0.7184,75
